-- phpMyAdmin SQL Dump
-- version 4.8.0
-- https://www.phpmyadmin.net/
--
-- Host: localhost
-- Generation Time: Oct 01, 2020 at 01:33 PM
-- Server version: 5.6.39
-- PHP Version: 5.6.38

SET SQL_MODE = "NO_AUTO_VALUE_ON_ZERO";
SET AUTOCOMMIT = 0;
START TRANSACTION;
SET time_zone = "+00:00";


/*!40101 SET @OLD_CHARACTER_SET_CLIENT=@@CHARACTER_SET_CLIENT */;
/*!40101 SET @OLD_CHARACTER_SET_RESULTS=@@CHARACTER_SET_RESULTS */;
/*!40101 SET @OLD_COLLATION_CONNECTION=@@COLLATION_CONNECTION */;
/*!40101 SET NAMES utf8mb4 */;

--
-- Database: `trips`
--

-- --------------------------------------------------------

--
-- Table structure for table `account_feedback`
--

DROP TABLE IF EXISTS `account_feedback`;
CREATE TABLE `account_feedback` (
  `feedback_id` int(11) NOT NULL,
  `description` longtext,
  `created_at` datetime NOT NULL,
  `updated_at` datetime NOT NULL,
  `user_id` int(11) DEFAULT NULL
) ENGINE=InnoDB DEFAULT CHARSET=utf8;

--
-- Dumping data for table `account_feedback`
--

INSERT INTO `account_feedback` (`feedback_id`, `description`, `created_at`, `updated_at`, `user_id`) VALUES
(1, 'app is good', '2019-08-07 13:31:41', '2019-08-07 13:31:41', 31),
(2, 'Feedback', '2019-08-27 08:04:21', '2019-08-27 08:04:21', 136),
(3, 'Fe', '2019-09-04 06:53:33', '2019-09-04 06:53:33', 146);

-- --------------------------------------------------------

--
-- Table structure for table `account_tracklogins`
--

DROP TABLE IF EXISTS `account_tracklogins`;
CREATE TABLE `account_tracklogins` (
  `user_track_id` int(11) NOT NULL,
  `user_id` int(11) DEFAULT NULL,
  `token` varchar(255) DEFAULT NULL,
  `gcm_token` varchar(255) DEFAULT NULL,
  `device_id` varchar(255) DEFAULT NULL,
  `device_type` smallint(6) DEFAULT NULL,
  `created_at` datetime NOT NULL,
  `updated_at` datetime NOT NULL
) ENGINE=InnoDB DEFAULT CHARSET=utf8;

-- --------------------------------------------------------

--
-- Table structure for table `account_userdetail`
--

DROP TABLE IF EXISTS `account_userdetail`;
CREATE TABLE `account_userdetail` (
  `user_detail_id` int(11) NOT NULL,
  `user_id` int(11) DEFAULT NULL,
  `user_rand_id` bigint(20) DEFAULT NULL,
  `country_id` int(11) DEFAULT NULL,
  `address` varchar(255) DEFAULT NULL,
  `mobile` varchar(255) DEFAULT NULL,
  `pincode` int(11) DEFAULT NULL,
  `profile_pic` varchar(100) DEFAULT NULL,
  `description` longtext,
  `city_id` int(11) DEFAULT NULL,
  `notify_read` int(11) DEFAULT NULL
) ENGINE=InnoDB DEFAULT CHARSET=utf8;

--
-- Dumping data for table `account_userdetail`
--

INSERT INTO `account_userdetail` (`user_detail_id`, `user_id`, `user_rand_id`, `country_id`, `address`, `mobile`, `pincode`, `profile_pic`, `description`, `city_id`, `notify_read`) VALUES
(1, 1, 416771542155, NULL, 'B-21 Noida', '9310085196', 110022, 'profile_picture/180802/edit-profile_ccUZ3tt.png', NULL, NULL, NULL),
(3, 38, 416774541155, 50, 'New York', 'None', 10007, 'profile_image/no_icons.jpg', 'Testing', NULL, NULL),
(4, 28, 416774541129, 7, 'B-21, Noida Sector 67', '8678678568', 10079, 'profile_image/img4.jpg', '\nWhat is Lorem Ipsum?\n\nLorem Ipsum is simply dummy text of the printing and typesetting industry. Lorem Ipsum has been the industry\'s standard dummy text ever since the 1500s, when an unknown printer took a galley of type and scrambled it to make a type specimen book. It has survived not only five centuries, but also the leap into electronic typesetting, remaining essentially unchanged. It was popularised in the 1960s with the release of Letraset sheets containing Lorem Ipsum passages, and more recently with desktop publishing software like Aldus PageMaker including versions of Lorem Ipsum.\n', NULL, NULL),
(5, 31, 436884541129, 7, 'A-21, Noida Sector 67', '7052458683', 5454, 'profile_image/9.png', '<p>Noida b 93</p>\r\n', 150, NULL),
(7, 47, 442604078156, NULL, NULL, NULL, NULL, 'profile_image/no_icons.jpg', NULL, NULL, NULL),
(8, 48, 769225733810, NULL, NULL, NULL, NULL, 'profile_image/no_icons.jpg', NULL, NULL, NULL),
(10, 50, 333168413054, NULL, NULL, NULL, NULL, 'profile_image/no_icons.jpg', NULL, NULL, NULL),
(11, 51, 638220019262, NULL, NULL, NULL, NULL, 'profile_image/no_icons.jpg', NULL, NULL, NULL),
(18, 97, 827214541079, 7, 'Noida Sector 67', '978978978', 0, 'profile_image/photo_qF4k7gO.png', 'undefined', NULL, NULL),
(47, 126, 543026533848, NULL, NULL, NULL, NULL, 'profile_image/no_icons.jpg', NULL, NULL, NULL),
(48, 127, 267451246762, NULL, NULL, NULL, NULL, 'profile_image/no_icons.jpg', NULL, NULL, NULL),
(49, 128, 698590526521, NULL, NULL, NULL, NULL, 'profile_image/no_icons.jpg', NULL, NULL, NULL),
(50, 129, 924775719203, NULL, NULL, NULL, NULL, 'profile_image/no_icons.jpg', NULL, NULL, NULL),
(51, 130, 524277350271, NULL, NULL, NULL, NULL, 'profile_image/no_icons.jpg', NULL, NULL, NULL),
(52, 131, 566050930852, NULL, NULL, NULL, NULL, 'profile_image/no_icons.jpg', NULL, NULL, NULL),
(53, 132, 957419905142, NULL, NULL, NULL, NULL, 'profile_image/no_icons.jpg', NULL, NULL, NULL),
(54, 133, 187126462516, NULL, NULL, NULL, NULL, 'profile_image/no_icons.jpg', NULL, NULL, NULL),
(55, 134, 968146281515, NULL, NULL, NULL, NULL, 'profile_image/no_icons.jpg', NULL, NULL, NULL),
(56, 135, 210869189520, 7, 'Noida', '55566655555', 0, 'profile_image/photo_Bg2BVWy.png', 'Demo\n', 148, NULL),
(57, 136, 828181622750, 7, 'Noida', '885556799548', 0, 'profile_image/photo_1dhsiQK.png', 'Demo\n', 152, NULL),
(58, 137, 759680301068, NULL, NULL, NULL, NULL, 'profile_image/no_icons.jpg', NULL, NULL, NULL),
(59, 138, 999456130952, NULL, NULL, NULL, NULL, 'profile_image/no_icons.jpg', NULL, NULL, NULL),
(60, 139, 995882456402, 1, 'null', 'null', 0, 'profile_image/photo_HlTmDOp.png', 'null', 117, NULL),
(61, 140, 986794423151, NULL, NULL, NULL, NULL, 'profile_image/no_icons.jpg', NULL, NULL, NULL),
(62, 141, 537508548400, NULL, NULL, NULL, NULL, 'profile_image/no_icons.jpg', NULL, NULL, NULL),
(63, 142, 123204499819, 7, 'null', 'null', 0, 'profile_image/photo_dX21Cmi.png', 'null', 150, NULL),
(64, 143, 143502264152, NULL, NULL, NULL, NULL, 'profile_image/no_icons.jpg', NULL, NULL, NULL),
(65, 144, 777281020453, NULL, NULL, NULL, NULL, 'profile_image/no_icons.jpg', NULL, NULL, NULL),
(66, 145, 415813547764, NULL, NULL, NULL, NULL, 'profile_image/no_icons.jpg', NULL, NULL, NULL),
(67, 146, 748364301680, 7, 'Source soft', '8823568912', 0, 'profile_image/photo_ihSg1of.png', 'Demo', 148, NULL),
(68, 147, 330240701550, 7, 'null', 'null', 0, 'profile_image/photo_ZeXBEL0.png', 'null', 148, NULL),
(69, 148, 339363827269, NULL, 'Noida', '989999999', 0, 'profile_image/photo_wljfoTo.png', '', NULL, NULL),
(70, 149, 472421697094, NULL, 'Noida', '7052458683', 0, 'profile_image/photo_kmEW893.png', 'Noida Delhi', NULL, NULL),
(71, 150, 804467509134, NULL, 'Noida 123', '999999999', 0, 'profile_image/photo_ThIVF7G.png', 'Describe', NULL, NULL),
(72, 151, 507626174931, 7, 'noida', '34567898444', 201301, 'profile_image/11111.jpg', '<p>COMMENTCOMMENTCOMMENTCOMMENTCOMMENTCOMMENT</p>\r\n', 150, NULL),
(73, 152, 896064148399, 7, 'noida', 'None', 201301, 'profile_image/PINK_Zm1NyWz.jpg', '<p>Demo test</p>\r\n', 148, NULL),
(74, 153, 501760490015, NULL, NULL, NULL, NULL, 'profile_image/no_icons.jpg', NULL, NULL, NULL),
(75, 154, 131994131273, NULL, NULL, NULL, NULL, 'profile_image/no_icons.jpg', NULL, NULL, NULL),
(76, 155, 261889932780, 2, 'noida', 'None', 201301, 'profile_image/PINK_TRHymWx.jpg', '<p>None</p>\r\n', 7, NULL),
(77, 156, 797305855432, NULL, NULL, NULL, NULL, 'profile_image/no_icons.jpg', NULL, NULL, NULL),
(78, 157, 420915063060, NULL, NULL, NULL, NULL, 'profile_image/no_icons.jpg', NULL, NULL, NULL),
(79, 158, 767863925033, NULL, NULL, NULL, NULL, 'profile_image/no_icons.jpg', NULL, NULL, NULL),
(80, 159, 602395713478, NULL, NULL, NULL, NULL, 'profile_image/no_icons.jpg', NULL, NULL, NULL),
(81, 160, 340045485747, 7, 'noida', '1', 201301, 'profile_image/download3.jpg', '<p>It is a long established fact that a reader will be distracted by the readable content of a page when looking at its layout. The point of using Lorem Ipsum is that it has a more-or-less normal distribution of letters, as opposed to using &#39;Content here, content here&#39;, making it look like readable English. Many desktop publishing packages and web page editors now use Lorem Ipsum as their default model text, and a search for &#39;lorem ipsum&#39; will uncover many web sites still in their infancy.&nbsp;It is a long established fact that a reader will be distracted by the readable content of a page when looking at its layout. The point of using Lorem Ipsum is that it has a more-or-less normal distribution of letters, as opposed to using &#39;Content here, content here&#39;, making it look like readable English. Many desktop publishing packages and web page editors now use Lorem Ipsum as their default model text, and a search for &#39;lorem ipsum&#39; will uncover many web sites still in their infancy.&nbsp;It is a long established fact that a reader will be distracted by the readable content of a page when looking at its layout. The point of using Lorem Ipsum is that it has a more-or-less normal distribution of letters, as opposed to using &#39;Content here, content here&#39;, making it look like readable English. Many desktop publishing packages and web page editors now use Lorem Ipsum as their default model text, and a search for &#39;lorem ipsum&#39; will uncover many web sites still in their infancy.&nbsp;It is a long established fact that a reader will be distracted by the readable content of a page when looking at its layout. The point of using Lorem Ipsum is that it has a more-or-less normal distribution of letters, as opposed to using &#39;Content here, content here&#39;, making it look like readable English. Many desktop publishing packages and web page editors now use Lorem Ipsum as their default model text, and a search for &#39;lorem ipsum&#39; will uncover many web sites still in their infancy.&nbsp;It is a long established fact that a reader will be distracted by the readable content of a page when looking at its layout. The point of using Lorem Ipsum is that it has a more-or-less normal distribution of letters, as opposed to using &#39;Content here, content here&#39;, making it look like readable English. Many desktop publishing packages and web page editors now use Lorem Ipsum as their default model text, and a search for &#39;lorem ipsum&#39; will uncover many web sites still in their infancy.&nbsp;</p>\r\n', NULL, NULL),
(82, 161, 441541685629, 7, 'jaipur ', '1234567891', 201301, 'profile_image/download.jpg', '<p><strong>Lorem Ipsum</strong>&nbsp;is simply dummy text of the printing and typesetting industry. Lorem Ipsum has been the industry&#39;s standard dummy text ever since the 1500s, when an unknown printer took a galley of type and scrambled it to make a type specimen book. It has survived not only five centuries, but also the leap into electronic typesetting, remaining essentially unchanged. It was popularised in the 1960s with the release of Letraset sheets containing Lorem Ipsum passages, and more recently with desktop publishing software like Aldus PageMaker including versions of Lorem Ipsum.</p>\r\n\r\n<p><strong>Lorem Ipsum</strong>&nbsp;is simply dummy text of the printing and typesetting industry. Lorem Ipsum has been the industry&#39;s standard dummy text ever since the 1500s, when an unknown printer took a galley of type and scrambled it to make a type specimen book. It has survived not only five centuries, but also the leap into electronic typesetting, remaining essentially unchanged. It was popularised in the 1960s with the release of Letraset sheets containing Lorem Ipsum passages, and more recently with desktop publishing software like Aldus PageMaker including versions of Lorem Ipsum.</p>\r\n\r\n<p><strong>Lorem Ipsum</strong>&nbsp;is simply dummy text of the printing and typesetting industry. Lorem Ipsum has been the industry&#39;s standard dummy text ever since the 1500s, when an unknown printer took a galley of type and scrambled it to make a type specimen book. It has survived not only five centuries, but also the leap into electronic typesetting, remaining essentially unchanged. It was popularised in the 1960s with the release of Letraset sheets containing Lorem Ipsum passages, and more recently with desktop publishing software like Aldus PageMaker including versions of Lorem Ipsum.</p>\r\n', 161, NULL),
(83, 162, 541754636742, 7, ' ', '1234567892 ', 201301, 'profile_image/download1.jpg', '<p>None</p>\r\n', 158, NULL),
(84, 163, 806670724150, 7, '', '9876543210', 987654, 'profile_image/download2.jpg', '<p>None</p>\r\n', 159, NULL),
(85, 164, 972850160337, 7, '   ', '9876543217   ', 201301, 'profile_image/download9.jpg', '<p>None</p>\r\n', 162, NULL),
(86, 165, 257640113995, 7, ' ', '9638527412 ', 201301, 'profile_image/download1_VTHOA4N.jpg', '<p>None<strong>m Ipsum</strong>&nbsp;is simply dummy text of the printing and typesetting industry. Lorem Ipsum has been the industry&#39;s standard dummy text ever since the 1500s, when an unknown printer took a galley of type and scrambled it to make a type specimen book. It has survived not only five centuries, but also the leap into electronic typesetting, remaining essentially unchanged. It was popularised in the 1960s with the release of Letraset sheets containing Lorem Ipsum passages, and more recently with desktop publishing software like&nbsp;</p>\r\n', 164, NULL),
(87, 166, 889506690786, NULL, NULL, NULL, NULL, 'profile_image/no_icons.jpg', NULL, NULL, NULL);

-- --------------------------------------------------------

--
-- Table structure for table `account_userfollowunfollow`
--

DROP TABLE IF EXISTS `account_userfollowunfollow`;
CREATE TABLE `account_userfollowunfollow` (
  `id` int(11) NOT NULL,
  `user_id` int(11) DEFAULT NULL,
  `created_at` datetime NOT NULL,
  `updated_at` datetime NOT NULL,
  `followed_id` int(11) DEFAULT NULL
) ENGINE=InnoDB DEFAULT CHARSET=utf8;

--
-- Dumping data for table `account_userfollowunfollow`
--

INSERT INTO `account_userfollowunfollow` (`id`, `user_id`, `created_at`, `updated_at`, `followed_id`) VALUES
(2, 133, '2019-08-08 11:14:29', '2019-08-08 11:14:29', 132),
(15, 135, '2019-08-13 08:19:31', '2019-08-13 08:19:31', 133),
(28, 137, '2019-08-27 07:43:38', '2019-08-27 07:43:38', 136),
(30, 138, '2019-08-28 06:31:02', '2019-08-28 06:31:02', 136),
(32, 132, '2019-08-28 07:49:44', '2019-08-28 07:49:44', 133),
(38, 31, '2019-09-02 12:53:04', '2019-09-02 12:53:04', 28),
(39, 31, '2019-09-02 12:53:50', '2019-09-02 12:53:50', 97),
(40, 97, '2019-09-03 07:54:15', '2019-09-03 07:54:15', 146),
(41, 146, '2019-09-03 07:54:31', '2019-09-03 07:54:31', 97),
(45, 143, '2019-09-05 12:27:09', '2019-09-05 12:27:09', 31),
(46, 152, '2019-10-03 05:15:36', '2019-10-03 05:15:36', 151),
(48, 151, '2019-10-04 05:12:41', '2019-10-04 05:12:41', 152),
(50, 151, '2019-10-21 12:38:31', '2019-10-21 12:38:31', 154),
(51, 154, '2019-10-21 12:42:04', '2019-10-21 12:42:04', 151),
(54, 156, '2019-11-06 11:30:41', '2019-11-06 11:30:41', 155),
(55, 28, '2020-04-27 14:49:13', '2020-04-27 14:49:13', 31),
(57, 31, '2020-04-29 07:16:31', '2020-04-29 07:16:31', 160),
(58, 160, '2020-04-29 07:26:53', '2020-04-29 07:26:53', 31),
(59, 159, '2020-05-01 08:28:03', '2020-05-01 08:28:03', 162),
(60, 128, '2020-05-07 11:45:16', '2020-05-07 11:45:16', 163),
(61, 164, '2020-05-12 06:16:31', '2020-05-12 06:16:31', 165);

-- --------------------------------------------------------

--
-- Table structure for table `account_userupdate`
--

DROP TABLE IF EXISTS `account_userupdate`;
CREATE TABLE `account_userupdate` (
  `id` int(11) NOT NULL,
  `oldpassword` varchar(255) NOT NULL,
  `user_id` int(11) NOT NULL
) ENGINE=InnoDB DEFAULT CHARSET=utf8;

-- --------------------------------------------------------

--
-- Table structure for table `authtoken_token`
--

DROP TABLE IF EXISTS `authtoken_token`;
CREATE TABLE `authtoken_token` (
  `key` varchar(40) NOT NULL,
  `user_id` int(11) NOT NULL,
  `created` datetime NOT NULL
) ENGINE=InnoDB DEFAULT CHARSET=utf8;

--
-- Dumping data for table `authtoken_token`
--

INSERT INTO `authtoken_token` (`key`, `user_id`, `created`) VALUES
('00104b06aee7449623b512507789ac20f38d705a', 97, '2019-09-17 09:30:21'),
('0ab4694c98095ea46c4aa5928a8fe75ff35f813e', 130, '2019-07-29 13:33:39'),
('0bdf973341fe0b2f213620aaa535b8b9d1bffba3', 158, '2020-03-06 07:45:51'),
('11727afc81bcdcd4bcd74565d944ebadff8d5aa6', 161, '2020-04-30 06:20:45'),
('1544f406e6a4cb3ab09f09a0884f534b349e95bf', 166, '2020-05-12 13:41:43'),
('2602f483255c1531a8ab5051005adfab1b667a51', 132, '2019-08-08 09:28:25'),
('329a9ef2d7f62ca05d1831098f5d5174cbbe3eb7', 160, '2020-04-28 07:10:43'),
('33c60bc24058f3bb97ac1a78cb86df03e87ba2a8', 140, '2019-08-29 08:48:28'),
('33dd46f1c6c78b9a29bab3f97407fe00513d8eb9', 135, '2019-08-13 07:44:42'),
('340c8b06cf181a65456d2473e5fb63c1c5a2f36b', 156, '2019-11-04 07:40:15'),
('3e75232bd1ba9ddb6bc9c84a2880b777df3d79b3', 155, '2019-11-04 06:07:03'),
('42324379903a016f599e93d2af8b04e8b681445e', 131, '2019-08-08 08:31:53'),
('4b302eb5b35391ce1125ec6c497e3fbb5494c295', 129, '2019-07-29 13:17:33'),
('62539b118ce2a4281f6e08e18c677dee8114d2b0', 149, '2019-09-11 09:44:03'),
('7a039b0399851bc9f2a40495cbdfd70e1b0b4512', 31, '2019-09-18 07:32:28'),
('8099c5a7ac083ca942bac56fff3949831b754a3f', 139, '2019-08-29 08:27:56'),
('82c9cddcc6cb76d1d58248e053e2027c794abf2d', 136, '2019-08-26 11:05:59'),
('98a823a1204cddaf6df5e21a31b74d84d5482ba2', 145, '2019-09-02 08:16:39'),
('a6059b305a837b40df938c3de4a0497494dc5c47', 164, '2020-05-11 11:55:01'),
('aae4c393307d1b9ba8410f47ddaf8312c235f724', 152, '2019-10-03 05:13:20'),
('ab804950a0a468d8b4c118a135d37650fe3f043a', 127, '2019-07-22 15:39:48'),
('ad045a7afaa661bf120b8e821a6e725e04e2d4bb', 159, '2020-03-11 05:47:08'),
('b06eedc755e6209171f94c94b3f3dd3f55d77347', 157, '2020-02-19 07:55:17'),
('b178bd0313acc9c91db7cf26541a6567636736da', 126, '2019-07-15 18:27:18'),
('b8021418a0af6e17a361c04e1cad3611066e4c54', 162, '2020-04-30 14:21:05'),
('bbd1234850e1086c01f05e73e3b6616fb9b8bf62', 153, '2019-10-15 13:07:03'),
('bd307e1891829fe16dd587d4d4457b6eac4bd3ed', 146, '2019-09-03 07:50:36'),
('c912e37b85631407069bae2d57f5b04590d156c5', 163, '2020-05-05 13:59:12'),
('c9ef3606ad152a3b8a84b01a46e8b70339d3ddcb', 28, '0000-00-00 00:00:00'),
('ccf1cd7cc6755a728e115c2bb5d1724e24241732', 134, '2019-08-09 15:37:46'),
('d22c0d3537a0a9669d081712285a344bd7953444', 154, '2019-10-21 12:42:37'),
('d26f1f8787afe9ce42ec774b8f7eb4fdcae0a359', 144, '2019-08-31 05:34:26'),
('e162c883992f220779c5a7aa7dfaa0bedffe8c97', 137, '2019-08-26 11:31:47'),
('e6d47ed5393280888d69b024df5c7a4567ef3c47', 128, '2019-07-29 13:12:38'),
('eb04c1b4e6a9c3c3bc80d1f1bcfb0a7df4ed2c1f', 138, '2019-08-27 12:35:19'),
('eb7e562a582e05469e6db492bd73f2e30499fca8', 151, '2020-03-18 07:51:18'),
('ebbc02f42eca2cc5cd40c5f84ec6631e5c1ad8e9', 38, '2019-06-11 12:31:54'),
('f12618a028e9a97cc32d2d4c3cf5145de0b2c2d3', 133, '2019-08-08 09:37:00'),
('fb53549d51eab01d2f3688dc8de9e5077bca65d6', 165, '2020-05-12 05:59:09'),
('fd3f1a58b1c64f7efd03cfa4d4b65502d0928083', 143, '2019-08-30 09:35:06');

-- --------------------------------------------------------

--
-- Table structure for table `auth_group`
--

DROP TABLE IF EXISTS `auth_group`;
CREATE TABLE `auth_group` (
  `id` int(11) NOT NULL,
  `name` varchar(80) NOT NULL
) ENGINE=InnoDB DEFAULT CHARSET=utf8;

-- --------------------------------------------------------

--
-- Table structure for table `auth_group_permissions`
--

DROP TABLE IF EXISTS `auth_group_permissions`;
CREATE TABLE `auth_group_permissions` (
  `id` int(11) NOT NULL,
  `group_id` int(11) NOT NULL,
  `permission_id` int(11) NOT NULL
) ENGINE=InnoDB DEFAULT CHARSET=utf8;

-- --------------------------------------------------------

--
-- Table structure for table `auth_permission`
--

DROP TABLE IF EXISTS `auth_permission`;
CREATE TABLE `auth_permission` (
  `id` int(11) NOT NULL,
  `name` varchar(255) NOT NULL,
  `content_type_id` int(11) NOT NULL,
  `codename` varchar(100) NOT NULL
) ENGINE=InnoDB DEFAULT CHARSET=utf8;

--
-- Dumping data for table `auth_permission`
--

INSERT INTO `auth_permission` (`id`, `name`, `content_type_id`, `codename`) VALUES
(1, 'Can add log entry', 1, 'add_logentry'),
(2, 'Can change log entry', 1, 'change_logentry'),
(3, 'Can delete log entry', 1, 'delete_logentry'),
(4, 'Can add group', 2, 'add_group'),
(5, 'Can change group', 2, 'change_group'),
(6, 'Can delete group', 2, 'delete_group'),
(7, 'Can add permission', 3, 'add_permission'),
(8, 'Can change permission', 3, 'change_permission'),
(9, 'Can delete permission', 3, 'delete_permission'),
(10, 'Can add user', 4, 'add_user'),
(11, 'Can change user', 4, 'change_user'),
(12, 'Can delete user', 4, 'delete_user'),
(13, 'Can add content type', 5, 'add_contenttype'),
(14, 'Can change content type', 5, 'change_contenttype'),
(15, 'Can delete content type', 5, 'delete_contenttype'),
(16, 'Can add session', 6, 'add_session'),
(17, 'Can change session', 6, 'change_session'),
(18, 'Can delete session', 6, 'delete_session'),
(19, 'Can add continents', 8, 'add_continents'),
(20, 'Can change continents', 8, 'change_continents'),
(21, 'Can delete continents', 8, 'delete_continents'),
(22, 'Can add testimonials', 7, 'add_testimonials'),
(23, 'Can change testimonials', 7, 'change_testimonials'),
(24, 'Can delete testimonials', 7, 'delete_testimonials'),
(25, 'Can add continents', 9, 'add_continents'),
(26, 'Can change continents', 9, 'change_continents'),
(27, 'Can delete continents', 9, 'delete_continents'),
(28, 'Can add city', 10, 'add_city'),
(29, 'Can change city', 10, 'change_city'),
(30, 'Can delete city', 10, 'delete_city'),
(31, 'Can add country', 11, 'add_country'),
(32, 'Can change country', 11, 'change_country'),
(33, 'Can delete country', 11, 'delete_country'),
(34, 'Can add city', 12, 'add_city'),
(35, 'Can change city', 12, 'change_city'),
(36, 'Can delete city', 12, 'delete_city'),
(37, 'Can add country', 13, 'add_country'),
(38, 'Can change country', 13, 'change_country'),
(39, 'Can delete country', 13, 'delete_country'),
(40, 'Can add pages', 14, 'add_pages'),
(41, 'Can change pages', 14, 'change_pages'),
(42, 'Can delete pages', 14, 'delete_pages'),
(43, 'Can add member', 15, 'add_member'),
(44, 'Can change member', 15, 'change_member'),
(45, 'Can delete member', 15, 'delete_member'),
(46, 'Can add slider', 16, 'add_slider'),
(47, 'Can change slider', 16, 'change_slider'),
(48, 'Can delete slider', 16, 'delete_slider'),
(49, 'Can add social link', 17, 'add_sociallink'),
(50, 'Can change social link', 17, 'change_sociallink'),
(51, 'Can delete social link', 17, 'delete_sociallink'),
(52, 'Can add dining preferences', 18, 'add_diningpreferences'),
(53, 'Can change dining preferences', 18, 'change_diningpreferences'),
(54, 'Can delete dining preferences', 18, 'delete_diningpreferences'),
(55, 'Can add months', 19, 'add_months'),
(56, 'Can change months', 19, 'change_months'),
(57, 'Can delete months', 19, 'delete_months'),
(58, 'Can add places', 20, 'add_places'),
(59, 'Can change places', 20, 'change_places'),
(60, 'Can delete places', 20, 'delete_places'),
(61, 'Can add preferences', 21, 'add_preferences'),
(62, 'Can change preferences', 21, 'change_preferences'),
(63, 'Can delete preferences', 21, 'delete_preferences'),
(64, 'Can add rating', 22, 'add_rating'),
(65, 'Can change rating', 22, 'change_rating'),
(66, 'Can delete rating', 22, 'delete_rating'),
(67, 'Can add searching for', 23, 'add_searchingfor'),
(68, 'Can change searching for', 23, 'change_searchingfor'),
(69, 'Can delete searching for', 23, 'delete_searchingfor'),
(70, 'Can add stay plan', 24, 'add_stayplan'),
(71, 'Can change stay plan', 24, 'change_stayplan'),
(72, 'Can delete stay plan', 24, 'delete_stayplan'),
(73, 'Can add traveling for', 25, 'add_travelingfor'),
(74, 'Can change traveling for', 25, 'change_travelingfor'),
(75, 'Can delete traveling for', 25, 'delete_travelingfor'),
(76, 'Can add traveling with', 26, 'add_travelingwith'),
(77, 'Can change traveling with', 26, 'change_travelingwith'),
(78, 'Can delete traveling with', 26, 'delete_travelingwith'),
(79, 'Can add rating type', 22, 'add_ratingtype'),
(80, 'Can change rating type', 22, 'change_ratingtype'),
(81, 'Can delete rating type', 22, 'delete_ratingtype'),
(82, 'Can add setting', 27, 'add_setting'),
(83, 'Can change setting', 27, 'change_setting'),
(84, 'Can delete setting', 27, 'delete_setting'),
(85, 'Can add configure', 27, 'add_configure'),
(86, 'Can change configure', 27, 'change_configure'),
(87, 'Can delete configure', 27, 'delete_configure'),
(88, 'Can add stayed at', 28, 'add_stayedat'),
(89, 'Can change stayed at', 28, 'change_stayedat'),
(90, 'Can delete stayed at', 28, 'delete_stayedat'),
(91, 'Can add transportation', 29, 'add_transportation'),
(92, 'Can change transportation', 29, 'change_transportation'),
(93, 'Can delete transportation', 29, 'delete_transportation'),
(94, 'Can add carrier', 30, 'add_carrier'),
(95, 'Can change carrier', 30, 'change_carrier'),
(96, 'Can delete carrier', 30, 'delete_carrier'),
(97, 'Can add dayby day itinerary', 31, 'add_daybydayitinerary'),
(98, 'Can change dayby day itinerary', 31, 'change_daybydayitinerary'),
(99, 'Can delete dayby day itinerary', 31, 'delete_daybydayitinerary'),
(100, 'Can add itinerary', 32, 'add_itinerary'),
(101, 'Can change itinerary', 32, 'change_itinerary'),
(102, 'Can delete itinerary', 32, 'delete_itinerary'),
(103, 'Can add user detail', 33, 'add_userdetail'),
(104, 'Can change user detail', 33, 'change_userdetail'),
(105, 'Can delete user detail', 33, 'delete_userdetail'),
(106, 'Can add other travels', 34, 'add_othertravels'),
(107, 'Can change other travels', 34, 'change_othertravels'),
(108, 'Can delete other travels', 34, 'delete_othertravels'),
(109, 'Can add review', 35, 'add_review'),
(110, 'Can change review', 35, 'change_review'),
(111, 'Can delete review', 35, 'delete_review'),
(112, 'Can add itinerary likes', 36, 'add_itinerarylikes'),
(113, 'Can change itinerary likes', 36, 'change_itinerarylikes'),
(114, 'Can delete itinerary likes', 36, 'delete_itinerarylikes'),
(115, 'Can add user detail', 37, 'add_userdetail'),
(116, 'Can change user detail', 37, 'change_userdetail'),
(117, 'Can delete user detail', 37, 'delete_userdetail'),
(118, 'Can add menu', 38, 'add_menu'),
(119, 'Can change menu', 38, 'change_menu'),
(120, 'Can delete menu', 38, 'delete_menu'),
(121, 'Can add page', 39, 'add_page'),
(122, 'Can change page', 39, 'change_page'),
(123, 'Can delete page', 39, 'delete_page'),
(124, 'Can add itinerary activitytips', 40, 'add_itineraryactivitytips'),
(125, 'Can change itinerary activitytips', 40, 'change_itineraryactivitytips'),
(126, 'Can delete itinerary activitytips', 40, 'delete_itineraryactivitytips'),
(127, 'Can add itinerary diningtips', 41, 'add_itinerarydiningtips'),
(128, 'Can change itinerary diningtips', 41, 'change_itinerarydiningtips'),
(129, 'Can delete itinerary diningtips', 41, 'delete_itinerarydiningtips'),
(130, 'Can add activities', 42, 'add_activities'),
(131, 'Can change activities', 42, 'change_activities'),
(132, 'Can delete activities', 42, 'delete_activities'),
(133, 'Can add arrival', 43, 'add_arrival'),
(134, 'Can change arrival', 43, 'change_arrival'),
(135, 'Can delete arrival', 43, 'delete_arrival'),
(136, 'Can add dayby day', 44, 'add_daybyday'),
(137, 'Can change dayby day', 44, 'change_daybyday'),
(138, 'Can delete dayby day', 44, 'delete_daybyday'),
(139, 'Can add lodgingphoto', 45, 'add_lodgingphoto'),
(140, 'Can change lodgingphoto', 45, 'change_lodgingphoto'),
(141, 'Can delete lodgingphoto', 45, 'delete_lodgingphoto'),
(142, 'Can add lodgingtips', 46, 'add_lodgingtips'),
(143, 'Can change lodgingtips', 46, 'change_lodgingtips'),
(144, 'Can delete lodgingtips', 46, 'delete_lodgingtips'),
(145, 'Can add share photo', 47, 'add_sharephoto'),
(146, 'Can change share photo', 47, 'change_sharephoto'),
(147, 'Can delete share photo', 47, 'delete_sharephoto'),
(148, 'Can add transportation', 48, 'add_transportation'),
(149, 'Can change transportation', 48, 'change_transportation'),
(150, 'Can delete transportation', 48, 'delete_transportation'),
(151, 'Can add itinerary country', 49, 'add_itinerarycountry'),
(152, 'Can change itinerary country', 49, 'change_itinerarycountry'),
(153, 'Can delete itinerary country', 49, 'delete_itinerarycountry'),
(154, 'Can add transportationtips', 48, 'add_transportationtips'),
(155, 'Can change transportationtips', 48, 'change_transportationtips'),
(156, 'Can delete transportationtips', 48, 'delete_transportationtips'),
(157, 'Can add dayby dayadddays', 50, 'add_daybydayadddays'),
(158, 'Can change dayby dayadddays', 50, 'change_daybydayadddays'),
(159, 'Can delete dayby dayadddays', 50, 'delete_daybydayadddays'),
(160, 'Can add dayby day activities', 42, 'add_daybydayactivities'),
(161, 'Can change dayby day activities', 42, 'change_daybydayactivities'),
(162, 'Can delete dayby day activities', 42, 'delete_daybydayactivities'),
(163, 'Can add daybyday activitytips', 40, 'add_daybydayactivitytips'),
(164, 'Can change daybyday activitytips', 40, 'change_daybydayactivitytips'),
(165, 'Can delete daybyday activitytips', 40, 'delete_daybydayactivitytips'),
(166, 'Can add diningtips', 41, 'add_diningtips'),
(167, 'Can change diningtips', 41, 'change_diningtips'),
(168, 'Can delete diningtips', 41, 'delete_diningtips'),
(169, 'Can add itinerary city', 51, 'add_itinerarycity'),
(170, 'Can change itinerary city', 51, 'change_itinerarycity'),
(171, 'Can delete itinerary city', 51, 'delete_itinerarycity'),
(172, 'Can add favorites itinerary', 52, 'add_favoritesitinerary'),
(173, 'Can change favorites itinerary', 52, 'change_favoritesitinerary'),
(174, 'Can delete favorites itinerary', 52, 'delete_favoritesitinerary'),
(175, 'Can view log entry', 1, 'view_logentry'),
(176, 'Can view permission', 3, 'view_permission'),
(177, 'Can view group', 2, 'view_group'),
(178, 'Can view user', 4, 'view_user'),
(179, 'Can view content type', 5, 'view_contenttype'),
(180, 'Can view session', 6, 'view_session'),
(181, 'Can view configure', 27, 'view_configure'),
(182, 'Can view dining preferences', 18, 'view_diningpreferences'),
(183, 'Can view months', 19, 'view_months'),
(184, 'Can view places', 20, 'view_places'),
(185, 'Can view preferences', 21, 'view_preferences'),
(186, 'Can view rating type', 22, 'view_ratingtype'),
(187, 'Can view searching for', 23, 'view_searchingfor'),
(188, 'Can view slider', 16, 'view_slider'),
(189, 'Can view stay plan', 24, 'view_stayplan'),
(190, 'Can view traveling for', 25, 'view_travelingfor'),
(191, 'Can view traveling with', 26, 'view_travelingwith'),
(192, 'Can view stayed at', 28, 'view_stayedat'),
(193, 'Can view transportation', 29, 'view_transportation'),
(194, 'Can view carrier', 30, 'view_carrier'),
(195, 'Can view continents', 8, 'view_continents'),
(196, 'Can view city', 12, 'view_city'),
(197, 'Can view country', 13, 'view_country'),
(198, 'Can view menu', 38, 'view_menu'),
(199, 'Can view page', 39, 'view_page'),
(200, 'Can view arrival', 43, 'view_arrival'),
(201, 'Can view dayby day', 44, 'view_daybyday'),
(202, 'Can view itinerary', 32, 'view_itinerary'),
(203, 'Can view lodgingphoto', 45, 'view_lodgingphoto'),
(204, 'Can view lodgingtips', 46, 'view_lodgingtips'),
(205, 'Can view other travels', 34, 'view_othertravels'),
(206, 'Can view review', 35, 'view_review'),
(207, 'Can view share photo', 47, 'view_sharephoto'),
(208, 'Can view transportationtips', 48, 'view_transportationtips'),
(209, 'Can view dayby dayadddays', 50, 'view_daybydayadddays'),
(210, 'Can view dayby day activities', 42, 'view_daybydayactivities'),
(211, 'Can view daybyday activitytips', 40, 'view_daybydayactivitytips'),
(212, 'Can view diningtips', 41, 'view_diningtips'),
(213, 'Can view itinerary city', 51, 'view_itinerarycity'),
(214, 'Can view favorites itinerary', 52, 'view_favoritesitinerary'),
(215, 'Can view city', 10, 'view_city'),
(216, 'Can view continents', 9, 'view_continents'),
(217, 'Can view country', 11, 'view_country'),
(218, 'Can view pages', 14, 'view_pages'),
(219, 'Can view user detail', 37, 'view_userdetail'),
(220, 'Can add meals price', 53, 'add_mealsprice'),
(221, 'Can change meals price', 53, 'change_mealsprice'),
(222, 'Can delete meals price', 53, 'delete_mealsprice'),
(223, 'Can add trip', 54, 'add_trip'),
(224, 'Can change trip', 54, 'change_trip'),
(225, 'Can delete trip', 54, 'delete_trip'),
(226, 'Can add leverage trips', 55, 'add_leveragetrips'),
(227, 'Can change leverage trips', 55, 'change_leveragetrips'),
(228, 'Can delete leverage trips', 55, 'delete_leveragetrips'),
(229, 'Can add tripstatus', 56, 'add_tripstatus'),
(230, 'Can change tripstatus', 56, 'change_tripstatus'),
(231, 'Can delete tripstatus', 56, 'delete_tripstatus'),
(232, 'Can add ittransportation', 57, 'add_ittransportation'),
(233, 'Can change ittransportation', 57, 'change_ittransportation'),
(234, 'Can delete ittransportation', 57, 'delete_ittransportation'),
(235, 'Can add ittransportationtrips', 58, 'add_ittransportationtrips'),
(236, 'Can change ittransportationtrips', 58, 'change_ittransportationtrips'),
(237, 'Can delete ittransportationtrips', 58, 'delete_ittransportationtrips'),
(238, 'Can add dayby dayaddphotos', 59, 'add_daybydayaddphotos'),
(239, 'Can change dayby dayaddphotos', 59, 'change_daybydayaddphotos'),
(240, 'Can delete dayby dayaddphotos', 59, 'delete_daybydayaddphotos'),
(241, 'Can add Token', 60, 'add_token'),
(242, 'Can change Token', 60, 'change_token'),
(243, 'Can delete Token', 60, 'delete_token'),
(244, 'Can add track logins', 61, 'add_tracklogins'),
(245, 'Can change track logins', 61, 'change_tracklogins'),
(246, 'Can delete track logins', 61, 'delete_tracklogins'),
(247, 'Can add trips following', 62, 'add_tripsfollowing'),
(248, 'Can change trips following', 62, 'change_tripsfollowing'),
(249, 'Can delete trips following', 62, 'delete_tripsfollowing'),
(250, 'Can add trips follower', 63, 'add_tripsfollower'),
(251, 'Can change trips follower', 63, 'change_tripsfollower'),
(252, 'Can delete trips follower', 63, 'delete_tripsfollower'),
(253, 'Can add user follower', 63, 'add_userfollower'),
(254, 'Can change user follower', 63, 'change_userfollower'),
(255, 'Can delete user follower', 63, 'delete_userfollower'),
(256, 'Can add user following', 62, 'add_userfollowing'),
(257, 'Can change user following', 62, 'change_userfollowing'),
(258, 'Can delete user following', 62, 'delete_userfollowing'),
(259, 'Can add likes itinerary', 64, 'add_likesitinerary'),
(260, 'Can change likes itinerary', 64, 'change_likesitinerary'),
(261, 'Can delete likes itinerary', 64, 'delete_likesitinerary'),
(262, 'Can add inspiration', 65, 'add_inspiration'),
(263, 'Can change inspiration', 65, 'change_inspiration'),
(264, 'Can delete inspiration', 65, 'delete_inspiration'),
(265, 'Can add inspiration review', 66, 'add_inspirationreview'),
(266, 'Can change inspiration review', 66, 'change_inspirationreview'),
(267, 'Can delete inspiration review', 66, 'delete_inspirationreview'),
(268, 'Can add inspiration favorites', 67, 'add_inspirationfavorites'),
(269, 'Can change inspiration favorites', 67, 'change_inspirationfavorites'),
(270, 'Can delete inspiration favorites', 67, 'delete_inspirationfavorites'),
(271, 'Can add inspiration likes', 68, 'add_inspirationlikes'),
(272, 'Can change inspiration likes', 68, 'change_inspirationlikes'),
(273, 'Can delete inspiration likes', 68, 'delete_inspirationlikes'),
(274, 'Can add user update', 69, 'add_userupdate'),
(275, 'Can change user update', 69, 'change_userupdate'),
(276, 'Can delete user update', 69, 'delete_userupdate'),
(277, 'Can add user follow unfollow', 70, 'add_userfollowunfollow'),
(278, 'Can change user follow unfollow', 70, 'change_userfollowunfollow'),
(279, 'Can delete user follow unfollow', 70, 'delete_userfollowunfollow'),
(280, 'Can add comment', 71, 'add_comment'),
(281, 'Can change comment', 71, 'change_comment'),
(282, 'Can delete comment', 71, 'delete_comment'),
(283, 'Can add feedback', 72, 'add_feedback'),
(284, 'Can change feedback', 72, 'change_feedback'),
(285, 'Can delete feedback', 72, 'delete_feedback'),
(286, 'Can add insp comment', 73, 'add_inspcomment'),
(287, 'Can change insp comment', 73, 'change_inspcomment'),
(288, 'Can delete insp comment', 73, 'delete_inspcomment'),
(289, 'Can add FCM device', 74, 'add_fcmdevice'),
(290, 'Can change FCM device', 74, 'change_fcmdevice'),
(291, 'Can delete FCM device', 74, 'delete_fcmdevice'),
(292, 'Can add notification', 75, 'add_notification'),
(293, 'Can change notification', 75, 'change_notification'),
(294, 'Can delete notification', 75, 'delete_notification');

-- --------------------------------------------------------

--
-- Table structure for table `auth_user`
--

DROP TABLE IF EXISTS `auth_user`;
CREATE TABLE `auth_user` (
  `id` int(11) NOT NULL,
  `first_name` varchar(30) NOT NULL,
  `last_name` varchar(150) NOT NULL,
  `username` varchar(150) NOT NULL,
  `email` varchar(254) NOT NULL,
  `password` varchar(128) NOT NULL,
  `is_staff` tinyint(1) NOT NULL,
  `is_superuser` tinyint(1) NOT NULL,
  `last_login` datetime DEFAULT NULL,
  `is_active` tinyint(1) NOT NULL,
  `date_joined` datetime NOT NULL
) ENGINE=InnoDB DEFAULT CHARSET=utf8;

--
-- Dumping data for table `auth_user`
--

INSERT INTO `auth_user` (`id`, `first_name`, `last_name`, `username`, `email`, `password`, `is_staff`, `is_superuser`, `last_login`, `is_active`, `date_joined`) VALUES
(1, 'Trips', 'Itneraries', 'admin@trips.com', 'admin@trips.com', 'pbkdf2_sha256$100000$xbFBJlcue7j0$lGtPuAN6JGAi2SHeMStmdurdG7wruKPMdlXUBzJHmoM=', 1, 1, '2020-03-10 19:28:03', 1, '2018-06-01 09:31:41'),
(28, 'Pravin', 'Kumar', 'pravinkr@sourcesoftsolutions.com', 'pravinkr@sourcesoftsolutions.com', 'pbkdf2_sha256$100000$C3DX4hf4YaGB$ZRywBhA8gc9vRQQgwD1ETHxnu+I08/M1nq0qJSw+CUE=', 1, 0, '2019-06-04 14:41:38', 1, '2018-08-09 09:50:37'),
(31, 'Shubham', 'Kumar', 'shubham@sourcesoftsolutions.com', 'shubham@sourcesoftsolutions.com', 'pbkdf2_sha256$100000$ilTLzluymnRi$y86b5fo8EfSpih+4Eo0dpIPoL6+hS5DXmLeb+gt3054=', 1, 0, '2020-08-25 12:27:38', 1, '2018-10-04 13:27:49'),
(38, 'Kellie', 'Johnson', 'kellieelizabeth22@gmail.com', 'kellieelizabeth22@gmail.com', 'pbkdf2_sha256$100000$6ujripvAdFlo$qGeLOFPGILcgTVU1WAJTvU1Cn7cZW2tBadU2KDVKkfY=', 0, 0, '2019-09-16 14:25:52', 1, '2018-10-13 14:28:46'),
(47, 'Deepa', 'Singh', 'deepasingh', 'deepa@gmsil.com', 'pbkdf2_sha256$100000$v8c6JjVYQ18K$+w+RGPHN28k+Rrkx3woxjxZlPNO+b5VRTqV8d6n6YNM=', 0, 0, NULL, 0, '2019-03-06 14:24:16'),
(48, 'Arun', 'Shrivastava', 'arunshrivastava', 'arun@sourcesoftsolutions.com', 'pbkdf2_sha256$100000$ArKkySS3WDRq$ilTBi+KAZP+vblklS3TJm6KZsBIYK5bjBV4SmtK0ILU=', 1, 0, NULL, 0, '2019-03-08 08:50:04'),
(50, 'Aman', 'Singh', 'amansingh', 'amann@sourcesoftsolutions.com', 'pbkdf2_sha256$100000$39sN8ahMuB3W$4yd0BkJrwLVc8q+nEgT1gqF9fkeNKlCi8+IpjaRDvYo=', 1, 0, NULL, 0, '2019-03-08 13:09:15'),
(51, 'Shubhams', 'Kumar', 'shubhams@sourcesoftsolutions.com', 'shubhams@sourcesoftsolutions.com', 'pbkdf2_sha256$100000$ArKkySS3WDRq$ilTBi+KAZP+vblklS3TJm6KZsBIYK5bjBV4SmtK0ILU=', 0, 0, '2019-03-12 07:56:59', 0, '2019-03-12 07:29:51'),
(97, 'Alok', 'Kumar', 'piyushyadav@sourcesoftsolutions.com', 'piyushyadav@sourcesoftsolutions.com', 'pbkdf2_sha256$100000$ArKkySS3WDRq$ilTBi+KAZP+vblklS3TJm6KZsBIYK5bjBV4SmtK0ILU=', 0, 0, '2019-09-17 12:22:11', 1, '2019-04-12 08:33:44'),
(126, 'david', 'johnson', 'davidj6211@gmail.com', 'davidj6211@gmail.com', 'pbkdf2_sha256$100000$PfchuDoylsl8$4nPhXB974sFYjztUt/BhOWRuzbITYTVeAHGe7Elw+8M=', 0, 0, NULL, 1, '2019-07-15 18:27:18'),
(127, 'Kellie', 'Johnson', 'kellie@tripsanditineraries.com', 'kellie@tripsanditineraries.com', 'pbkdf2_sha256$100000$fNKUTcIwPCPC$PDUjax3jwvDfSXACII6ZMwcmpwinDWBTTwqxZFeKsD8=', 0, 0, NULL, 0, '2019-07-22 15:39:47'),
(128, 'Alok', 'Kumar', 'alokk@sourcesoftsolutions.com', 'alokk@sourcesoftsolutions.com', 'pbkdf2_sha256$100000$FQuXz75hr7ao$wx2sMlh/sdMSwMK1qVZhzIINBtuzFfN25h9QE4Gs0yM=', 0, 0, '2019-07-30 18:35:25', 1, '2019-07-29 13:12:38'),
(129, 'Utkarsh', 'Tiwari', 'utkarsh@sourcesoftsolutions.com', 'utkarsh@sourcesoftsolutions.com', 'pbkdf2_sha256$100000$3Ha16sRDFP2j$yHlmik/aeq1dZLZLfJXZeMTkUSQO/kwqFSlqMp10hW4=', 0, 0, NULL, 0, '2019-07-29 13:17:32'),
(130, 'vikash', 'mishra', 'vikash.mishra@sourcesoftsolutions.com', 'vikash.mishra@sourcesoftsolutions.com', 'pbkdf2_sha256$100000$FQuXz75hr7ao$wx2sMlh/sdMSwMK1qVZhzIINBtuzFfN25h9QE4Gs0yM=', 0, 0, NULL, 0, '2019-07-29 13:33:39'),
(131, 'test', '123', 'test123@yopmail.com', 'test123@yopmail.com', 'pbkdf2_sha256$100000$5vd9EHx0PIYO$so/4QFaGLduimropuubJGUTSYLK85PIW2edgm2APvXg=', 0, 0, NULL, 1, '2019-08-08 08:31:53'),
(132, 'Iostrip', 'Mailinator', 'iostrip@mailinator.com', 'iostrip@mailinator.com', 'pbkdf2_sha256$100000$Wbnxm4BCu2Mk$NpOUBHSu+AwM/f16kQFrcVcag6ZsYYXOY8naFC8/u+c=', 0, 0, NULL, 1, '2019-08-08 09:28:24'),
(133, 'Android trip', 'Mailonator', 'androidtrip@mailinator.com', 'androidtrip@mailinator.com', 'pbkdf2_sha256$100000$onFpXMpvhXXd$vnPSbTpagBsPwmw2ObZeh7XYsJ9GLJuMQ1dhGTZ9Afo=', 0, 0, '2019-08-09 07:28:01', 1, '2019-08-08 09:37:00'),
(134, 'Vipin', 'Paliwal', 'paliwalvipin@gmail.com', 'paliwalvipin@gmail.com', 'pbkdf2_sha256$100000$WYKd97vqFivK$dL/rg/QBgpoxqYnn1NqOdTeaeki7I/Khe+Dp8GAiFok=', 0, 0, NULL, 1, '2019-08-09 15:37:46'),
(135, 'Tuesdayios', 'Trip', 'iostriptuesday@mailinator.com', 'iostriptuesday@mailinator.com', 'pbkdf2_sha256$100000$I9ylgyJ9eosm$/evqfJ9ppY5YcUz1wF4NVpJLJKzmmcDV96GqXKOG+YY=', 0, 0, '2019-08-16 06:15:16', 1, '2019-08-13 07:44:42'),
(136, 'Mon', 'Trip', 'montrip@mailinator.com', 'montrip@mailinator.com', 'pbkdf2_sha256$100000$ufHK0mQ7KRlx$2jNv0tnwTgLZoVMSiHwHDjXy1qwMmldU5He1qCkDJ+0=', 0, 0, NULL, 1, '2019-08-26 11:05:59'),
(137, 'Monios', 'Trip', 'moniostrip@mailinator.com', 'moniostrip@mailinator.com', 'pbkdf2_sha256$100000$auDGApsBA81S$uiRLm2Qm4VF7aZA/W7AIP4tK5uhVTmPTyQSwZQYvRLc=', 0, 0, NULL, 1, '2019-08-26 11:31:47'),
(138, 'Tuesdayio', 'Ios', 'tuesdayio@mailinator.com', 'tuesdayio@mailinator.com', 'pbkdf2_sha256$100000$mOUPPgRBYaPC$lh0Vf2Ri9DqN+gS8hRzUphRAdeAPEuNfuBLwMVDWHk8=', 0, 0, NULL, 1, '2019-08-27 12:35:19'),
(139, 'Anmol', 'Gupta', 'anmol@yopmail.com', 'anmol@yopmail.com', 'pbkdf2_sha256$100000$TKDUDpPWSzWP$lju2tQnmQCJaq6gqdyBQ9mfGzjXol4U8fVxNRhlXuU0=', 0, 0, NULL, 1, '2019-08-29 08:27:56'),
(140, 'Abhinav', 'Sharma', 'abh@yopmail.com', 'abh@yopmail.com', 'pbkdf2_sha256$100000$58aeVo5Atv6Q$jJ4oqIov1XOn034OfgiEHliM6ZCzf546gOSyUt4nbDE=', 0, 0, NULL, 1, '2019-08-29 08:48:27'),
(141, 'Io', 'User', 'io@mailinator.com', 'io@mailinator.com', 'pbkdf2_sha256$100000$JwMgmIKf8eEJ$Ti5TXpEeaozCB/oOzcMKFTx5Cvg4ifZgAfsLtC98Y3o=', 0, 0, NULL, 1, '2019-08-29 09:51:44'),
(142, 'Karan', 'Gupta', 'karan@yopmail.com', 'karan@yopmail.com', 'pbkdf2_sha256$100000$8MAbApqviC9z$WfDDFYT0kZAaiscMmK35eJdqyo6o2Dco3+OrpW5xlnE=', 0, 0, NULL, 1, '2019-08-29 09:57:02'),
(143, 'Ram', 'Gupta', 'gupta@yopmail.com', 'gupta@yopmail.com', 'pbkdf2_sha256$100000$JIMPDvh8b5xN$/sLOE7/vBnkNBdL2IYczh+uWnkfA2zvyNq/FNAnFAkw=', 0, 0, NULL, 1, '2019-08-30 09:35:05'),
(144, 'Test', 'TRWSA', 'tess@yopmail.com', 'tess@yopmail.com', 'pbkdf2_sha256$100000$xphOCstt3kS8$qNlJsBE4MqWigNdcIZjtyUnn/24zYztcAnAbB9KlbTo=', 0, 0, '2019-08-31 05:47:50', 1, '2019-08-31 05:34:26'),
(145, 'Mohitt', 'Tomer', 'mohit@yopmail.com', 'mohit@yopmail.com', 'pbkdf2_sha256$100000$HNacMg01JN6g$WLTBI3JKToZzcu4HMPMUhkdXHdGSO2wmzx+L4GeFSio=', 0, 0, NULL, 1, '2019-09-02 08:16:39'),
(146, 'Tuetrip', 'Trip', 'tuetrip@mailinator.com', 'tuetrip@mailinator.com', 'pbkdf2_sha256$100000$sokmbT7leor9$3XTNZsTv8yjXy5LcH6GEdBE+4x94663/gYadsEg0ojY=', 0, 0, '2019-09-04 11:14:37', 1, '2019-09-03 07:50:36'),
(147, 'Ram', 'Gupta', 'ram@yopmail.com', 'ram@yopmail.com', 'pbkdf2_sha256$100000$5XhFfKkt4PEQ$9BJzFOkhCLFjYR9RR0vd6q+onwutRwi35Jv27kWxvYE=', 0, 0, NULL, 1, '2019-09-11 09:34:30'),
(148, 'Raman', 'Gupta', 'test1@yopmail.com', 'test1@yopmail.com', 'pbkdf2_sha256$100000$NackZF9wO70D$gmsh+DjSF7QRnkAn/lkHHF0GbG1LCOZ5EyXxtUTjl24=', 0, 0, NULL, 1, '2019-09-11 09:42:03'),
(149, 'Rahul', 'Singh', 'rahul@yopmail.com', 'rahul@yopmail.com', 'pbkdf2_sha256$100000$xh30opMZDE75$cdFi/w4gpuaoslk98YqExKOwPMS07Ma1k2X2GEUa+/g=', 0, 0, NULL, 1, '2019-09-11 09:44:03'),
(150, 'Team', 'Source', 'testt@yopmail.com', 'testt@yopmail.com', 'pbkdf2_sha256$100000$LxyhkBsHixIE$gbfY2LrKhuBFtMvh/26aguuNnSjlP6QMH2j9gnPhoJ0=', 0, 0, NULL, 1, '2019-09-11 10:13:11'),
(151, 'Thrusday october', 'trip', 'thrusdayoctober@mailinator.com', 'thrusdayoctober@mailinator.com', 'pbkdf2_sha256$100000$lXTZV16zzVmN$0hqD9MqsLIXMKhAmM3u//VcDJWlo+U6xCoPpcHIjQWQ=', 0, 0, '2019-10-08 05:08:44', 1, '2019-10-03 05:10:11'),
(152, 'thrusdayoctober1', 'trip', 'thrusdayoctober1@mailinator.com', 'thrusdayoctober1@mailinator.com', 'pbkdf2_sha256$100000$9o6wVcCsKI1I$50AZ/zgL37RsFPfTq3rxJ2fwIVlCQfpz4MqLFBhXraY=', 0, 0, '2019-10-08 05:09:08', 1, '2019-10-03 05:13:20'),
(153, 'Test', 'Tedt', 'test111@mailinator.com', 'test111@mailinator.com', 'pbkdf2_sha256$100000$0lyPRdQaJr1U$/prIyN6DtQBV16WzrNHQ/JOspk48zyAJUPATz26CnWw=', 0, 0, NULL, 1, '2019-10-15 13:07:03'),
(154, 'Ashish', 'Chawla', 'ashishchawla96@gmail.com', 'ashishchawla96@gmail.com', 'pbkdf2_sha256$100000$6XLy8u1SnNF9$FL+gkQNnLt+WBQk4UZJpaBf37RTPCd938E0b1d7Ks0s=', 0, 0, NULL, 1, '2019-10-21 12:36:44'),
(155, 'novembertrip', 'lastt', 'novembertrip@mailinator.com', 'novembertrip@mailinator.com', 'pbkdf2_sha256$100000$w7wIXTcnbOxf$WE0aSy1s07MSSuwkYxbmU3kmUymnf8L77F4MInYpVo0=', 0, 0, '2019-11-04 06:07:55', 1, '2019-11-04 06:07:02'),
(156, 'novembertrip1', 'lasttt', 'novembertrip1@mailinator.com', 'novembertrip1@mailinator.com', 'pbkdf2_sha256$100000$C5XUcVyobuwp$/5h1T7mLeLZ0MMQ3d9bqxcRCsWFZbXhc3U38zE2w7Js=', 0, 0, '2019-11-06 08:01:14', 1, '2019-11-04 07:40:14'),
(157, 'Kaushalendra', 'Singh', 'kaushalendra@sourcesoftsolutions.com', 'kaushalendra@sourcesoftsolutions.com', 'pbkdf2_sha256$100000$VmDKWXf5c8jg$i5TRYiGFVwHaLl2L4mUQ2GCCOEUIgC3V6KaS2aBzWKc=', 0, 0, '2020-02-19 07:59:12', 1, '2020-02-19 07:55:17'),
(158, 'Bhuppi', 'Singh', 'bks@yopmail.com', 'bks@yopmail.com', 'pbkdf2_sha256$100000$kfJxzCY2H0z8$ffoCVqTS4KOjIqp5amJSjPrwQy/Rb5TvhEdci2dhYl8=', 0, 0, NULL, 1, '2020-03-06 07:45:50'),
(159, 'Shiv', 'Prakash', 'shiv.prakash@sourcesoftsolutions.com', 'shiv.prakash@sourcesoftsolutions.com', 'pbkdf2_sha256$100000$HNC0rZ5MUoQi$WF7QLQSSI65p6mg+RjZ2ZWrwlSgYrxiLTqL2+0PpB/w=', 0, 0, NULL, 1, '2020-03-11 05:47:08'),
(160, 'virus', 'kumar', 'shubham@mailinator.com', 'shubham@mailinator.com', 'pbkdf2_sha256$100000$ROG3baTQ2QjO$pgCjD9oA2m8VYzgpCFyMZIbjeqiCUFL9mww4hZeBmcY=', 0, 0, '2020-05-01 06:10:41', 1, '2020-04-28 07:10:43'),
(161, 'rahul', 'kumar', 'rahul@mailinator.com', 'rahul@mailinator.com', 'pbkdf2_sha256$100000$g9BQKFV4Abbe$8807aj0WoqcsdnoSpH4odeudZIjKyRw+Hi9/lTa/Vyk=', 0, 0, '2020-04-30 06:21:58', 1, '2020-04-30 06:20:45'),
(162, 'yesh', 'kumar', 'yesh@mailinator.com', 'yesh@mailinator.com', 'pbkdf2_sha256$100000$Oi5WM50t3mCw$0u614PqHP5pLyWM+2fH3KQnfqiJ9DdpXmpDkyX2e+lU=', 0, 0, '2020-05-01 06:32:44', 1, '2020-04-30 14:21:04'),
(163, 'rahul', 'kumar', 'rahul1@mailinator.com', 'rahul1@mailinator.com', 'pbkdf2_sha256$100000$ouwNmOzhnvXL$f/Var7ikXUPcOTLd8k6y0apevCqt9Qu5fJ9qbY1GKX8=', 0, 0, '2020-05-07 09:26:06', 1, '2020-05-05 13:59:12'),
(164, 'john', 'kumar', 'john@mailinator.com', 'john@mailinator.com', 'pbkdf2_sha256$100000$RT69WobwPXHy$U8SHUaGGc9TB0PsNCDL3QfKMr+XSFavHSd7qQ7gJrNs=', 0, 0, '2020-05-11 13:57:29', 1, '2020-05-11 11:55:00'),
(165, 'molu', 'kumar', 'molu@mailinator.com', 'molu@mailinator.com', 'pbkdf2_sha256$100000$ix6slbMl8QmH$ygV9ziMTI15giWQLQPjKEkhOowXq2uUMghTjiWSaZhI=', 0, 0, '2020-05-12 14:04:43', 1, '2020-05-12 05:59:09'),
(166, 'ranu', 'kumar', 'ranu@mailinator.com', 'ranu@mailinator.com', 'pbkdf2_sha256$100000$XxRsmL71lM6S$ihoKEnWiv/2ZZ+VZHDFwyzjj7ddGM5paKxvDlAkoM7Y=', 0, 0, '2020-05-13 05:36:23', 1, '2020-05-12 13:41:43');

-- --------------------------------------------------------

--
-- Table structure for table `auth_user_groups`
--

DROP TABLE IF EXISTS `auth_user_groups`;
CREATE TABLE `auth_user_groups` (
  `id` int(11) NOT NULL,
  `user_id` int(11) NOT NULL,
  `group_id` int(11) NOT NULL
) ENGINE=InnoDB DEFAULT CHARSET=utf8;

-- --------------------------------------------------------

--
-- Table structure for table `auth_user_user_permissions`
--

DROP TABLE IF EXISTS `auth_user_user_permissions`;
CREATE TABLE `auth_user_user_permissions` (
  `id` int(11) NOT NULL,
  `user_id` int(11) NOT NULL,
  `permission_id` int(11) NOT NULL
) ENGINE=InnoDB DEFAULT CHARSET=utf8;

-- --------------------------------------------------------

--
-- Table structure for table `configuration_menu`
--

DROP TABLE IF EXISTS `configuration_menu`;
CREATE TABLE `configuration_menu` (
  `id` int(11) NOT NULL,
  `menu_name` varchar(255) NOT NULL,
  `menu_alias` varchar(255) DEFAULT NULL,
  `menu_location` varchar(255) NOT NULL,
  `meta_title` longtext,
  `meta_keywords` longtext,
  `meta_description` longtext,
  `sort_by` varchar(10) DEFAULT NULL,
  `status` int(11) NOT NULL,
  `created_at` datetime DEFAULT NULL,
  `updated_at` datetime DEFAULT NULL
) ENGINE=InnoDB DEFAULT CHARSET=utf8;

--
-- Dumping data for table `configuration_menu`
--

INSERT INTO `configuration_menu` (`id`, `menu_name`, `menu_alias`, `menu_location`, `meta_title`, `meta_keywords`, `meta_description`, `sort_by`, `status`, `created_at`, `updated_at`) VALUES
(1, 'Share Itinerary', NULL, 'header', 'Share Itinerary', 'Share Itinerary', 'Share Itinerary', '1', 1, '2018-08-03 09:00:18', NULL),
(2, 'Help', 'help.html', 'header', 'Help', 'Help', 'Help', '2', 1, '2018-08-03 09:00:47', NULL),
(3, 'Sign Up', 'sign-up', 'header', 'Sign Up', 'Sign Up', 'Sign Up', '3', 1, '2018-08-03 09:01:22', NULL),
(4, 'Sign In', 'sign-in', 'header', 'Sign In', 'Sign In', 'Sign In', '4', 1, '2018-08-03 09:01:49', NULL),
(5, 'Careers', 'html.html', 'footer_left', 'Careers', 'Careers', 'Careers', '1', 0, '2018-08-03 09:03:41', NULL),
(6, 'Press', 'html.html', 'footer_left', 'Press', 'Press', 'Press', '2', 0, '2018-08-03 09:04:08', NULL),
(7, 'Policies', 'html.html', 'footer_left', 'Policies', 'Policies', 'Policies', NULL, 0, '2018-08-03 09:04:23', NULL),
(8, 'Help', 'html.html', 'footer_left', 'Help', 'Help', 'Help', '4', 0, '2018-08-03 09:04:34', NULL),
(9, 'Diversity & Belonging', 'html.html', 'footer_left', 'Diversity & Belonging', 'Diversity & Belonging', 'Diversity & Belonging', '5', 0, '2018-08-03 09:04:56', NULL),
(10, 'Trust & Safety', 'html.html', 'footer_left', 'Trust & Safety', 'Trust & Safety', 'Trust & Safety', '7', 0, '2018-08-03 09:05:24', NULL),
(11, 'Travel Credit', 'html.html', 'footer_left', 'Travel Credit', 'Travel Credit', 'Travel Credit', '8', 0, '2018-08-03 09:05:35', NULL),
(12, 'Trips & Itineraries Citizen', 'html.html', 'footer_left', 'Trips & Itineraries Citizen', 'Trips & Itineraries Citizen', 'Trips & Itineraries Citizen', '9', 0, '2018-08-03 09:05:47', NULL),
(13, 'Business Travel', 'html.html', 'footer_left', 'Business Travel', 'Business Travel', 'Business Travel', '10', 0, '2018-08-03 09:06:00', NULL),
(14, 'Guidebooks', 'html.html', 'footer_left', 'Guidebooks', 'Guidebooks', 'Guidebooks', '11', 0, '2018-08-03 09:06:12', NULL),
(15, 'Terms', 'terms.html', 'footer_right', 'Terms', 'Terms', 'Terms', '1', 0, '2018-08-03 09:07:41', NULL),
(16, 'Privacy', 'privacy.html', 'footer_right', 'Privacy', 'Privacy', 'Privacy', '2', 0, '2018-08-03 09:07:54', NULL),
(17, 'Site Map', 'sitemap.html', 'footer_right', 'Site Map', 'Site Map', 'Site Map', '3', 1, '2018-08-03 09:08:17', NULL),
(18, 'About Us', 'about-us.html', 'footer_right', 'About', 'About', 'About', '3', 0, '2018-08-03 09:08:17', NULL);

-- --------------------------------------------------------

--
-- Table structure for table `configuration_page`
--

DROP TABLE IF EXISTS `configuration_page`;
CREATE TABLE `configuration_page` (
  `id` int(11) NOT NULL,
  `page_name` varchar(255) NOT NULL,
  `page_alias` varchar(255) DEFAULT NULL,
  `page_title` varchar(255) NOT NULL,
  `image` varchar(255) DEFAULT NULL,
  `description` longtext,
  `meta_title` longtext,
  `meta_keywords` longtext,
  `meta_description` longtext,
  `sort_by` varchar(10) DEFAULT NULL,
  `status` int(11) NOT NULL,
  `created_at` datetime NOT NULL,
  `updated_at` datetime DEFAULT NULL
) ENGINE=InnoDB DEFAULT CHARSET=utf8;

--
-- Dumping data for table `configuration_page`
--

INSERT INTO `configuration_page` (`id`, `page_name`, `page_alias`, `page_title`, `image`, `description`, `meta_title`, `meta_keywords`, `meta_description`, `sort_by`, `status`, `created_at`, `updated_at`) VALUES
(1, 'terms', 'terms.html', 'Term & Conditions', '', '<h2>What is Lorem Ipsum?</h2>\r\n\r\n<p><strong>Lorem Ipsum</strong>&nbsp;is simply dummy text of the printing and typesetting industry. Lorem Ipsum has been the industry&#39;s standard dummy text ever since the 1500s, when an unknown printer took a galley of type and scrambled it to make a type specimen book. It has survived not only five centuries, but also the leap into electronic typesetting, remaining essentially unchanged. It was popularised in the 1960s with the release of Letraset sheets containing Lorem Ipsum passages, and more recently with desktop publishing software like Aldus PageMaker including versions of Lorem Ipsum.</p>\r\n\r\n<h2>Why do we use it?</h2>\r\n\r\n<p>It is a long established fact that a reader will be distracted by the readable content of a page when looking at its layout. The point of using Lorem Ipsum is that it has a more-or-less normal distribution of letters, as opposed to using &#39;Content here, content here&#39;, making it look like readable English. Many desktop publishing packages and web page editors now use Lorem Ipsum as their default model text, and a search for &#39;lorem ipsum&#39; will uncover many web sites still in their infancy. Various versions have evolved over the years, sometimes by accident, sometimes on purpose (injected humour and the like).</p>', 'terms', 'terms', 'terms', '1', 1, '2018-08-03 09:17:35', NULL),
(2, 'Privacy', 'privacy.html', 'Privacy & Policy', '', '<h2>What is Lorem Ipsum?</h2>\r\n\r\n<p><strong>Lorem Ipsum</strong>&nbsp;is simply dummy text of the printing and typesetting industry. Lorem Ipsum has been the industry&#39;s standard dummy text ever since the 1500s, when an unknown printer took a galley of type and scrambled it to make a type specimen book. It has survived not only five centuries, but also the leap into electronic typesetting, remaining essentially unchanged. It was popularised in the 1960s with the release of Letraset sheets containing Lorem Ipsum passages, and more recently with desktop publishing software like Aldus PageMaker including versions of Lorem Ipsum.</p>', 'Privacy', 'Privacy', 'Privacy', '2', 1, '2018-08-03 09:18:31', NULL),
(3, 'Careers', 'careers.html', 'Careers', '', '<h2>Why do we use it?</h2>\r\n\r\n<p>It is a long established fact that a reader will be distracted by the readable content of a page when looking at its layout. The point of using Lorem Ipsum is that it has a more-or-less normal distribution of letters, as opposed to using &#39;Content here, content here&#39;, making it look like readable English. Many desktop publishing packages and web page editors now use Lorem Ipsum as their default model text, and a search for &#39;lorem ipsum&#39; will uncover many web sites still in their infancy. Various versions have evolved over the years, sometimes by accident, sometimes on purpose.</p>', 'Careers', 'Careers', 'Careers', '3', 1, '2018-08-03 09:19:46', NULL),
(4, 'Press', 'press.html', 'Press', '', '<h2>Where does it come from?</h2>\r\n\r\n<p>Contrary to popular belief, Lorem Ipsum is not simply random text. It has roots in a piece of classical Latin literature from 45 BC, making it over 2000 years old. Richard McClintock, a Latin professor at Hampden-Sydney College in Virginia, looked up one of the more obscure Latin words, consectetur, from a Lorem Ipsum passage, and going through the cites of the word in classical literature, discovered the undoubtable source. Lorem Ipsum comes from sections 1.10.32 and 1.10.33 of &quot;de Finibus Bonorum et Malorum&quot; (The Extremes of Good and Evil) by Cicero, written in 45 BC. This book is a treatise on the theory of ethics, very popular during the Renaissance. The first line of Lorem Ipsum, &quot;Lorem ipsum dolor sit amet..&quot;,</p>', 'Press', 'Press', 'Press', '4', 1, '2018-08-03 09:20:26', NULL),
(5, 'Policies', 'policies.html', 'Policies', '', '<h2>Where can I get some?</h2>\r\n\r\n<p>There are many variations of passages of Lorem Ipsum available, but the majority have suffered alteration in some form, by injected humour, or randomised words which don&#39;t look even slightly believable. If you are going to use a passage of Lorem Ipsum, you need to be sure there isn&#39;t anything embarrassing hidden in the middle of text. All the Lorem Ipsum generators on the Internet tend to repeat predefined chunks as necessary, making this the first true generator on the Internet. It uses a dictionary of over 200 Latin words, combined with a handful of model sentence structures, to generate Lorem Ipsum which looks reasonable. The generated Lorem Ipsum is therefore always free from repetition, injected humour, or non-characteristic words etc.</p>', 'Policies', 'Policies', 'Policies', '5', 1, '2018-08-03 09:21:00', NULL),
(6, 'Help', 'help.html', 'Help', '', '<h1>How are we doing?</h1>\r\n\r\n<p>We&rsquo;re always working to improve the Trips&amp;Itineraries experience, so we&rsquo;d love to hear what&rsquo;s working and how we can do better.</p>\r\n\r\n<p>Please provide your feedback and ideas to: <strong><a href=\"mailto:help@tripsanditineraries.com\">help@tripsanditineraries.com</a></strong></p>', 'Help', 'Help', 'Help', NULL, 1, '2018-08-03 09:21:32', NULL),
(7, 'Diversity & Belonging', 'diversity-belonging.html', 'Diversity & Belonging', '', '<h2>What is Lorem Ipsum?</h2>\r\n\r\n<p><strong>Lorem Ipsum</strong>&nbsp;is simply dummy text of the printing and typesetting industry. Lorem Ipsum has been the industry&#39;s standard dummy text ever since the 1500s, when an unknown printer took a galley of type and scrambled it to make a type specimen book. It has survived not only five centuries, but also the leap into electronic typesetting, remaining essentially unchanged. It was popularised in the 1960s with the release of Letraset sheets containing Lorem Ipsum passages, and more recently with desktop publishing software like Aldus PageMaker including versions of Lorem Ipsum.</p>', 'Diversity & Belonging', 'Diversity & Belonging', 'Diversity & Belonging', NULL, 1, '2018-08-03 09:22:14', NULL),
(8, 'Trust & Safety', 'trust-safety.html', 'Trust & Safety', '', '<h2>What is Lorem Ipsum?</h2>\r\n\r\n<p><strong>Lorem Ipsum</strong>&nbsp;is simply dummy text of the printing and typesetting industry. Lorem Ipsum has been the industry&#39;s standard dummy text ever since the 1500s, when an unknown printer took a galley of type and scrambled it to make a type specimen book. It has survived not only five centuries, but also the leap into electronic typesetting, remaining essentially unchanged. It was popularised in the 1960s with the release of Letraset sheets containing Lorem Ipsum passages, and more recently with desktop publishing software like Aldus PageMaker including versions of Lorem Ipsum.</p>', 'Trust & Safety', 'Trust & Safety', 'Trust & Safety', NULL, 1, '2018-08-03 09:22:55', NULL),
(9, 'Travel Credit', 'travel-credit.html', 'Travel Credit', '', '<h2>What is Lorem Ipsum?</h2>\r\n\r\n<p><strong>Lorem Ipsum</strong>&nbsp;is simply dummy text of the printing and typesetting industry. Lorem Ipsum has been the industry&#39;s standard dummy text ever since the 1500s, when an unknown printer took a galley of type and scrambled it to make a type specimen book. It has survived not only five centuries, but also the leap into electronic typesetting, remaining essentially unchanged. It was popularised in the 1960s with the release of Letraset sheets containing Lorem Ipsum passages, and more recently with desktop publishing software like Aldus PageMaker including versions of Lorem Ipsum.</p>', 'Travel Credit', 'Travel Credit', 'Travel Credit', NULL, 1, '2018-08-03 09:23:22', NULL),
(10, 'Trips & Itineraries Citizen', 'trips-itineraries-citizen.html', 'Trips & Itineraries Citizen', '', '<h2>What is Lorem Ipsum?</h2>\r\n\r\n<p><strong>Lorem Ipsum</strong>&nbsp;is simply dummy text of the printing and typesetting industry. Lorem Ipsum has been the industry&#39;s standard dummy text ever since the 1500s, when an unknown printer took a galley of type and scrambled it to make a type specimen book. It has survived not only five centuries, but also the leap into electronic typesetting, remaining essentially unchanged. It was popularised in the 1960s with the release of Letraset sheets containing Lorem Ipsum passages, and more recently with desktop publishing software like Aldus PageMaker including versions of Lorem Ipsum.</p>\r\n\r\n<h2>Why do we use it?</h2>\r\n\r\n<p>It is a long established fact that a reader will be distracted by the readable content of a page when looking at its layout. The point of using Lorem Ipsum is that it has a more-or-less normal distribution of letters, as opposed to using &#39;Content here, content here&#39;, making it look like readable English. Many desktop publishing packages and web page editors now use Lorem Ipsum as their default model text, and a search for &#39;lorem ipsum&#39; will uncover many web sites still in their infancy. Various versions have evolved over the years, sometimes by accident, sometimes on purpose (injected humour and the like).</p>', 'Trips & Itineraries Citizen', 'Trips & Itineraries Citizen', 'Trips & Itineraries Citizen', NULL, 1, '2018-08-03 09:23:56', NULL),
(11, 'Business Travel', 'business-travel.html', 'Business Travel', '', '<h2>What is Lorem Ipsum?</h2>\r\n\r\n<p><strong>Lorem Ipsum</strong>&nbsp;is simply dummy text of the printing and typesetting industry. Lorem Ipsum has been the industry&#39;s standard dummy text ever since the 1500s, when an unknown printer took a galley of type and scrambled it to make a type specimen book. It has survived not only five centuries, but also the leap into electronic typesetting, remaining essentially unchanged. It was popularised in the 1960s with the release of Letraset sheets containing Lorem Ipsum passages, and more recently with desktop publishing software like Aldus PageMaker including versions of Lorem Ipsum.</p>\r\n\r\n<h2>Why do we use it?</h2>\r\n\r\n<p>It is a long established fact that a reader will be distracted by the readable content of a page when looking at its layout. The point of using Lorem Ipsum is that it has a more-or-less normal distribution of letters,</p>', 'Business Travel', 'Business Travel', 'Business Travel', NULL, 1, '2018-08-03 09:25:08', NULL),
(12, 'Guidebooks', 'guidebooks.html', 'Guidebooks', '', '<h2>What is Lorem Ipsum?</h2>\r\n\r\n<p><strong>Lorem Ipsum</strong>&nbsp;is simply dummy text of the printing and typesetting industry. Lorem Ipsum has been the industry&#39;s standard dummy text ever since the 1500s, when an unknown printer took a galley of type and scrambled it to make a type specimen book. It has survived not only five centuries, but also the leap into electronic typesetting, remaining essentially unchanged.</p>\r\n\r\n<h2>Why do we use it?</h2>\r\n\r\n<p>It is a long established fact that a reader will be distracted by the readable content of a page when looking at its layout. The point of using Lorem Ipsum is that it has a more-or-less normal distribution of letters, as opposed to using &#39;Content here, content here&#39;, making it look like readable English. Many desktop publishing packages and web page editors now use Lorem Ipsum as their default model text, and a search for &#39;lorem ipsum&#39; will uncover many web sites still in their infancy.</p>', 'Guidebooks', 'Guidebooks', 'Guidebooks', NULL, 1, '2018-08-03 09:26:06', NULL),
(13, 'About Us', 'about-us.html', 'About Us', '', '<h2>What is Lorem Ipsum?</h2>\r\n\r\n<p><strong>Lorem Ipsum</strong>&nbsp;is simply dummy text of the printing and typesetting industry. Lorem Ipsum has been the industry&#39;s standard dummy text ever since the 1500s, when an unknown printer took a galley of type and scrambled it to make a type specimen book. It has survived not only five centuries, but also the leap into electronic typesetting, remaining essentially unchanged.</p>\r\n\r\n<h2>Why do we use it?</h2>\r\n\r\n<p>It is a long established fact that a reader will be distracted by the readable content of a page when looking at its layout. The point of using Lorem Ipsum is that it has a more-or-less normal distribution of letters, as opposed to using &#39;Content here, content here&#39;, making it look like readable English. Many desktop publishing packages and web page editors now use Lorem Ipsum as their default model text, and a search for &#39;lorem ipsum&#39; will uncover many web sites still in their infancy.</p>', 'About Us', 'About Us', 'About Us', NULL, 1, '2018-08-03 09:26:06', NULL);

-- --------------------------------------------------------

--
-- Table structure for table `continents_city`
--

DROP TABLE IF EXISTS `continents_city`;
CREATE TABLE `continents_city` (
  `id` int(11) NOT NULL,
  `countries_id` int(11) DEFAULT NULL,
  `title` varchar(255) NOT NULL,
  `url_alias` varchar(255) DEFAULT NULL,
  `description` longtext,
  `image` varchar(100) DEFAULT NULL,
  `meta_title` longtext,
  `meta_keywords` longtext,
  `meta_description` longtext,
  `sort_by` varchar(10) DEFAULT NULL,
  `status` varchar(1) NOT NULL,
  `created_at` datetime NOT NULL,
  `updated_at` datetime NOT NULL,
  `checkid` int(11) DEFAULT NULL
) ENGINE=InnoDB DEFAULT CHARSET=utf8;

--
-- Dumping data for table `continents_city`
--

INSERT INTO `continents_city` (`id`, `countries_id`, `title`, `url_alias`, `description`, `image`, `meta_title`, `meta_keywords`, `meta_description`, `sort_by`, `status`, `created_at`, `updated_at`, `checkid`) VALUES
(1, 1, 'Algiers', 'algiers', '<p>Algeias&nbsp;Description</p>', 'city_image/Eritrea_yL4XBXS.jpg', 'Algiers', 'Algiers', 'Algiers', NULL, '1', '2018-07-02 07:38:16', '2018-08-08 08:51:57', 0),
(2, 1, 'Oran', 'oran', '<p><a href=\"https://ipfs.io/ipfs/QmXoypizjW3WknFiJnKLwHCnL72vedxjQkDDP1mXWo6uco/wiki/Oran.html\" id=\"mwRA\" title=\"Oran\">Oran</a></p>', 'city_image/Cameroon_pOYGuwh.jpg', 'Oran', 'Oran', 'Oran', NULL, '1', '2018-07-02 07:38:34', '2018-08-08 08:51:52', 0),
(3, 1, 'Constantine', 'constantine', '<p><a href=\"https://ipfs.io/ipfs/QmXoypizjW3WknFiJnKLwHCnL72vedxjQkDDP1mXWo6uco/wiki/Constantine%2C_Algeria.html\" id=\"mwUQ\" title=\"Constantine, Algeria\">Constantine</a></p>', 'city_image/Cameroon_vy8KGri.jpg', 'Constantine', 'Constantine', 'Constantine', NULL, '1', '2018-07-02 07:38:49', '2018-08-08 08:51:47', 0),
(4, 1, 'Annaba', 'annaba', '<p><a href=\"https://ipfs.io/ipfs/QmXoypizjW3WknFiJnKLwHCnL72vedxjQkDDP1mXWo6uco/wiki/Annaba.html\" id=\"mwXg\" title=\"Annaba\">Annaba</a></p>', 'city_image/Sri_Lanka2.jpg', 'Annaba', 'Annaba', 'Annaba', NULL, '1', '2018-07-02 07:39:08', '2018-08-08 08:51:43', 0),
(5, 1, 'Blida', 'blida', '<p><a href=\"https://ipfs.io/ipfs/QmXoypizjW3WknFiJnKLwHCnL72vedxjQkDDP1mXWo6uco/wiki/Blida.html\" id=\"mwaw\" title=\"Blida\">Blida</a></p>', 'city_image/Sri_Lanka.jpg', 'Blida', 'Blida', 'Blida', NULL, '1', '2018-07-02 07:39:22', '2018-08-08 08:51:39', 0),
(6, 1, 'Batna', 'batna', '<p><a href=\"https://ipfs.io/ipfs/QmXoypizjW3WknFiJnKLwHCnL72vedxjQkDDP1mXWo6uco/wiki/Batna%2C_Algeria.html\" id=\"mweA\" title=\"Batna, Algeria\">Batna</a></p>', 'city_image/Eritrea_CuLnLOn.jpg', 'Batna', 'Batna', 'Batna', NULL, '1', '2018-07-02 07:39:44', '2018-08-08 08:51:34', 0),
(7, 2, 'Ambriz', 'ambriz', '<p><a href=\"https://en.wikipedia.org/wiki/Ambriz\" title=\"Ambriz\">Ambriz</a></p>', 'city_image/Cameroon_hgiRMS3.jpg', 'Ambriz', 'Ambriz', 'Ambriz', NULL, '1', '2018-07-02 07:40:47', '2018-08-08 08:51:30', 0),
(8, 2, 'Andulo', 'andulo', '<p><a href=\"https://en.wikipedia.org/wiki/Andulo\" title=\"\">Andulo</a></p>', 'city_image/Eritrea_IXitGH8.jpg', 'Andulo', 'Andulo', 'Andulo', NULL, '1', '2018-07-02 07:40:58', '2018-08-08 08:51:26', 0),
(9, 2, 'Bailundo', 'bailundo', '<p><a href=\"https://en.wikipedia.org/wiki/Bailundo\" title=\"\">Bailundo</a></p>', 'city_image/Cameroon_sFz5N7h.jpg', 'Bailundo', 'Bailundo', 'Bailundo', NULL, '1', '2018-07-02 07:41:10', '2018-08-08 08:51:21', 0),
(10, 2, 'Balombo', 'balombo', '<p><a href=\"https://en.wikipedia.org/wiki/Balombo\" title=\"\">Balombo</a></p>', 'city_image/Egypt.jpg', 'Balombo', 'Balombo', 'Balombo', NULL, '1', '2018-07-02 07:41:22', '2018-08-08 08:51:17', 0),
(11, 2, 'Baa Farta', 'baia-farta', '<p><a href=\"https://en.wikipedia.org/wiki/Ba%C3%ADa_Farta\" title=\"Baa Farta\">Ba&iacute;a Farta</a></p>', 'city_image/Eritrea.jpg', 'Baa Farta', 'Baa Farta', 'Baa Farta', NULL, '1', '2018-07-02 07:47:31', '2018-08-08 08:51:13', 0),
(12, 2, 'Benguela', 'benguela', '<p><a href=\"https://en.wikipedia.org/wiki/Benguela\" title=\"Benguela\">Benguela</a></p>', 'city_image/Cameroon.jpg', 'Benguela', 'Benguela', 'Benguela', NULL, '1', '2018-07-02 07:48:06', '2018-08-01 09:40:09', 0),
(13, 22, 'Paris', 'paris', '<p><a href=\"https://simple.wikipedia.org/wiki/Paris\" title=\"Paris\">Paris</a></p>', 'city_image/paris.jpg', 'Paris', 'Paris', 'Paris', NULL, '1', '2018-09-19 15:37:59', '2018-09-19 15:37:59', 0),
(14, 22, 'Marseille', 'marseille', '<p><a href=\"https://simple.wikipedia.org/wiki/Marseille\" title=\"Marseille\">Marseille</a></p>', 'city_image/MarseillePaysage.jpg', 'Marseille', 'Marseille', 'Marseille', NULL, '1', '2018-09-19 15:38:51', '2018-09-19 15:38:51', 0),
(115, 1, 'Algiers', 'algiers', '', 'city_image/Eritrea_yL4XBXS.jpg', 'Algiers', 'Algiers', 'Algiers', NULL, '1', '2018-07-02 07:38:16', '2018-08-08 08:51:57', 0),
(116, 1, 'Oran', 'oran', '', 'city_image/Cameroon_pOYGuwh.jpg', 'Oran', 'Oran', 'Oran', NULL, '1', '2018-07-02 07:38:34', '2018-08-08 08:51:52', 0),
(117, 1, 'Constantine', 'constantine', '', 'city_image/Cameroon_vy8KGri.jpg', 'Constantine', 'Constantine', 'Constantine', NULL, '1', '2018-07-02 07:38:49', '2018-08-08 08:51:47', 0),
(118, 1, 'Annaba', 'annaba', '', 'city_image/Sri_Lanka2.jpg', 'Annaba', 'Annaba', 'Annaba', NULL, '1', '2018-07-02 07:39:08', '2018-08-08 08:51:43', 0),
(119, 1, 'Blida', 'blida', '', 'city_image/Sri_Lanka.jpg', 'Blida', 'Blida', 'Blida', NULL, '1', '2018-07-02 07:39:22', '2018-08-08 08:51:39', 0),
(120, 1, 'Batna', 'batna', '', 'city_image/Eritrea_CuLnLOn.jpg', 'Batna', 'Batna', 'Batna', NULL, '1', '2018-07-02 07:39:44', '2018-08-08 08:51:34', 0),
(121, 2, 'Ambriz', 'ambriz', '', 'city_image/Cameroon_hgiRMS3.jpg', 'Ambriz', 'Ambriz', 'Ambriz', NULL, '1', '2018-07-02 07:40:47', '2018-08-08 08:51:30', 0),
(122, 2, 'Andulo', 'andulo', '', 'city_image/Eritrea_IXitGH8.jpg', 'Andulo', 'Andulo', 'Andulo', NULL, '1', '2018-07-02 07:40:58', '2018-08-08 08:51:26', 0),
(123, 2, 'Bailundo', 'bailundo', '', 'city_image/Cameroon_sFz5N7h.jpg', 'Bailundo', 'Bailundo', 'Bailundo', NULL, '1', '2018-07-02 07:41:10', '2018-08-08 08:51:21', 0),
(124, 2, 'Balombo', 'balombo', '', 'city_image/Egypt.jpg', 'Balombo', 'Balombo', 'Balombo', NULL, '1', '2018-07-02 07:41:22', '2018-08-08 08:51:17', 0),
(125, 2, 'Baa Farta', 'baia-farta', '', 'city_image/Eritrea.jpg', 'Baa Farta', 'Baa Farta', 'Baa Farta', NULL, '1', '2018-07-02 07:47:31', '2018-08-08 08:51:13', 0),
(126, 2, 'Benguela', 'benguela', '', 'city_image/Cameroon.jpg', 'Benguela', 'Benguela', 'Benguela', NULL, '1', '2018-07-02 07:48:06', '2018-08-01 09:40:09', 0),
(127, 22, 'Paris', 'paris', '', 'city_image/paris.jpg', 'Paris', 'Paris', 'Paris', NULL, '1', '2018-09-19 15:37:59', '2018-09-19 15:37:59', 0),
(128, 22, 'Marseille', 'marseille', '', 'city_image/MarseillePaysage.jpg', 'Marseille', 'Marseille', 'Marseille', NULL, '1', '2018-09-19 15:38:51', '2018-09-19 15:38:51', 0),
(129, 50, 'San Diego', 'san-diego', '', 'city_image/san-diego-balboa-park.jpg', 'San Diego', 'San Diego', 'San Diego', NULL, '1', '2019-02-03 04:55:50', '2019-02-03 04:55:50', 0),
(130, 50, 'New York', 'new-york', '', 'city_image/new-york-city-statue-of-liberty.jpg', 'New York', 'New York', 'New York', NULL, '1', '2019-02-05 15:43:15', '2019-02-05 18:40:30', 0),
(131, 50, 'Los Angeles', 'los-angeles', '', 'city_image/los-angeles-vacations.jpg', 'Los Angeles', 'Los Angeles', 'Los Angeles', NULL, '1', '2019-02-05 15:48:02', '2019-02-05 15:48:02', 0),
(132, 50, 'Chicago', 'chicago', '', 'city_image/chicago.jpg', 'Chicago', 'Chicago', 'Chicago', NULL, '1', '2019-02-05 15:49:42', '2019-02-05 15:49:42', 0),
(133, 50, 'Houston', 'houston', '', 'city_image/Space_Center_Houston-1.jpg', 'Houston', 'Houston', 'Houston', NULL, '1', '2019-02-05 15:58:03', '2019-02-05 15:58:03', 0),
(134, 50, 'Phoenix', 'phoenix', '', 'city_image/phoenix.jpg', 'Phoenix', 'Phoenix', 'Phoenix', NULL, '1', '2019-02-05 15:59:28', '2019-02-05 15:59:28', 0),
(135, 50, 'Philadelphia', 'philadelphia', '', 'city_image/best-things-to-do-philadelphia-philly-13.jpg', 'Philadelphia', 'Philadelphia', 'Philadelphia', NULL, '1', '2019-02-05 16:03:43', '2019-02-05 16:03:43', 0),
(136, 50, 'San Antonio', 'san-antonio', '', 'city_image/san_antonio.jpeg', 'San Antonio', 'San Antonio', 'San Antonio', NULL, '1', '2019-02-05 16:06:52', '2019-02-05 16:06:52', 0),
(137, 50, 'Dallas', 'dallas', '', 'city_image/Dallas-Arboretum-Botanical-Gardens.jpg', 'Dallas', 'Dallas', 'Dallas', NULL, '1', '2019-02-05 17:34:25', '2019-02-05 17:34:25', 0),
(138, 50, 'San Jose', 'san-jose', '', 'city_image/San_Jose.jpg', 'San Jose', 'San Jose', 'San Jose', NULL, '1', '2019-02-05 18:26:40', '2019-02-05 18:26:40', 0),
(139, 50, 'Austin', 'austin', '', 'city_image/Austin.jpg', 'Austin', 'Austin', 'Austin', NULL, '1', '2019-02-05 18:31:22', '2019-02-05 18:31:22', 0),
(140, 50, 'Jacksonville', 'jacksonville', '', 'city_image/jacksonville.jpg', 'Jacksonville', 'Jacksonville', 'Jacksonville', NULL, '1', '2019-02-05 18:39:07', '2019-02-05 18:39:07', 0),
(141, 50, 'San Francisco', 'san-francisco', '', 'city_image/San-Fran-overview-golden-gate-bridge-xlarge.jpg', 'San Francisco', 'San Francisco', 'San Francisco', NULL, '1', '2019-02-05 18:43:23', '2019-02-05 18:43:23', 0),
(142, 50, 'Columbus', 'columbus', '', 'city_image/Columbus_OH.jpg', 'Columbus', 'Columbus', 'Columbus', NULL, '1', '2019-02-05 19:17:44', '2019-02-05 19:17:44', 0),
(143, 50, 'Fort Worth', 'fort-worth', '', 'city_image/fort-worth-stock-show-2017-1.png', 'Fort Worth', 'Fort Worth', 'Fort Worth', NULL, '1', '2019-02-05 19:31:18', '2019-02-05 19:31:18', 0),
(144, 50, 'Indianapolis', 'indianapolis', '', 'city_image/Indianapolis.png', 'Indianapolis', 'Indianapolis', 'Indianapolis', NULL, '1', '2019-02-05 19:43:17', '2019-02-05 19:43:17', 0),
(145, 50, 'Charlotte', 'charlotte', '', 'city_image/Charlotte_NC.jpg', 'Charlotte', 'Charlotte', 'Charlotte', NULL, '1', '2019-02-05 19:57:09', '2019-02-05 19:57:09', 0),
(146, 50, 'Seattle', 'seattle', '', 'city_image/Seattle_WA.jpg', 'Seattle', 'Seattle', 'Seattle', NULL, '1', '2019-02-05 19:59:17', '2019-02-05 19:59:17', 0),
(147, 50, 'Denver', 'denver', '', 'city_image/Denver_CO.jpg', 'Denver', 'Denver', 'Denver', NULL, '1', '2019-02-05 20:05:32', '2019-02-05 20:05:32', 0),
(148, 7, 'Noida', 'noida', NULL, 'city_image/no_icons.jpg', 'Noida', 'Noida', 'Noida', NULL, '1', '2019-03-28 08:11:28', '2019-03-28 08:11:28', 0),
(149, 7, 'Kanpur', 'kanpur', NULL, 'city_image/no_icons.jpg', 'Kanpur', 'Kanpur', 'Kanpur', NULL, '1', '2019-03-28 08:11:28', '2019-03-28 08:11:28', 0),
(150, 7, 'Delhi', 'delhi', NULL, 'city_image/no_icons.jpg', 'Delhi', 'Delhi', 'Delhi', NULL, '1', '2019-03-28 10:38:31', '2019-03-28 10:38:31', 0),
(151, 7, 'Patwa Mutfarka', 'patwa-mutfarka', NULL, 'city_image/no_icons.jpg', 'Patwa Mutfarka', 'Patwa Mutfarka', 'Patwa Mutfarka', NULL, '1', '2019-03-28 10:38:31', '2019-03-28 10:38:31', 0),
(152, 7, 'Janghai', 'janghai', NULL, 'city_image/no_icons.jpg', 'Janghai', 'Janghai', 'Janghai', NULL, '1', '2019-03-29 12:42:33', '2019-03-29 12:42:33', 0),
(153, 7, 'Varanasi', 'varanasi', NULL, 'city_image/no_icons.jpg', 'Varanasi', 'Varanasi', 'Varanasi', NULL, '1', '2019-03-29 12:44:20', '2019-03-29 12:44:20', 0),
(154, 7, 'Lucknow', 'lucknow', NULL, 'city_image/no_icons.jpg', 'Lucknow', 'Lucknow', 'Lucknow', NULL, '1', '2019-04-12 11:59:09', '2019-04-12 11:59:09', 0),
(155, 7, 'New Delhi', 'new-delhi', NULL, 'city_image/no_icons.jpg', 'New Delhi', 'New Delhi', 'New Delhi', NULL, '1', '2019-04-12 12:01:49', '2019-04-12 12:01:49', 0),
(156, 7, 'Allahabad', 'allahabad', NULL, 'city_image/no_icons.jpg', '', '', '', NULL, '1', '2019-04-17 14:06:30', '2019-04-17 14:06:30', 0),
(157, 7, 'Mumbai', 'mumbai', NULL, 'city_image/no_icons.jpg', 'Mumbai', 'Mumbai', 'Mumbai', NULL, '1', '2019-04-17 14:08:01', '2019-04-17 14:08:01', 0),
(158, 7, 'Shimla', 'shimla', NULL, 'city_image/no_icons.jpg', 'Shimla', 'Shimla', 'Shimla', NULL, '1', '2019-05-27 07:01:12', '2019-05-27 07:01:12', 0),
(159, 7, 'Thane', 'thane', NULL, 'city_image/no_icons.jpg', 'Thane', 'Thane', 'Thane', NULL, '1', '2019-06-03 12:03:23', '2019-06-03 12:03:23', 0),
(160, 50, 'Temple Hills', 'temple-hills', NULL, 'city_image/no_icons.jpg', 'Temple Hills', 'Temple Hills', 'Temple Hills', NULL, '1', '2019-06-06 13:52:24', '2019-06-06 13:52:24', 0),
(161, 7, 'Jaipur', 'Jaipur', NULL, 'city_image/no_icons.jpg', 'Jaipur', 'Jaipur', 'Jaipur', NULL, '1', '2019-06-10 07:10:45', '2019-06-10 07:10:45', 0),
(162, 7, 'Jaunpur', 'jaunpur', NULL, 'city_image/no_icons.jpg', 'Jaunpur', 'Jaunpur', 'Jaunpur', NULL, '1', '2019-06-10 10:23:35', '2019-06-10 10:23:35', 0),
(163, 50, 'San Francisco', 'san-francisco', NULL, 'city_image/no_icons.jpg', 'San Francisco', 'San Francisco', 'San Francisco', NULL, '1', '2019-06-10 10:23:35', '2019-06-10 10:23:35', 0),
(164, 7, 'Hisar', 'hisar', NULL, 'city_image/no_icons.jpg', 'Hisar', 'Hisar', 'Hisar', NULL, '1', '2019-06-10 13:35:39', '2019-06-10 13:35:39', 0),
(165, 7, 'Madurai', 'madurai', NULL, 'city_image/no_icons.jpg', 'Madurai', 'Madurai', 'Madurai', NULL, '1', '2019-07-03 15:35:56', '2019-07-03 15:35:56', 0),
(169, 7, '148', '148', NULL, 'city_image/no_icons.jpg', '148', '148', '148', NULL, '1', '2019-10-03 06:40:20', '2019-10-03 06:40:20', 0),
(170, 7, '169', '169', NULL, 'city_image/no_icons.jpg', '169', '169', '169', NULL, '1', '2019-10-03 06:42:28', '2019-10-03 06:42:28', 0),
(171, 7, ' ', '', NULL, 'city_image/no_icons.jpg', ' ', ' ', ' ', NULL, '1', '2019-10-08 05:53:06', '2019-10-08 05:53:06', 0),
(172, 1, '', '', NULL, 'city_image/no_icons.jpg', '', '', '', NULL, '1', '2019-11-04 07:07:27', '2019-11-04 07:07:27', 0),
(173, 2, '', '', NULL, 'city_image/no_icons.jpg', '', '', '', NULL, '1', '2019-11-05 08:05:13', '2019-11-05 08:05:13', 0),
(174, 7, 'Jaipur', 'jaipur', NULL, 'city_image/no_icons.jpg', 'Jaipur', 'Jaipur', 'Jaipur', NULL, '1', '2020-04-30 10:37:11', '2020-04-30 10:37:11', 0),
(175, 7, 'Shimla', 'shimla', NULL, 'city_image/no_icons.jpg', 'Shimla', 'Shimla', 'Shimla', NULL, '1', '2020-04-30 14:46:40', '2020-04-30 14:46:40', 0),
(176, 7, 'Indore', 'indore', NULL, 'city_image/no_icons.jpg', 'Indore', 'Indore', 'Indore', NULL, '1', '2020-05-01 08:35:30', '2020-05-01 08:35:30', 0),
(177, 202, 'Gros Islet', 'gros-islet', NULL, 'city_image/no_icons.jpg', 'Gros Islet', 'Gros Islet', 'Gros Islet', NULL, '1', '2020-05-08 13:51:25', '2020-05-08 13:51:25', 0),
(178, 202, 'Malgretoute', 'malgretoute', NULL, 'city_image/no_icons.jpg', 'Malgretoute', 'Malgretoute', 'Malgretoute', NULL, '1', '2020-05-08 13:51:25', '2020-05-08 13:51:25', 0),
(179, 7, 'Puri', 'puri', NULL, 'city_image/no_icons.jpg', 'Puri', 'Puri', 'Puri', NULL, '1', '2020-05-11 12:16:52', '2020-05-11 12:16:52', 0),
(180, 169, 'Namarjung', 'namarjung', NULL, 'city_image/no_icons.jpg', 'Namarjung', 'Namarjung', 'Namarjung', NULL, '1', '2020-05-11 12:16:52', '2020-05-11 12:16:52', 0),
(181, 7, 'Meerut', 'meerut', NULL, 'city_image/no_icons.jpg', 'Meerut', 'Meerut', 'Meerut', NULL, '1', '2020-05-11 12:16:52', '2020-05-11 12:16:52', 0),
(182, 7, 'Agra', 'agra', NULL, 'city_image/no_icons.jpg', 'Agra', 'Agra', 'Agra', NULL, '1', '2020-05-11 12:21:02', '2020-05-11 12:21:02', 0),
(183, 7, 'Gurugram', 'gurugram', NULL, 'city_image/no_icons.jpg', 'Gurugram', 'Gurugram', 'Gurugram', NULL, '1', '2020-05-11 13:33:28', '2020-05-11 13:33:28', 0),
(184, 50, 'Laurel', 'laurel', NULL, 'city_image/no_icons.jpg', 'Laurel', 'Laurel', 'Laurel', NULL, '1', '2020-05-11 14:30:35', '2020-05-11 14:30:35', 0),
(185, 7, 'Mathura', 'mathura', NULL, 'city_image/no_icons.jpg', 'Mathura', 'Mathura', 'Mathura', NULL, '1', '2020-05-11 15:18:06', '2020-05-11 15:18:06', 0),
(186, 7, 'Jakrawar', 'jakrawar', NULL, 'city_image/no_icons.jpg', 'Jakrawar', 'Jakrawar', 'Jakrawar', NULL, '1', '2020-05-11 15:18:06', '2020-05-11 15:18:06', 0),
(187, 7, 'Dehradun', 'dehradun', NULL, 'city_image/no_icons.jpg', 'Bhopal', 'Bhopal', 'Bhopal', NULL, '1', '2020-05-12 06:08:13', '2020-05-12 06:08:13', 0),
(188, 7, 'Sagar', 'sagar', NULL, 'city_image/no_icons.jpg', 'Sagar', 'Sagar', 'Sagar', NULL, '1', '2020-05-12 06:39:48', '2020-05-12 06:39:48', 0),
(189, 7, 'Bhopal', 'bhopal', NULL, 'city_image/no_icons.jpg', 'Bhopal', 'Bhopal', 'Bhopal', NULL, '1', '2020-05-12 06:39:48', '2020-05-12 06:39:48', 0),
(190, 7, 'Prayagraj', 'prayagraj', NULL, 'city_image/no_icons.jpg', 'Noida', 'Noida', 'Noida', NULL, '1', '2020-05-12 06:39:48', '2020-05-12 06:39:48', 0),
(191, 7, 'Chandigarh', 'chandigarh', NULL, 'city_image/no_icons.jpg', 'Chandigarh', 'Chandigarh', 'Chandigarh', NULL, '1', '2020-05-12 08:36:07', '2020-05-12 08:36:07', 0),
(192, 23, 'Guadalajara', 'guadalajara', NULL, 'city_image/no_icons.jpg', 'Guadalajara', 'Guadalajara', 'Guadalajara', NULL, '1', '2020-05-12 12:27:43', '2020-05-12 12:27:43', 0),
(193, 7, 'Hyderabad', 'hyderabad', NULL, 'city_image/no_icons.jpg', 'Hyderabad', 'Hyderabad', 'Hyderabad', NULL, '1', '2020-05-13 06:00:13', '2020-05-13 06:00:13', 0);

-- --------------------------------------------------------

--
-- Table structure for table `continents_continents`
--

DROP TABLE IF EXISTS `continents_continents`;
CREATE TABLE `continents_continents` (
  `id` int(11) NOT NULL,
  `title` varchar(255) NOT NULL,
  `url_alias` varchar(255) DEFAULT NULL,
  `description` longtext,
  `image` varchar(100) NOT NULL,
  `meta_title` longtext,
  `meta_keywords` longtext,
  `meta_description` longtext,
  `sort_by` varchar(10) DEFAULT NULL,
  `status` varchar(1) NOT NULL,
  `created_at` datetime NOT NULL,
  `updated_at` datetime NOT NULL,
  `checkid` int(11) DEFAULT NULL
) ENGINE=InnoDB DEFAULT CHARSET=utf8;

--
-- Dumping data for table `continents_continents`
--

INSERT INTO `continents_continents` (`id`, `title`, `url_alias`, `description`, `image`, `meta_title`, `meta_keywords`, `meta_description`, `sort_by`, `status`, `created_at`, `updated_at`, `checkid`) VALUES
(1, 'Africa', 'africa', '<p>Testing Description</p>', 'continents_image/africa.jpg', NULL, NULL, NULL, NULL, '1', '2018-06-04 14:52:46', '2018-06-21 08:15:02', 0),
(2, 'Asia', 'asia', '<p>Asia Tetsing</p>', 'continents_image/asia.jpg', NULL, NULL, NULL, NULL, '1', '2018-06-04 14:55:45', '2018-06-21 08:15:31', 0),
(3, 'Australia & Pacific', 'australia-pacific', '<p>Australia &amp; Pacific Testsing</p>', 'continents_image/australia.jpg', NULL, NULL, NULL, NULL, '1', '2018-06-04 14:59:50', '2018-06-21 08:15:42', 0),
(4, 'The Caribbean', 'the-caribbean', '<p>Testing&nbsp;The Caribbean</p>', 'continents_image/caribbean.jpg', NULL, NULL, NULL, NULL, '1', '2018-06-21 08:16:28', '2018-06-21 08:16:28', 0),
(5, 'Central America', 'central-america', '<p>Description of Central America</p>', 'continents_image/central_america.jpg', NULL, NULL, NULL, NULL, '1', '2018-06-21 08:17:05', '2018-06-21 08:17:05', 0),
(6, 'The Middle East', 'the-middle-east', '<p>Description of&nbsp;The Middle East</p>', 'continents_image/middle_east.jpg', NULL, NULL, NULL, NULL, '1', '2018-06-21 08:17:41', '2018-06-21 08:17:41', 0),
(7, 'Europe', 'europe', '<p>Descriptions of&nbsp;Europe</p>', 'continents_image/europe.jpg', NULL, NULL, NULL, NULL, '1', '2018-06-21 08:18:14', '2018-06-21 08:18:14', 0),
(8, 'North America', 'north-america', '<p>Descriptions of North America</p>', 'continents_image/north_america.jpg', NULL, NULL, NULL, NULL, '1', '2018-06-21 08:18:39', '2018-06-21 08:18:39', 0),
(11, 'Antarctica', 'antarctica', NULL, 'continents_image/antartica_MXIRNFG.jpg', 'Antarctica', 'Antarctica', 'Antarctica', '1', '1', '2019-02-13 07:19:27', '2019-02-13 07:19:27', 0);

-- --------------------------------------------------------

--
-- Table structure for table `continents_country`
--

DROP TABLE IF EXISTS `continents_country`;
CREATE TABLE `continents_country` (
  `id` int(11) NOT NULL,
  `continent_id` int(11) DEFAULT NULL,
  `title` varchar(255) NOT NULL,
  `url_alias` varchar(255) DEFAULT NULL,
  `country_code` varchar(255) DEFAULT '2019-10-09 14:04:47.871793+00:00',
  `description` longtext,
  `image` varchar(100) DEFAULT NULL,
  `meta_title` longtext,
  `meta_keywords` longtext,
  `meta_description` longtext,
  `sort_by` varchar(10) DEFAULT NULL,
  `status` varchar(1) NOT NULL,
  `created_at` datetime NOT NULL,
  `updated_at` datetime NOT NULL,
  `checkid` int(11) DEFAULT NULL
) ENGINE=InnoDB DEFAULT CHARSET=utf8;

--
-- Dumping data for table `continents_country`
--

INSERT INTO `continents_country` (`id`, `continent_id`, `title`, `url_alias`, `country_code`, `description`, `image`, `meta_title`, `meta_keywords`, `meta_description`, `sort_by`, `status`, `created_at`, `updated_at`, `checkid`) VALUES
(1, 1, 'South Africa', 'south-africa', 'ZA', '<p>South Africa</p>', 'country_image/south_africa.jpg', 'South Africa', 'South Africa', 'South Africa', NULL, '1', '2018-06-06 08:16:34', '2019-10-11 11:20:14', 0),
(2, 1, 'Ghana', 'ghana', 'GH', '<p>Ghana</p>', 'country_image/south_africa_z4HftyC.jpg', 'Ghana', 'Ghana', 'Ghana', NULL, '1', '2018-06-06 08:17:40', '2019-10-11 10:52:08', 0),
(3, 1, 'Zimbabwe', 'zimbabwe', 'ZW', '<p>Zimbabwe</p>', 'country_image/zimbabwe.jpg', 'Zimbabwe', 'Zimbabwe', 'Zimbabwe', NULL, '1', '2018-07-04 08:25:52', '2019-10-11 11:29:05', 0),
(4, 1, 'Egypt', 'egypt', 'EG', '<p>Egypt</p>', 'country_image/Egypt.jpg', 'Egypt', 'Egypt', 'Egypt', NULL, '1', '2018-07-04 08:26:59', '2019-10-11 10:48:04', 0),
(5, 1, 'Cameroon', 'cameroon', 'CM', '<p>Cameroon</p>', 'country_image/Cameroon.jpg', 'Cameroon', 'Cameroon', 'Cameroon', NULL, '1', '2018-07-04 08:31:16', '2019-10-11 10:42:29', 0),
(6, 1, 'Eritrea', 'eritrea', 'ER', '<p>Eritrea</p>', 'country_image/Eritrea.jpg', 'Eritrea', 'Eritrea', 'Eritrea', NULL, '1', '2018-07-04 08:32:04', '2019-10-11 10:48:48', 0),
(7, 2, 'India', 'india', 'IN', '<p>India</p>', 'country_image/Eritrea_LtEJ3fO.jpg', 'India', 'India', 'India', NULL, '1', '2018-07-04 08:45:38', '2019-10-11 10:56:54', 0),
(8, 2, 'Thailand', 'thailand', 'TH', '<p>Thailand</p>', 'country_image/Egypt_UWayVxm.jpg', 'Thailand', 'Thailand', 'Thailand', NULL, '1', '2018-07-04 08:46:13', '2019-10-11 11:23:32', 0),
(9, 2, 'China', 'china', 'CN', '<p>China</p>', 'country_image/south_africa_QvLCgAt.jpg', 'China', 'China', 'China', NULL, '1', '2018-07-04 08:46:36', '2019-10-11 10:43:59', 0),
(10, 2, 'Bhutan', 'bhutan', 'BT', '<p>Bhutan</p>', 'country_image/Eritrea_1TOasns.jpg', 'Bhutan', 'Bhutan', 'Bhutan', NULL, '1', '2018-07-04 08:47:00', '2019-10-11 10:36:27', 0),
(11, 2, 'Sri Lanka', 'sri-lanka', 'LK', '<p>Sri Lanka</p>', 'country_image/Sri_Lanka.jpg', 'Sri Lanka', 'Sri Lanka', 'Sri Lanka', NULL, '1', '2018-07-04 08:48:02', '2019-10-11 11:20:57', 0),
(12, 2, 'Bangladesh', 'bangladesh', 'BD', '<p>Bangladesh</p>', 'country_image/Sri_Lanka2.jpg', 'Bangladesh', 'Bangladesh', 'Bangladesh', NULL, '1', '2018-07-04 08:48:26', '2019-10-11 10:34:12', 0),
(13, 3, 'Australia', 'australia', 'AU', '<p><strong>Australia</strong></p>', 'country_image/Cameroon_k588EGo.jpg', 'Australia', 'Australia', 'Australia', NULL, '1', '2018-07-04 14:21:34', '2019-10-11 10:32:01', 0),
(14, 3, 'Papua New Guinea', 'papua-new-guinea', 'PG', '<p>Papua New Guinea</p>', 'country_image/Eritrea_e7IbxQC.jpg', 'Papua New Guinea', 'Papua New Guinea', 'Papua New Guinea', NULL, '1', '2018-07-04 14:22:06', '2019-10-11 11:13:14', 0),
(15, 4, 'Bahamas', 'bahamas', 'BS', '<p>Bahamas</p>', 'country_image/Egypt_vrQL3cp.jpg', 'Bahamas', 'Bahamas', 'Bahamas', NULL, '1', '2018-07-04 14:22:56', '2019-10-11 10:33:34', 0),
(16, 4, 'Trinidad and Tobago', 'trinidad-and-tobago', 'TT', '<p>Trinidad and Tobago</p>', 'country_image/Sri_Lanka2_4NJ9YiH.jpg', 'Trinidad and Tobago', 'Trinidad and Tobago', 'Trinidad and Tobago', NULL, '1', '2018-07-04 14:23:38', '2019-10-11 11:24:50', 0),
(17, 5, 'Colombia', 'colombia', 'CO', '<p>Colombia</p>', 'country_image/Cameroon_riUlWTc.jpg', 'Colombia', 'Colombia', 'Colombia', NULL, '1', '2018-07-04 14:24:30', '2019-10-11 10:44:27', 0),
(18, 5, 'Belize', 'belize', 'BZ', '<p>Belize</p>', 'country_image/Cameroon_wkYHu88.jpg', 'Belize', 'Belize', 'Belize', NULL, '1', '2018-07-04 14:25:49', '2019-10-11 10:35:39', 0),
(19, 6, 'Syria', 'syria', 'SY', '<p>Syria</p>', 'country_image/Cameroon_tUOkgK0.jpg', 'Syria', 'Syria', 'Syria', NULL, '1', '2018-07-04 14:26:33', '2018-08-08 08:50:39', 0),
(20, 6, 'Israel', 'israel', 'IL', '<p>Israel</p>', 'country_image/Sri_Lanka2_gMCClh5.jpg', 'Israel', 'Israel', 'Israel', NULL, '1', '2018-07-04 14:26:55', '2018-08-08 08:50:44', 0),
(21, 7, 'Germany', 'germany', 'DE', '<p>Germany</p>', 'country_image/Eritrea_8wcNYQv.jpg', 'Germany', 'Germany', 'Germany', NULL, '1', '2018-07-04 14:27:40', '2019-10-11 10:51:53', 0),
(22, 7, 'France', 'france', 'FR', '<p>France</p>', 'country_image/south_africa_dLiedCC.jpg', 'France', 'France', 'France', NULL, '1', '2018-07-04 14:28:01', '2019-10-11 10:50:21', 0),
(23, 8, 'Mexico', 'mexico', 'MX', '<p>Mexico</p>', 'country_image/Cameroon_1SNNmqp.jpg', 'Mexico', 'Mexico', 'Mexico', NULL, '1', '2018-07-04 14:31:03', '2019-10-11 11:06:57', 0),
(24, 8, 'Canada', 'canada', 'CA', '<p>Canada</p>', 'country_image/Eritrea_8tYo9KD.jpg', 'Canada', 'Canada', 'Canada', NULL, '1', '2018-07-04 14:31:25', '2019-10-11 10:42:43', 0),
(50, 8, 'United States', 'united-states', 'US', '', 'country_image/new_york_city.jpg', 'United States', 'United States', 'United States', NULL, '1', '2019-01-30 14:57:30', '2019-10-11 11:26:48', 0),
(51, 1, 'Algeria', 'algeria', 'DZ', '', 'country_image/no_image.jpg', 'Algeria', 'Algeria', 'Algeria', NULL, '1', '2019-01-30 15:01:04', '2019-10-11 10:28:25', 0),
(52, 1, 'Angola', 'angola', 'AO', '', 'country_image/no_icons.jpg', 'Angola', 'Angola', 'Angola', NULL, '1', '2019-01-30 15:01:16', '2019-10-11 10:29:31', 0),
(53, 1, 'Benin', 'benin', 'BJ', '', 'country_image/no_icons.jpg', 'Benin', 'Benin', 'Benin', NULL, '1', '2019-01-30 15:01:32', '2019-10-11 10:35:57', 0),
(54, 1, 'Botswana', 'botswana', 'BW', '', 'country_image/no_icons.jpg', 'Botswana', 'Botswana', 'Botswana', NULL, '1', '2019-01-30 15:01:59', '2019-10-11 10:37:27', 0),
(55, 1, 'Burkina Faso', 'burkina-faso', 'BF', '', 'country_image/no_icons.jpg', 'Burkina Faso', 'Burkina Faso', 'Burkina Faso', NULL, '1', '2019-01-30 15:02:25', '2019-10-11 10:41:44', 0),
(56, 1, 'Burundi', 'burundi', 'BI', '', 'country_image/no_icons.jpg', 'Burundi', 'Burundi', 'Burundi', NULL, '1', '2019-01-30 15:02:40', '2019-10-11 10:41:57', 0),
(57, 1, 'Cape Verde', 'cape-verde', 'CV', '', 'country_image/no_icons.jpg', 'Cape Verde', 'Cape Verde', 'Cape Verde', NULL, '1', '2019-01-30 15:03:09', '2019-10-11 10:42:59', 0),
(58, 1, 'Central African Republic', 'central-african-republic', 'CF', '', 'country_image/no_icons.jpg', 'Central African Republic', 'Central African Republic', 'Central African Republic', NULL, '1', '2019-01-30 15:03:24', '2019-10-11 10:43:20', 0),
(59, 1, 'Chad', 'chad', 'TD', '', 'country_image/no_icons.jpg', 'Chad', 'Chad', 'Chad', NULL, '1', '2019-01-30 15:03:36', '2019-10-11 10:43:32', 0),
(60, 1, 'Comoros', 'comoros', 'KM', '', 'country_image/no_icons.jpg', 'Comoros', 'Comoros', 'Comoros', NULL, '1', '2019-01-30 15:03:48', '2019-10-11 10:44:40', 0),
(61, 1, 'Republic of the Congo', 'republic-of-the-congo', 'CD', '', 'country_image/no_icons.jpg', 'Republic of the Congo', 'Republic of the Congo', 'Republic of the Congo', NULL, '1', '2019-01-30 15:04:07', '2019-10-11 10:45:02', 0),
(63, 1, 'Cote d\'Ivoire', 'cote-divoire', 'CI', '', 'country_image/no_icons.jpg', 'Cote d\'Ivoire', 'Cote d\'Ivoire', 'Cote d\'Ivoire', NULL, '1', '2019-01-30 15:05:03', '2019-10-11 10:46:45', 0),
(64, 1, 'Djibouti', 'djibouti', 'DJ', '', 'country_image/no_icons.jpg', 'Djibouti', 'Djibouti', 'Djibouti', NULL, '1', '2019-01-30 15:05:20', '2019-10-11 10:47:15', 0),
(65, 1, 'Equatorial Guinea', 'equatorial-guinea', 'GQ', '', 'country_image/no_icons.jpg', 'Equatorial Guinea', 'Equatorial Guinea', 'Equatorial Guinea', NULL, '1', '2019-01-30 15:05:51', '2019-10-11 10:54:37', 0),
(66, 1, 'Ethiopia', 'ethiopia', 'ET', '', 'country_image/no_icons.jpg', 'Ethiopia', 'Ethiopia', 'Ethiopia', NULL, '1', '2019-01-30 15:06:15', '2019-10-11 10:49:17', 0),
(67, 1, 'Gabon', 'gabon', 'GA', '', 'country_image/no_icons.jpg', 'Gabon', 'Gabon', 'Gabon', NULL, '1', '2019-01-30 15:06:26', '2019-10-11 10:51:06', 0),
(69, 1, 'The Gambia', 'the-gambia', 'GM', '', 'country_image/no_icons.jpg', 'The Gambia', 'The Gambia', 'The Gambia', NULL, '1', '2019-01-30 15:06:55', '2019-10-11 10:51:19', 0),
(70, 1, 'Guinea-Bissau', 'guinea-bissau', 'GW', '', 'country_image/no_icons.jpg', 'Guinea-Bissau', 'Guinea-Bissau', 'Guinea-Bissau', NULL, '1', '2019-01-30 15:07:19', '2019-10-11 10:54:11', 0),
(71, 1, 'Kenya', 'kenya', 'KE', '', 'country_image/no_icons.jpg', 'Kenya', 'Kenya', 'Kenya', NULL, '1', '2019-01-30 15:07:30', '2019-10-11 11:00:33', 0),
(72, 1, 'Lesotho', 'lesotho', 'LS', '', 'country_image/no_icons.jpg', 'Lesotho', 'Lesotho', 'Lesotho', NULL, '1', '2019-01-30 15:07:47', '2019-10-11 11:03:02', 0),
(73, 1, 'Liberia', 'liberia', 'LR', '', 'country_image/no_icons.jpg', 'Liberia', 'Liberia', 'Liberia', NULL, '1', '2019-01-30 15:07:56', '2019-10-11 11:03:15', 0),
(74, 1, 'Libya', 'libya', 'LY', '', 'country_image/no_icons.jpg', 'Libya', 'Libya', 'Libya', NULL, '1', '2019-01-30 15:08:06', '2019-10-11 11:03:27', 0),
(75, 1, 'Madagascar', 'madagascar', 'MG', '', 'country_image/no_icons.jpg', 'Madagascar', 'Madagascar', 'Madagascar', NULL, '1', '2019-01-30 15:08:19', '2019-10-11 11:04:40', 0),
(76, 1, 'Malawi', 'malawi', 'MW', '', 'country_image/no_icons.jpg', 'Malawi', 'Malawi', 'Malawi', NULL, '1', '2019-01-30 15:08:36', '2019-10-11 11:04:56', 0),
(77, 1, 'Mali', 'mali', 'ML', '', 'country_image/no_icons.jpg', 'Mali', 'Mali', 'Mali', NULL, '1', '2019-01-30 15:08:48', '2019-10-11 11:05:40', 0),
(78, 1, 'Mauritania', 'mauritania', 'MR', '', 'country_image/no_icons.jpg', 'Mauritania', 'Mauritania', 'Mauritania', NULL, '1', '2019-01-30 15:10:32', '2019-10-11 11:06:24', 0),
(79, 1, 'Mauritius', 'mauritius', 'MU', '', 'country_image/no_icons.jpg', 'Mauritius', 'Mauritius', 'Mauritius', NULL, '1', '2019-01-30 15:10:50', '2019-10-11 11:06:36', 0),
(80, 1, 'Morocco', 'morocco', 'MA', '', 'country_image/no_icons.jpg', 'Morocco', 'Morocco', 'Morocco', NULL, '1', '2019-01-30 15:11:03', '2019-10-11 11:08:31', 0),
(81, 1, 'Mozambique', 'mozambique', 'MZ', '', 'country_image/no_icons.jpg', 'Mozambique', 'Mozambique', 'Mozambique', NULL, '1', '2019-01-30 15:11:26', '2019-10-11 11:08:43', 0),
(82, 1, 'Namibia', 'namibia', 'NA', '', 'country_image/no_icons.jpg', 'Namibia', 'Namibia', 'Namibia', NULL, '1', '2019-01-30 15:11:36', '2019-10-11 11:09:13', 0),
(83, 1, 'Niger', 'niger', 'NE', '', 'country_image/no_icons.jpg', 'Niger', 'Niger', 'Niger', NULL, '1', '2019-01-30 15:11:48', '2019-10-11 11:10:52', 0),
(84, 1, 'Nigeria', 'nigeria', 'NG', '', 'country_image/no_icons.jpg', 'Nigeria', 'Nigeria', 'Nigeria', NULL, '1', '2019-01-30 15:11:58', '2019-10-11 11:11:03', 0),
(85, 1, 'Rwanda', 'rwanda', 'RW', '', 'country_image/no_icons.jpg', 'Rwanda', 'Rwanda', 'Rwanda', NULL, '1', '2019-01-30 15:12:08', '2019-10-11 11:15:40', 0),
(86, 1, 'Sao Tome and Principe', 'sao-tome-and-principe', 'ST', '', 'country_image/no_icons.jpg', 'Sao Tome and Principe', 'Sao Tome and Principe', 'Sao Tome and Principe', NULL, '1', '2019-01-30 15:12:29', '2019-10-11 11:17:35', 0),
(87, 1, 'Senegal', 'senegal', 'SN', '', 'country_image/no_icons.jpg', 'Senegal', 'Senegal', 'Senegal', NULL, '1', '2019-01-30 15:12:44', '2019-10-11 11:18:01', 0),
(88, 1, 'Seychelles', 'seychelles', 'SC', '', 'country_image/no_icons.jpg', 'Seychelles', 'Seychelles', 'Seychelles', NULL, '1', '2019-01-30 15:12:56', '2019-10-11 11:18:25', 0),
(89, 1, 'Sierra Leone', 'sierra-leone', 'SL', '', 'country_image/no_icons.jpg', 'Sierra Leone', 'Sierra Leone', 'Sierra Leone', NULL, '1', '2019-01-30 15:13:08', '2019-10-11 11:18:37', 0),
(90, 1, 'Somalia', 'somalia', 'SO', '', 'country_image/no_icons.jpg', 'Somalia', 'Somalia', 'Somalia', NULL, '1', '2019-01-30 15:13:19', '2019-10-11 11:20:00', 0),
(91, 1, 'South Sudan', 'south-sudan', 'SS', '', 'country_image/no_icons.jpg', 'South Sudan', 'South Sudan', 'South Sudan', NULL, '1', '2019-01-30 15:13:40', '2019-10-11 11:21:18', 0),
(93, 1, 'Swaziland', 'swaziland', 'SZ', '', 'country_image/no_icons.jpg', 'Swaziland', 'Swaziland', 'Swaziland', NULL, '1', '2019-01-30 15:14:01', '2019-10-11 11:21:52', 0),
(94, 1, 'Tanzania', 'tanzania', 'TZ', '', 'country_image/no_icons.jpg', 'Tanzania', 'Tanzania', 'Tanzania', NULL, '1', '2019-01-30 15:14:14', '2019-10-11 11:23:14', 0),
(95, 1, 'Togo', 'togo', 'TG', '', 'country_image/no_icons.jpg', 'Togo', 'Togo', 'Togo', NULL, '1', '2019-01-30 15:14:25', '2019-10-11 11:24:11', 0),
(96, 1, 'Tunisia', 'tunisia', 'TN', '', 'country_image/no_icons.jpg', 'Tunisia', 'Tunisia', 'Tunisia', NULL, '1', '2019-01-30 15:14:34', '2019-10-11 11:25:03', 0),
(97, 1, 'Uganda', 'uganda', 'UG', '', 'country_image/no_icons.jpg', 'Uganda', 'Uganda', 'Uganda', NULL, '1', '2019-01-30 15:14:47', '2019-10-11 11:25:57', 0),
(98, 1, 'Western Sahara', 'western-sahara', 'EH', '', 'country_image/no_icons.jpg', 'Western Sahara', 'Western Sahara', 'Western Sahara', NULL, '1', '2019-01-30 15:14:58', '2019-10-11 11:28:21', 0),
(99, 1, 'Zambia', 'zambia', 'ZM', '', 'country_image/no_icons.jpg', 'Zambia', 'Zambia', 'Zambia', NULL, '1', '2019-01-30 15:15:07', '2019-10-11 11:28:49', 0),
(100, 7, 'Albania', 'albania', 'AL', '', 'country_image/no_icons.jpg', 'Albania', 'Albania', 'Albania', '1', '1', '2019-06-25 07:55:13', '2019-10-11 10:27:57', 0),
(101, 7, 'Andorra', 'andorra', 'AD', '', 'country_image/no_icons.jpg', 'Andorra', 'Andorra', 'Andorra', NULL, '1', '2019-06-25 07:56:26', '2019-10-11 10:29:16', 0),
(102, 7, 'Armenia', 'armenia', 'AM', '', 'country_image/no_icons.jpg', 'Armenia', 'Armenia', 'Armenia', NULL, '1', '2019-06-25 08:11:59', '2019-10-11 10:31:20', 0),
(103, 7, 'Austria', 'austria', 'AT', '', 'country_image/no_icons.jpg', 'Austria', 'Austria', 'Austria', NULL, '1', '2019-06-25 08:13:25', '2019-10-11 10:32:19', 0),
(104, 7, 'Azerbaijan', 'azerbaijan', 'AZ', '', 'country_image/no_icons.jpg', 'Azerbaijan', 'Azerbaijan', 'Azerbaijan', NULL, '1', '2019-06-25 08:14:16', '2019-10-11 10:32:39', 0),
(105, 7, 'Belarus', 'belarus', 'BY', '', 'country_image/no_icons.jpg', 'Belarus', 'Belarus', 'Belarus', NULL, '1', '2019-06-25 08:14:36', '2019-10-11 10:35:00', 0),
(106, 7, 'Belgium', 'belgium', 'BE', '', 'country_image/no_icons.jpg', 'Belgium', 'Belgium', 'Belgium', NULL, '1', '2019-06-25 08:15:06', '2019-10-11 10:35:17', 0),
(107, 7, 'Bosnia and Herzegovina', 'bosnia-and-herzegovina', 'BA', '', 'country_image/no_icons.jpg', 'Bosnia and Herzegovina', 'Bosnia and Herzegovina', 'Bosnia and Herzegovina', NULL, '1', '2019-06-25 08:15:44', '2019-10-11 10:37:13', 0),
(108, 7, 'Bulgaria', 'bulgaria', 'BG', '', 'country_image/no_icons.jpg', 'Bulgaria', 'Bulgaria', 'Bulgaria', NULL, '1', '2019-06-25 08:16:02', '2019-10-11 10:41:28', 0),
(109, 7, 'Croatia', 'croatia', 'HR', '', 'country_image/no_icons.jpg', 'Croatia', 'Croatia', 'Croatia', NULL, '1', '2019-06-25 08:16:26', '2019-10-11 10:45:41', 0),
(110, 7, 'Cyprus', 'cyprus', 'CY', '', 'country_image/no_icons.jpg', 'Cyprus', 'Cyprus', 'Cyprus', NULL, '1', '2019-06-25 08:16:42', '2019-10-11 10:46:14', 0),
(111, 7, 'Czech Republic', 'czech-republic', 'CZ', '', 'country_image/no_icons.jpg', 'Czech Republic', 'Czech Republic', 'Czech Republic', NULL, '1', '2019-06-25 08:17:00', '2019-10-11 10:46:29', 0),
(112, 7, 'Denmark', 'denmark', 'DK', '', 'country_image/no_icons.jpg', 'Denmark', 'Denmark', 'Denmark', NULL, '1', '2019-06-25 08:17:17', '2019-10-11 10:47:00', 0),
(113, 7, 'Estonia', 'estonia', 'EE', '', 'country_image/no_icons.jpg', 'Estonia', 'Estonia', 'Estonia', NULL, '1', '2019-06-25 08:17:35', '2019-10-11 10:48:59', 0),
(114, 7, 'Finland', 'finland', 'FI', '', 'country_image/no_icons.jpg', 'Finland', 'Finland', 'Finland', NULL, '1', '2019-06-25 08:17:52', '2019-10-11 10:50:05', 0),
(116, 7, 'Georgia', 'georgia', 'GE', '', 'country_image/no_icons.jpg', 'Georgia', 'Georgia', 'Georgia', NULL, '1', '2019-06-25 08:19:59', '2019-10-11 10:51:36', 0),
(117, 7, 'Greece', 'greece', 'GR', '', 'country_image/no_icons.jpg', 'Greece', 'Greece', 'Greece', NULL, '1', '2019-06-25 08:20:16', '2019-10-11 10:52:33', 0),
(118, 7, 'Hungary', 'hungary', 'HU', '', 'country_image/no_icons.jpg', 'Hungary', 'Hungary', 'Hungary', NULL, '1', '2019-06-25 08:20:33', '2019-10-11 10:56:26', 0),
(119, 7, 'Iceland', 'iceland', 'IS', '', 'country_image/no_icons.jpg', 'Iceland', 'Iceland', 'Iceland', NULL, '1', '2019-06-25 08:20:48', '2019-10-11 10:56:40', 0),
(120, 7, 'Ireland', 'ireland', 'IE', '', 'country_image/no_icons.jpg', 'Ireland', 'Ireland', 'Ireland', NULL, '1', '2019-06-25 08:21:06', '2019-10-11 10:57:55', 0),
(121, 7, 'Italy', 'italy', 'IT', '', 'country_image/no_icons.jpg', 'Italy', 'Italy', 'Italy', NULL, '1', '2019-06-25 08:21:25', '2019-10-11 10:59:00', 0),
(122, 7, 'Latvia', 'latvia', 'LV', '', 'country_image/no_icons.jpg', 'Latvia', 'Latvia', 'Latvia', NULL, '1', '2019-06-25 08:21:40', '2019-10-11 11:02:31', 0),
(123, 7, 'Liechtenstein', 'liechtenstein', 'LI', '', 'country_image/no_icons.jpg', 'Liechtenstein', 'Liechtenstein', 'Liechtenstein', NULL, '1', '2019-06-25 08:21:59', '2019-10-11 11:03:40', 0),
(124, 7, 'Lithuania', 'lithuania', 'LT', '', 'country_image/no_icons.jpg', 'Lithuania', 'Lithuania', 'Lithuania', NULL, '1', '2019-06-25 08:22:17', '2019-10-11 11:03:52', 0),
(125, 7, 'Luxembourg', 'luxembourg', 'LU', '', 'country_image/no_icons.jpg', 'Luxembourg', 'Luxembourg', 'Luxembourg', NULL, '1', '2019-06-25 08:22:33', '2019-10-11 11:04:03', 0),
(126, 7, 'Macedonia', 'macedonia', 'MK', '', 'country_image/no_icons.jpg', 'Macedonia', 'Macedonia', 'Macedonia', NULL, '1', '2019-06-25 08:22:49', '2019-10-11 11:04:25', 0),
(127, 7, 'Malta', 'malta', 'MT', '', 'country_image/no_icons.jpg', 'Malta', 'Malta', 'Malta', NULL, '1', '2019-06-25 08:23:16', '2019-10-11 11:05:50', 0),
(128, 7, 'Moldova', 'moldova', 'MD', '', 'country_image/no_icons.jpg', 'Moldova', 'Moldova', 'Moldova', NULL, '1', '2019-06-25 08:23:37', '2019-10-11 11:07:21', 0),
(129, 7, 'Monaco', 'monaco', 'MC', '', 'country_image/no_icons.jpg', 'Monaco', 'Monaco', 'Monaco', NULL, '1', '2019-06-25 08:23:55', '2019-10-11 11:07:33', 0),
(130, 7, 'Montenegro', 'montenegro', 'ME', '', 'country_image/no_icons.jpg', 'Montenegro', 'Montenegro', 'Montenegro', NULL, '1', '2019-06-25 08:24:10', '2019-10-11 11:08:09', 0),
(131, 7, 'Netherlands', 'netherlands', 'NL', '', 'country_image/no_icons.jpg', 'Netherlands', 'Netherlands', 'Netherlands', NULL, '1', '2019-06-25 08:24:24', '2019-10-11 11:09:53', 0),
(132, 7, 'Norway', 'norway', 'NO', '', 'country_image/no_icons.jpg', 'Norway', 'Norway', 'Norway', NULL, '1', '2019-06-25 08:25:13', '2019-10-11 11:11:43', 0),
(133, 7, 'Poland', 'poland', 'PL', '', 'country_image/no_icons.jpg', 'Poland', 'Poland', 'Poland', NULL, '1', '2019-06-25 08:25:29', '2019-10-11 11:14:43', 0),
(134, 7, 'Portugal', 'portugal', 'PT', '', 'country_image/no_icons.jpg', 'Portugal', 'Portugal', 'Portugal', NULL, '1', '2019-06-25 08:25:46', '2019-10-11 11:41:03', 0),
(135, 7, 'Romania', 'romania', 'RO', '', 'country_image/no_icons.jpg', 'Romania', 'Romania', 'Romania', NULL, '1', '2019-06-25 08:26:02', '2019-10-11 11:15:13', 0),
(136, 7, 'San Marino', 'san-marino', 'SM', '', 'country_image/no_icons.jpg', 'San Marino', 'San Marino', 'San Marino', NULL, '1', '2019-06-25 08:26:16', '2019-10-11 11:17:19', 0),
(137, 7, 'Serbia', 'serbia', 'RS', '', 'country_image/no_icons.jpg', 'Serbia', 'Serbia', 'Serbia', NULL, '1', '2019-06-25 08:26:32', '2019-10-11 11:18:13', 0),
(138, 7, 'Slovakia', 'slovakia', 'SK', '', 'country_image/no_icons.jpg', 'Slovakia', 'Slovakia', 'Slovakia', NULL, '1', '2019-06-25 08:26:48', '2019-10-11 11:19:13', 0),
(139, 7, 'Slovenia', 'slovenia', 'SI', '', 'country_image/no_icons.jpg', 'Slovenia', 'Slovenia', 'Slovenia', NULL, '1', '2019-06-25 08:27:03', '2019-10-11 11:19:35', 0),
(140, 7, 'Spain', 'spain', 'ES', '', 'country_image/no_icons.jpg', 'Spain', 'Spain', 'Spain', NULL, '1', '2019-06-25 08:27:18', '2019-10-11 11:20:40', 0),
(141, 7, 'Sweden', 'sweden', 'SE', '', 'country_image/no_icons.jpg', 'Sweden', 'Sweden', 'Sweden', NULL, '1', '2019-06-25 08:27:35', '2019-10-11 11:22:03', 0),
(142, 7, 'Switzerland', 'switzerland', 'CH', '', 'country_image/no_icons.jpg', 'Switzerland', 'Switzerland', 'Switzerland', NULL, '1', '2019-06-25 08:27:51', '2019-10-11 11:22:21', 0),
(143, 7, 'Ukraine', 'ukraine', 'UA', '', 'country_image/no_icons.jpg', 'Ukraine', 'Ukraine', 'Ukraine', NULL, '1', '2019-06-25 08:28:12', '2019-10-11 11:26:11', 0),
(144, 7, 'United Kingdom', 'united-kingdom', 'GB', '', 'country_image/no_icons.jpg', 'United Kingdom', 'United Kingdom', 'United Kingdom', NULL, '1', '2019-06-25 08:28:35', '2019-10-11 11:26:37', 0),
(145, 7, 'Vatican City', 'vatican-city', 'VA', '', 'country_image/no_icons.jpg', 'Vatican City', 'Vatican City', 'Vatican City', NULL, '1', '2019-06-25 08:28:52', '2019-10-11 11:42:03', 0),
(147, 2, 'Afghanistan', 'afghanistan', 'AF', '', 'country_image/no_icons.jpg', 'Afghanistan', 'Afghanistan', 'Afghanistan', NULL, '1', '2019-07-12 07:48:26', '2019-10-11 10:27:37', 0),
(148, 2, 'Bahrain', 'bahrain', 'BH', '<p>Bahrain</p>', 'country_image/no_icons.jpg', 'Bahrain', 'Bahrain', 'Bahrain', NULL, '1', '2019-07-12 07:49:46', '2019-10-11 10:33:51', 0),
(149, 2, 'Brunei', 'brunei', 'BN', '<p>Brunei</p>', 'country_image/no_icons.jpg', 'Brunei', 'Brunei', 'Brunei', NULL, '1', '2019-07-12 07:50:36', '2019-10-11 10:38:25', 0),
(150, 2, 'Burma (Myanmar)', 'burma-myanmar', 'MM', '<p>Burma (Myanmar)</p>', 'country_image/no_icons.jpg', 'Burma (Myanmar)', 'Burma (Myanmar)', 'Burma (Myanmar)', NULL, '1', '2019-07-12 07:51:01', '2019-10-11 11:08:59', 0),
(151, 2, 'Cambodia', 'cambodia', 'KH', '<p>Cambodia</p>', 'country_image/no_icons.jpg', 'Cambodia', 'Cambodia', 'Cambodia', NULL, '1', '2019-07-12 07:51:27', '2019-10-11 10:42:10', 0),
(152, 2, 'East Timor', 'east-timor', 'TL', '<p>East Timor</p>', 'country_image/no_icons.jpg', 'East Timor', 'East Timor', 'East Timor', NULL, '1', '2019-07-12 07:51:59', '2019-10-11 11:23:56', 0),
(153, 2, 'Indonesia', 'indonesia', 'ID', '<p>Indonesia</p>', 'country_image/no_icons.jpg', 'Indonesia', 'Indonesia', 'Indonesia', NULL, '1', '2019-07-12 07:52:31', '2019-10-11 10:57:06', 0),
(154, 2, 'Iran', 'iran', 'IR', '', 'country_image/no_icons.jpg', 'Iran', 'Iran', 'Iran', NULL, '1', '2019-07-12 07:53:58', '2019-10-11 10:57:25', 0),
(155, 2, 'Iraq', 'iraq', 'IQ', '', 'country_image/no_icons.jpg', 'Iraq', 'Iraq', 'Iraq', NULL, '1', '2019-07-12 07:54:14', '2019-10-11 10:57:41', 0),
(156, 2, 'Israel', 'israel', 'ISR', '', 'country_image/no_icons.jpg', 'Israel', 'Israel', 'Israel', NULL, '1', '2019-07-12 07:54:35', '2019-10-11 11:43:21', 0),
(157, 2, 'Japan', 'japan', 'JP', '', 'country_image/no_icons.jpg', 'Japan', 'Japan', 'Japan', NULL, '1', '2019-07-12 07:54:54', '2019-10-11 10:59:39', 0),
(158, 2, 'Jordan', 'jordan', 'JO', '', 'country_image/no_icons.jpg', 'Jordan', 'Jordan', 'Jordan', NULL, '1', '2019-07-12 07:55:10', '2019-10-11 11:00:03', 0),
(159, 2, 'Kazakhstan', 'kazakhstan', 'KO', '', 'country_image/no_icons.jpg', 'Kazakhstan', 'Kazakhstan', 'Kazakhstan', NULL, '1', '2019-07-12 07:55:25', '2019-10-11 11:00:16', 0),
(160, 2, 'Korea, North', 'korea-north', 'KP', '', 'country_image/no_icons.jpg', 'Korea, North', 'Korea, North', 'Korea, North', NULL, '1', '2019-07-12 07:55:38', '2019-10-11 11:44:36', 0),
(161, 2, 'Korea, South', 'korea-south', 'KR', '', 'country_image/no_icons.jpg', 'Korea, South', 'Korea, South', 'Korea, South', NULL, '1', '2019-07-12 07:55:53', '2019-10-11 11:44:44', 0),
(162, 2, 'Kuwait', 'kuwait', 'KW', '', 'country_image/no_icons.jpg', 'Kuwait', 'Kuwait', 'Kuwait', NULL, '1', '2019-07-12 07:56:06', '2019-10-11 11:01:42', 0),
(163, 2, 'Kyrgyzstan', 'kyrgyzstan', 'KG', '', 'country_image/no_icons.jpg', 'Kyrgyzstan', 'Kyrgyzstan', 'Kyrgyzstan', NULL, '1', '2019-07-12 07:56:21', '2019-10-11 11:01:54', 0),
(164, 2, 'Laos', 'laos', 'LA', '', 'country_image/no_icons.jpg', 'Laos', 'Laos', 'Laos', NULL, '1', '2019-07-12 07:56:33', '2019-10-11 11:02:16', 0),
(165, 2, 'Lebanon', 'lebanon', 'LB', '', 'country_image/no_icons.jpg', 'Lebanon', 'Lebanon', 'Lebanon', NULL, '1', '2019-07-12 07:56:48', '2019-10-11 11:02:46', 0),
(166, 2, 'Malaysia', 'malaysia', 'MY', '', 'country_image/no_icons.jpg', 'Malaysia', 'Malaysia', 'Malaysia', NULL, '1', '2019-07-12 07:58:56', '2019-10-11 11:05:12', 0),
(167, 2, 'Maldives', 'maldives', 'MV', '', 'country_image/no_icons.jpg', 'Maldives', 'Maldives', 'Maldives', NULL, '1', '2019-07-12 07:59:14', '2019-10-11 11:05:25', 0),
(168, 2, 'Mongolia', 'mongolia', 'MN', '', 'country_image/no_icons.jpg', 'Mongolia', 'Mongolia', 'Mongolia', NULL, '1', '2019-07-12 07:59:27', '2019-10-11 11:07:50', 0),
(169, 2, 'Nepal', 'nepal', 'NP', '', 'country_image/no_icons.jpg', 'Nepal', 'Nepal', 'Nepal', NULL, '1', '2019-07-12 07:59:41', '2019-10-11 11:09:39', 0),
(170, 2, 'Oman', 'oman', 'OM', '', 'country_image/no_icons.jpg', 'Oman', 'Oman', 'Oman', NULL, '1', '2019-07-12 07:59:54', '2019-10-11 11:11:59', 0),
(171, 2, 'Pakistan', 'pakistan', 'PK', '', 'country_image/no_icons.jpg', 'Pakistan', 'Pakistan', 'Pakistan', NULL, '1', '2019-07-12 08:00:07', '2019-10-11 11:12:13', 0),
(172, 2, 'Philippines', 'philippines', 'PH', '', 'country_image/no_icons.jpg', 'Philippines', 'Philippines', 'Philippines', NULL, '1', '2019-07-12 08:00:23', '2019-10-11 11:14:03', 0),
(173, 2, 'Qatar', 'qatar', 'QA', '', 'country_image/no_icons.jpg', 'Qatar', 'Qatar', 'Qatar', NULL, '1', '2019-07-12 08:00:38', '2019-10-11 11:15:00', 0),
(174, 2, 'Russian Federation', 'russian-federation', 'RU', '', 'country_image/no_icons.jpg', 'Russian Federation', 'Russian Federation', 'Russian Federation', NULL, '1', '2019-07-12 08:00:54', '2019-10-11 11:15:26', 0),
(175, 2, 'Saudi Arabia', 'saudi-arabia', 'SA', '', 'country_image/no_icons.jpg', 'Saudi Arabia', 'Saudi Arabia', 'Saudi Arabia', NULL, '1', '2019-07-12 08:01:09', '2019-10-11 11:17:48', 0),
(176, 2, 'Singapore', 'singapore', 'SG', '', 'country_image/no_icons.jpg', 'Singapore', 'Singapore', 'Singapore', NULL, '1', '2019-07-12 08:01:22', '2019-10-11 11:18:49', 0),
(177, 2, 'Syria', 'syria', 'SYR', '', 'country_image/no_icons.jpg', 'Syria', 'Syria', 'Syria', NULL, '1', '2019-07-12 08:01:37', '2019-10-11 11:45:45', 0),
(178, 2, 'Tajikistan', 'tajikistan', 'TJ', '', 'country_image/no_icons.jpg', 'Tajikistan', 'Tajikistan', 'Tajikistan', NULL, '1', '2019-07-12 08:01:52', '2019-10-11 11:22:49', 0),
(179, 2, 'Turkey', 'turkey', 'TR', '', 'country_image/no_icons.jpg', 'Turkey', 'Turkey', 'Turkey', NULL, '1', '2019-07-12 08:02:06', '2019-10-11 11:25:14', 0),
(180, 2, 'Turkmenistan', 'turkmenistan', 'TM', '', 'country_image/no_icons.jpg', 'Turkmenistan', 'Turkmenistan', 'Turkmenistan', NULL, '1', '2019-07-12 08:02:21', '2019-10-11 11:25:26', 0),
(181, 2, 'United Arab Emirates', 'united-arab-emirates', 'AE', '', 'country_image/no_icons.jpg', 'United Arab Emirates', 'United Arab Emirates', 'United Arab Emirates', NULL, '1', '2019-07-12 08:02:39', '2019-10-11 11:26:25', 0),
(182, 2, 'Uzbekistan', 'uzbekistan', 'UZ', '', 'country_image/no_icons.jpg', 'Uzbekistan', 'Uzbekistan', 'Uzbekistan', NULL, '1', '2019-07-12 08:02:54', '2019-10-11 11:27:16', 0),
(183, 2, 'Vietnam', 'vietnam', 'VN', '', 'country_image/no_icons.jpg', 'Vietnam', 'Vietnam', 'Vietnam', NULL, '1', '2019-07-12 08:03:11', '2019-10-11 11:27:56', 0),
(184, 2, 'Yemen', 'yemen', 'YE', '', 'country_image/no_icons.jpg', 'Yemen', 'Yemen', 'Yemen', NULL, '1', '2019-07-12 08:03:28', '2019-10-11 11:28:31', 0),
(185, 8, 'Antigua and Barbuda', 'antigua-and-barbuda', 'AG', '', 'country_image/no_icons.jpg', 'Antigua and Barbuda', 'Antigua and Barbuda', 'Antigua and Barbuda', NULL, '1', '2019-07-12 08:05:31', '2019-10-11 10:30:43', 0),
(186, 8, 'Bahamas', 'bahamas', 'BHS', '', 'country_image/no_icons.jpg', 'Bahamas', 'Bahamas', 'Bahamas', NULL, '1', '2019-07-12 08:05:46', '2019-10-11 10:33:26', 0),
(187, 8, 'Barbados', 'barbados', 'BB', '', 'country_image/no_icons.jpg', 'Barbados', 'Barbados', 'Barbados', NULL, '1', '2019-07-12 08:06:00', '2019-10-11 10:34:29', 0),
(188, 8, 'Belize', 'belize', 'BLZ', '', 'country_image/no_icons.jpg', 'Belize', 'Belize', 'Belize', NULL, '1', '2019-07-12 08:06:13', '2019-10-11 11:46:36', 0),
(189, 8, 'Costa Rica', 'costa-rica', 'CR', '', 'country_image/no_icons.jpg', 'Costa Rica', 'Costa Rica', 'Costa Rica', NULL, '1', '2019-07-12 08:06:31', '2019-10-11 10:45:26', 0),
(190, 8, 'Cuba', 'cuba', 'CU', '', 'country_image/no_icons.jpg', 'Cuba', 'Cuba', 'Cuba', NULL, '1', '2019-07-12 08:06:56', '2019-10-11 10:45:54', 0),
(191, 8, 'Dominica', 'dominica', 'DM', '', 'country_image/no_icons.jpg', 'Dominica', 'Dominica', 'Dominica', NULL, '1', '2019-07-12 08:07:10', '2019-10-11 10:47:27', 0),
(192, 8, 'Dominican Republic', 'dominican-republic', 'DO', '', 'country_image/no_icons.jpg', 'Dominican Republic', 'Dominican Republic', 'Dominican Republic', NULL, '1', '2019-07-12 08:07:24', '2019-10-11 10:47:37', 0),
(193, 8, 'El Salvador', 'el-salvador', 'SV', '', 'country_image/no_icons.jpg', 'El Salvador', 'El Salvador', 'El Salvador', NULL, '1', '2019-07-12 08:07:39', '2019-10-11 10:48:19', 0),
(194, 8, 'Grenada', 'grenada', 'GD', '', 'country_image/no_icons.jpg', 'Grenada', 'Grenada', 'Grenada', NULL, '1', '2019-07-12 08:07:53', '2019-10-11 10:53:02', 0),
(195, 8, 'Guatemala', 'guatemala', 'GT', '', 'country_image/no_icons.jpg', 'Guatemala', 'Guatemala', 'Guatemala', NULL, '1', '2019-07-12 08:08:06', '2019-10-11 10:53:36', 0),
(196, 8, 'Haiti', 'haiti', 'HT', '', 'country_image/no_icons.jpg', 'Haiti', 'Haiti', 'Haiti', NULL, '1', '2019-07-12 08:08:18', '2019-10-11 10:55:12', 0),
(197, 8, 'Honduras', 'honduras', 'HN', '', 'country_image/no_icons.jpg', 'Honduras', 'Honduras', 'Honduras', NULL, '1', '2019-07-12 08:08:35', '2019-10-11 10:56:04', 0),
(198, 8, 'Jamaica', 'jamaica', 'JM', '', 'country_image/no_icons.jpg', 'Jamaica', 'Jamaica', 'Jamaica', NULL, '1', '2019-07-12 08:08:48', '2019-10-11 10:59:25', 0),
(199, 8, 'Nicaragua', 'nicaragua', 'NI', '', 'country_image/no_icons.jpg', 'Nicaragua', 'Nicaragua', 'Nicaragua', NULL, '1', '2019-07-12 08:09:02', '2019-10-11 11:10:32', 0),
(200, 8, 'Panama', 'panama', 'PA', '', 'country_image/no_icons.jpg', 'Panama', 'Panama', 'Panama', NULL, '1', '2019-07-12 08:09:16', '2019-10-11 11:12:53', 0),
(201, 8, 'Saint Kitts and Nevis', 'saint-kitts-and-nevis', 'KN', '', 'country_image/no_icons.jpg', 'Saint Kitts and Nevis', 'Saint Kitts and Nevis', 'Saint Kitts and Nevis', NULL, '1', '2019-07-12 08:09:35', '2019-10-11 11:16:18', 0),
(202, 8, 'Saint Lucia', 'saint-lucia', 'LC', '', 'country_image/no_icons.jpg', 'Saint Lucia', 'Saint Lucia', 'Saint Lucia', NULL, '1', '2019-07-12 08:09:48', '2019-10-11 11:16:31', 0),
(203, 8, 'Saint Vincent and the Grenadines', 'saint-vincent-and-the-grenadines', 'VC', '', 'country_image/no_icons.jpg', 'Saint Vincent and the Grenadines', 'Saint Vincent and the Grenadines', 'Saint Vincent and the Grenadines', NULL, '1', '2019-07-12 08:10:03', '2019-10-11 11:16:46', 0),
(204, 8, 'Trinidad and Tobago', 'trinidad-and-tobago', 'TTO', '', 'country_image/no_icons.jpg', 'Trinidad and Tobago', 'Trinidad and Tobago', 'Trinidad and Tobago', NULL, '1', '2019-07-12 08:10:17', '2019-10-11 11:35:33', 0),
(205, 3, 'Fiji', 'fiji', 'FJ', '', 'country_image/no_icons.jpg', 'Fiji', 'Fiji', 'Fiji', NULL, '1', '2019-07-12 08:20:46', '2019-10-11 10:49:53', 0),
(206, 3, 'Kiribati', 'kiribati', 'KI', '', 'country_image/no_icons.jpg', 'Kiribati', 'Kiribati', 'Kiribati', NULL, '1', '2019-07-12 08:21:08', '2019-10-11 11:00:47', 0),
(207, 3, 'Marshall Islands', 'marshall-islands', 'MH', '', 'country_image/no_icons.jpg', 'Marshall Islands', 'Marshall Islands', 'Marshall Islands', NULL, '1', '2019-07-12 08:21:36', '2019-10-11 11:06:03', 0),
(208, 3, 'Micronesia', 'micronesia', 'FM', '', 'country_image/no_icons.jpg', 'Micronesia', 'Micronesia', 'Micronesia', NULL, '1', '2019-07-12 08:21:53', '2019-10-11 11:07:09', 0),
(209, 3, 'Nauru', 'nauru', 'NR', '', 'country_image/no_icons.jpg', 'Nauru', 'Nauru', 'Nauru', NULL, '1', '2019-07-12 08:22:08', '2019-10-11 11:09:24', 0),
(210, 3, 'New Zealand', 'new-zealand', 'NZ', '', 'country_image/no_icons.jpg', 'New Zealand', 'New Zealand', 'New Zealand', NULL, '1', '2019-07-12 08:22:26', '2019-10-11 11:10:19', 0),
(211, 3, 'Palau', 'palau', 'PW', '', 'country_image/no_icons.jpg', 'Palau', 'Palau', 'Palau', NULL, '1', '2019-07-12 08:22:40', '2019-10-11 11:12:30', 0),
(212, 3, 'Samoa', 'samoa', 'WS', '', 'country_image/no_icons.jpg', 'Samoa', 'Samoa', 'Samoa', NULL, '1', '2019-07-12 08:22:58', '2019-10-11 11:17:07', 0),
(213, 3, 'Solomon Islands', 'solomon-islands', 'SB', '', 'country_image/no_icons.jpg', 'Solomon Islands', 'Solomon Islands', 'Solomon Islands', NULL, '1', '2019-07-12 08:23:12', '2019-10-11 11:19:48', 0),
(214, 3, 'Tonga', 'tonga', 'TO', '', 'country_image/no_icons.jpg', 'Tonga', 'Tonga', 'Tonga', NULL, '1', '2019-07-12 08:23:27', '2019-10-11 11:24:31', 0),
(215, 3, 'Tuvalu', 'tuvalu', 'TV', '', 'country_image/no_icons.jpg', 'Tuvalu', 'Tuvalu', 'Tuvalu', NULL, '1', '2019-07-12 08:23:40', '2019-10-11 11:25:45', 0),
(216, 3, 'Vanuatu', 'vanuatu', 'VU', '', 'country_image/no_icons.jpg', 'Vanuatu', 'Vanuatu', 'Vanuatu', NULL, '1', '2019-07-12 08:23:54', '2019-10-11 11:27:28', 0),
(217, 5, 'Argentina', 'argentina', 'AR', '', 'country_image/no_icons.jpg', 'Argentina', 'Argentina', 'Argentina', NULL, '1', '2019-07-12 08:24:12', '2019-10-11 10:31:04', 0),
(218, 5, 'Bolivia', 'bolivia', 'BO', '', 'country_image/no_icons.jpg', 'Bolivia', 'Bolivia', 'Bolivia', NULL, '1', '2019-07-12 08:24:29', '2019-10-11 10:36:44', 0),
(219, 5, 'Brazil', 'brazil', 'BR', '', 'country_image/no_icons.jpg', 'Brazil', 'Brazil', 'Brazil', NULL, '1', '2019-07-12 08:24:44', '2019-10-11 10:37:57', 0),
(220, 5, 'Chile', 'chile', 'CL', '', 'country_image/no_icons.jpg', 'Chile', 'Chile', 'Chile', NULL, '1', '2019-07-12 08:25:01', '2019-10-11 10:43:46', 0),
(221, 5, 'Ecuador', 'ecuador', 'EC', '', 'country_image/no_icons.jpg', 'Ecuador', 'Ecuador', 'Ecuador', NULL, '1', '2019-07-12 08:25:13', '2019-10-11 10:47:51', 0),
(222, 5, 'Guyana', 'guyana', 'GY', '', 'country_image/no_icons.jpg', 'Guyana', 'Guyana', 'Guyana', NULL, '1', '2019-07-12 08:25:26', '2019-10-11 10:54:59', 0),
(223, 5, 'Paraguay', 'paraguay', 'PY', '', 'country_image/no_icons.jpg', 'Paraguay', 'Paraguay', 'Paraguay', NULL, '1', '2019-07-12 08:25:40', '2019-10-11 11:13:28', 0),
(224, 5, 'Peru', 'peru', 'PE', '', 'country_image/no_icons.jpg', 'Peru', 'Peru', 'Peru', NULL, '1', '2019-07-12 08:25:51', '2019-10-11 11:13:44', 0),
(225, 5, 'Suriname', 'suriname', 'SR', '', 'country_image/no_icons.jpg', 'Suriname', 'Suriname', 'Suriname', NULL, '1', '2019-07-12 08:26:05', '2019-10-11 11:21:31', 0),
(226, 5, 'Uruguay', 'uruguay', 'UY', '', 'country_image/no_icons.jpg', 'Uruguay', 'Uruguay', 'Uruguay', NULL, '1', '2019-07-12 08:26:18', '2019-10-11 11:27:04', 0),
(227, 5, 'Venezuela', 'venezuela', 'VE', '', 'country_image/no_icons.jpg', 'Venezuela', 'Venezuela', 'Venezuela', NULL, '1', '2019-07-12 08:26:31', '2019-10-11 11:27:40', 0);

-- --------------------------------------------------------

--
-- Table structure for table `django_admin_log`
--

DROP TABLE IF EXISTS `django_admin_log`;
CREATE TABLE `django_admin_log` (
  `id` int(11) NOT NULL,
  `action_time` datetime NOT NULL,
  `object_id` longtext,
  `object_repr` varchar(200) NOT NULL,
  `action_flag` smallint(5) UNSIGNED NOT NULL,
  `change_message` longtext NOT NULL,
  `content_type_id` int(11) DEFAULT NULL,
  `user_id` int(11) NOT NULL
) ENGINE=InnoDB DEFAULT CHARSET=utf8;

--
-- Dumping data for table `django_admin_log`
--

INSERT INTO `django_admin_log` (`id`, `action_time`, `object_id`, `object_repr`, `action_flag`, `change_message`, `content_type_id`, `user_id`) VALUES
(1, '2018-06-04 14:52:46', '1', 'Continents object (1)', 1, '[{\"added\": {}}]', 8, 1),
(2, '2018-06-04 14:54:44', '1', 'Continents object (1)', 2, '[]', 8, 1),
(3, '2018-06-04 14:55:45', '2', 'Continents object (2)', 1, '[{\"added\": {}}]', 8, 1),
(4, '2018-06-04 14:59:50', '3', 'Continents object (3)', 1, '[{\"added\": {}}]', 8, 1),
(5, '2018-06-04 15:00:23', '3', 'Continents object (3)', 2, '[{\"changed\": {\"fields\": [\"image\"]}}]', 8, 1),
(6, '2018-06-04 15:01:11', '3', 'Continents object (3)', 2, '[{\"changed\": {\"fields\": [\"image\"]}}]', 8, 1),
(7, '2018-06-04 15:02:03', '2', 'Continents object (2)', 2, '[{\"changed\": {\"fields\": [\"image\"]}}]', 8, 1),
(8, '2018-06-04 15:02:09', '1', 'Continents object (1)', 2, '[{\"changed\": {\"fields\": [\"image\"]}}]', 8, 1),
(9, '2018-06-06 08:16:34', '1', 'Country object (1)', 1, '[{\"added\": {}}]', 13, 1),
(10, '2018-06-06 08:17:40', '2', 'Country object (2)', 1, '[{\"added\": {}}]', 13, 1),
(11, '2018-06-11 11:00:48', '1', 'Pages object (1)', 1, '[{\"added\": {}}]', 14, 1),
(12, '2018-06-11 11:01:06', '1', 'Pages object (1)', 2, '[{\"changed\": {\"fields\": [\"image\", \"sorting\"]}}]', 14, 1),
(13, '2018-06-13 07:02:02', '1', 'Careers', 2, '[]', 14, 1),
(14, '2018-06-13 07:04:00', '2', 'Press', 1, '[{\"added\": {}}]', 14, 1),
(15, '2018-06-13 07:06:11', '3', 'Policies', 1, '[{\"added\": {}}]', 14, 1),
(16, '2018-06-13 07:08:31', '4', 'Help', 1, '[{\"added\": {}}]', 14, 1),
(17, '2018-06-13 07:12:15', '5', 'Diversity & Belonging', 1, '[{\"added\": {}}]', 14, 1),
(18, '2018-06-13 07:15:50', '6', 'Terms', 1, '[{\"added\": {}}]', 14, 1),
(19, '2018-06-13 07:18:01', '7', 'Privacy', 1, '[{\"added\": {}}]', 14, 1),
(20, '2018-06-13 09:54:00', '8', 'Site Map', 1, '[{\"added\": {}}]', 14, 1),
(21, '2018-06-18 15:24:02', '1', 'facebook', 1, '[{\"added\": {}}]', 17, 1),
(22, '2018-06-18 15:24:35', '2', 'Twitter', 1, '[{\"added\": {}}]', 17, 1),
(23, '2018-06-18 15:25:33', '3', 'Instagram', 1, '[{\"added\": {}}]', 17, 1),
(24, '2018-06-18 15:30:40', '4', 'Rss', 1, '[{\"added\": {}}]', 17, 1),
(25, '2018-06-18 15:31:46', '5', 'Youtube', 1, '[{\"added\": {}}]', 17, 1),
(26, '2018-06-18 15:31:57', '6', 'Pintrest', 1, '[{\"added\": {}}]', 17, 1),
(27, '2018-06-19 11:26:49', '1', 'Slide1', 1, '[{\"added\": {}}]', 16, 1),
(28, '2018-06-19 11:27:09', '2', 'Slide2', 1, '[{\"added\": {}}]', 16, 1),
(29, '2018-06-19 11:29:09', '1', '1 day', 1, '[{\"added\": {}}]', 24, 1),
(30, '2018-06-19 11:29:18', '2', '2 days', 1, '[{\"added\": {}}]', 24, 1),
(31, '2018-06-19 11:29:35', '3', '3-5 days', 1, '[{\"added\": {}}]', 24, 1),
(32, '2018-06-19 11:29:58', '4', '1 week', 1, '[{\"added\": {}}]', 24, 1),
(33, '2018-06-19 11:30:04', '5', '2 weeks', 1, '[{\"added\": {}}]', 24, 1),
(34, '2018-06-19 11:30:10', '6', '3 weeks+', 1, '[{\"added\": {}}]', 24, 1),
(35, '2018-06-19 11:30:27', '1', 'January', 1, '[{\"added\": {}}]', 19, 1),
(36, '2018-06-19 11:30:32', '2', 'February', 1, '[{\"added\": {}}]', 19, 1),
(37, '2018-06-19 11:30:36', '3', 'March', 1, '[{\"added\": {}}]', 19, 1),
(38, '2018-06-19 11:30:44', '4', 'April', 1, '[{\"added\": {}}]', 19, 1),
(39, '2018-06-19 11:30:46', '5', 'May', 1, '[{\"added\": {}}]', 19, 1),
(40, '2018-06-19 11:30:51', '6', 'June', 1, '[{\"added\": {}}]', 19, 1),
(41, '2018-06-19 11:30:56', '7', 'July', 1, '[{\"added\": {}}]', 19, 1),
(42, '2018-06-19 11:31:00', '8', 'August', 1, '[{\"added\": {}}]', 19, 1),
(43, '2018-06-19 11:31:04', '9', 'September', 1, '[{\"added\": {}}]', 19, 1),
(44, '2018-06-19 11:31:09', '10', 'October', 1, '[{\"added\": {}}]', 19, 1),
(45, '2018-06-19 11:31:14', '11', 'November', 1, '[{\"added\": {}}]', 19, 1),
(46, '2018-06-19 11:31:21', '12', 'December', 1, '[{\"added\": {}}]', 19, 1),
(47, '2018-06-19 11:31:40', '1', 'Business', 1, '[{\"added\": {}}]', 25, 1),
(48, '2018-06-19 11:31:45', '2', 'Leisure', 1, '[{\"added\": {}}]', 25, 1),
(49, '2018-06-19 11:31:51', '3', 'Both', 1, '[{\"added\": {}}]', 25, 1),
(50, '2018-06-19 11:32:03', '1', 'Solo', 1, '[{\"added\": {}}]', 26, 1),
(51, '2018-06-19 11:32:07', '2', 'Friends', 1, '[{\"added\": {}}]', 26, 1),
(52, '2018-06-19 11:32:11', '3', 'Family', 1, '[{\"added\": {}}]', 26, 1),
(53, '2018-06-19 11:32:19', '4', 'Large Group', 1, '[{\"added\": {}}]', 26, 1),
(54, '2018-06-19 11:32:41', '1', 'Thrills & Adventure', 1, '[{\"added\": {}}]', 23, 1),
(55, '2018-06-19 11:32:47', '2', 'Road Trips', 1, '[{\"added\": {}}]', 23, 1),
(56, '2018-06-19 11:32:54', '3', 'Unique Experiences', 1, '[{\"added\": {}}]', 23, 1),
(57, '2018-06-19 11:33:04', '4', 'A Cruise', 1, '[{\"added\": {}}]', 23, 1),
(58, '2018-06-19 11:33:11', '5', 'Serenity & Relaxation', 1, '[{\"added\": {}}]', 23, 1),
(59, '2018-06-19 11:33:16', '6', 'Family Time', 1, '[{\"added\": {}}]', 23, 1),
(60, '2018-06-19 11:33:36', '1', 'Beach', 1, '[{\"added\": {}}]', 20, 1),
(61, '2018-06-19 11:33:41', '2', 'Snorkeling', 1, '[{\"added\": {}}]', 20, 1),
(62, '2018-06-19 11:33:46', '3', 'Sun', 1, '[{\"added\": {}}]', 20, 1),
(63, '2018-06-19 11:33:53', '4', 'Tours & Sightseeing', 1, '[{\"added\": {}}]', 20, 1),
(64, '2018-06-19 11:33:57', '5', 'History', 1, '[{\"added\": {}}]', 20, 1),
(65, '2018-06-19 11:34:02', '6', 'Casinos', 1, '[{\"added\": {}}]', 20, 1),
(66, '2018-06-19 11:34:08', '7', 'Local spots', 1, '[{\"added\": {}}]', 20, 1),
(67, '2018-06-19 11:34:16', '8', 'Late nights', 1, '[{\"added\": {}}]', 20, 1),
(68, '2018-06-19 11:34:21', '9', 'Camping', 1, '[{\"added\": {}}]', 20, 1),
(69, '2018-06-19 11:34:26', '10', 'Spa & Pampering', 1, '[{\"added\": {}}]', 20, 1),
(70, '2018-06-19 11:34:30', '11', 'Snow', 1, '[{\"added\": {}}]', 20, 1),
(71, '2018-06-19 11:34:37', '12', 'Sports & outdoor activities', 1, '[{\"added\": {}}]', 20, 1),
(72, '2018-06-19 11:34:44', '13', 'Great pools', 1, '[{\"added\": {}}]', 20, 1),
(73, '2018-06-19 11:34:50', '14', 'Mental retreat', 1, '[{\"added\": {}}]', 20, 1),
(74, '2018-06-19 11:34:56', '15', 'Other', 1, '[{\"added\": {}}]', 20, 1),
(75, '2018-06-19 11:35:23', '1', 'Bed & Breakfast', 1, '[{\"added\": {}}]', 21, 1),
(76, '2018-06-19 11:35:34', '2', 'Apartment', 1, '[{\"added\": {}}]', 21, 1),
(77, '2018-06-19 11:35:41', '3', 'Vacation home/condo', 1, '[{\"added\": {}}]', 21, 1),
(78, '2018-06-19 11:35:46', '4', 'Hotel', 1, '[{\"added\": {}}]', 21, 1),
(79, '2018-06-19 11:35:50', '5', 'Hostel', 1, '[{\"added\": {}}]', 21, 1),
(80, '2018-06-19 11:35:55', '6', 'Motel', 1, '[{\"added\": {}}]', 21, 1),
(81, '2018-06-19 11:36:03', '7', 'Inn', 1, '[{\"added\": {}}]', 21, 1),
(82, '2018-06-19 11:36:08', '8', 'Boat', 1, '[{\"added\": {}}]', 21, 1),
(83, '2018-06-19 11:37:29', '1', 'Super Luxury (*****)', 1, '[{\"added\": {}}]', 22, 1),
(84, '2018-06-19 11:37:34', '2', 'Deluxe (****)', 1, '[{\"added\": {}}]', 22, 1),
(85, '2018-06-19 11:37:39', '3', 'Quality (***)', 1, '[{\"added\": {}}]', 22, 1),
(86, '2018-06-19 11:37:44', '4', 'Price Conscious(**)', 1, '[{\"added\": {}}]', 22, 1),
(87, '2018-06-19 11:37:49', '5', 'Budget (*)', 1, '[{\"added\": {}}]', 22, 1),
(88, '2018-06-19 11:38:21', '1', 'Ultimate Foodie', 1, '[{\"added\": {}}]', 18, 1),
(89, '2018-06-19 11:38:40', '2', 'Formal', 1, '[{\"added\": {}}]', 18, 1),
(90, '2018-06-19 11:38:45', '3', 'Quaint', 1, '[{\"added\": {}}]', 18, 1),
(91, '2018-06-19 11:38:49', '4', 'Creative', 1, '[{\"added\": {}}]', 18, 1),
(92, '2018-06-19 11:38:55', '5', 'Family Friendly', 1, '[{\"added\": {}}]', 18, 1),
(93, '2018-06-19 11:39:04', '6', 'Super Casual', 1, '[{\"added\": {}}]', 18, 1),
(94, '2018-06-19 11:39:08', '7', 'Healthy', 1, '[{\"added\": {}}]', 18, 1),
(95, '2018-06-19 11:39:19', '8', 'Inexpensive', 1, '[{\"added\": {}}]', 18, 1),
(96, '2018-06-20 15:22:49', '3', 'slide3', 1, '[{\"added\": {}}]', 16, 1),
(97, '2018-06-20 15:23:39', '3', 'slide3', 2, '[{\"changed\": {\"fields\": [\"image\"]}}]', 16, 1),
(98, '2018-06-21 08:15:02', '1', 'Africa', 2, '[{\"changed\": {\"fields\": [\"description\", \"image\"]}}]', 8, 1),
(99, '2018-06-21 08:15:31', '2', 'Asia', 2, '[{\"changed\": {\"fields\": [\"description\", \"image\"]}}]', 8, 1),
(100, '2018-06-21 08:15:42', '3', 'Australia & Pacific', 2, '[{\"changed\": {\"fields\": [\"description\", \"image\"]}}]', 8, 1),
(101, '2018-06-21 08:16:28', '4', 'The Caribbean', 1, '[{\"added\": {}}]', 8, 1),
(102, '2018-06-21 08:17:05', '5', 'Central America', 1, '[{\"added\": {}}]', 8, 1),
(103, '2018-06-21 08:17:41', '6', 'The Middle East', 1, '[{\"added\": {}}]', 8, 1),
(104, '2018-06-21 08:18:14', '7', 'Europe', 1, '[{\"added\": {}}]', 8, 1),
(105, '2018-06-21 08:18:39', '8', 'North America', 1, '[{\"added\": {}}]', 8, 1),
(106, '2018-06-21 09:28:03', '1', 'Setting object (1)', 1, '[{\"added\": {}}]', 27, 1),
(107, '2018-06-21 15:29:10', '1', 'Configure object (1)', 2, '[{\"changed\": {\"fields\": [\"homeTitle\", \"homeQuotation\"]}}]', 27, 1),
(108, '2018-07-02 07:38:16', '1', 'Algiers', 1, '[{\"added\": {}}]', 12, 1),
(109, '2018-07-02 07:38:34', '2', 'Oran', 1, '[{\"added\": {}}]', 12, 1),
(110, '2018-07-02 07:38:49', '3', 'Constantine', 1, '[{\"added\": {}}]', 12, 1),
(111, '2018-07-02 07:39:08', '4', 'Annaba', 1, '[{\"added\": {}}]', 12, 1),
(112, '2018-07-02 07:39:22', '5', 'Blida', 1, '[{\"added\": {}}]', 12, 1),
(113, '2018-07-02 07:39:44', '6', 'Batna', 1, '[{\"added\": {}}]', 12, 1),
(114, '2018-07-02 07:40:47', '7', 'Ambriz', 1, '[{\"added\": {}}]', 12, 1),
(115, '2018-07-02 07:40:58', '8', 'Andulo', 1, '[{\"added\": {}}]', 12, 1),
(116, '2018-07-02 07:41:10', '9', 'Bailundo', 1, '[{\"added\": {}}]', 12, 1),
(117, '2018-07-02 07:41:22', '10', 'Balombo', 1, '[{\"added\": {}}]', 12, 1),
(118, '2018-07-02 07:47:31', '11', 'Baa Farta', 1, '[{\"added\": {}}]', 12, 1),
(119, '2018-07-02 07:48:06', '12', 'Benguela', 1, '[{\"added\": {}}]', 12, 1),
(120, '2018-07-02 13:34:19', '1', 'Hotel', 1, '[{\"added\": {}}]', 28, 1),
(121, '2018-07-02 13:34:33', '2', 'AirBnb', 1, '[{\"added\": {}}]', 28, 1),
(122, '2018-07-02 13:34:33', '3', 'AirBnb', 1, '[{\"added\": {}}]', 28, 1),
(123, '2018-07-02 14:26:48', '1', 'Cab', 1, '[{\"added\": {}}]', 29, 1),
(124, '2018-07-02 14:27:00', '2', 'Car', 1, '[{\"added\": {}}]', 29, 1),
(125, '2018-07-02 14:27:12', '3', 'Rental', 1, '[{\"added\": {}}]', 29, 1),
(126, '2018-07-02 14:27:32', '4', 'Train', 1, '[{\"added\": {}}]', 29, 1),
(127, '2018-07-02 14:27:59', '3', 'AirBnb', 3, '', 28, 1),
(128, '2018-07-02 14:36:40', '1', 'Airline', 1, '[{\"added\": {}}]', 30, 1),
(129, '2018-07-02 14:36:51', '2', 'Train', 1, '[{\"added\": {}}]', 30, 1),
(130, '2018-07-03 14:52:12', '1', 'Slide1', 2, '[{\"changed\": {\"fields\": [\"status\"]}}]', 16, 1),
(131, '2018-07-03 14:52:19', '2', 'Slide2', 2, '[{\"changed\": {\"fields\": [\"status\"]}}]', 16, 1),
(132, '2018-07-03 14:52:26', '3', 'slide3', 2, '[{\"changed\": {\"fields\": [\"status\"]}}]', 16, 1),
(133, '2018-07-03 14:52:39', '1', 'Slide1', 2, '[{\"changed\": {\"fields\": [\"status\"]}}]', 16, 1),
(134, '2018-07-03 14:53:01', '2', 'Slide2', 2, '[{\"changed\": {\"fields\": [\"status\"]}}]', 16, 1),
(135, '2018-07-03 14:53:07', '3', 'slide3', 2, '[{\"changed\": {\"fields\": [\"status\"]}}]', 16, 1),
(136, '2018-07-04 08:23:59', '1', 'South Africa', 2, '[{\"changed\": {\"fields\": [\"title\", \"description\", \"image\"]}}]', 13, 1),
(137, '2018-07-04 08:24:43', '2', 'Ghana', 2, '[{\"changed\": {\"fields\": [\"title\", \"description\", \"image\"]}}]', 13, 1),
(138, '2018-07-04 08:25:52', '3', 'Zimbabwe', 1, '[{\"added\": {}}]', 13, 1),
(139, '2018-07-04 08:26:59', '4', 'Egypt', 1, '[{\"added\": {}}]', 13, 1),
(140, '2018-07-04 08:31:16', '5', 'Cameroon', 1, '[{\"added\": {}}]', 13, 1),
(141, '2018-07-04 08:32:04', '6', 'Eritrea', 1, '[{\"added\": {}}]', 13, 1),
(142, '2018-07-04 08:32:50', '4', 'Egypt', 2, '[{\"changed\": {\"fields\": [\"image\"]}}]', 13, 1),
(143, '2018-07-04 08:45:38', '7', 'India', 1, '[{\"added\": {}}]', 13, 1),
(144, '2018-07-04 08:46:13', '8', 'Thailand', 1, '[{\"added\": {}}]', 13, 1),
(145, '2018-07-04 08:46:36', '9', 'China', 1, '[{\"added\": {}}]', 13, 1),
(146, '2018-07-04 08:47:00', '10', 'Bhutan', 1, '[{\"added\": {}}]', 13, 1),
(147, '2018-07-04 08:48:02', '11', 'Sri Lanka', 1, '[{\"added\": {}}]', 13, 1),
(148, '2018-07-04 08:48:26', '12', 'Bangladesh', 1, '[{\"added\": {}}]', 13, 1),
(149, '2018-07-04 14:14:02', '12', 'Benguela', 2, '[{\"changed\": {\"fields\": [\"image\"]}}]', 12, 1),
(150, '2018-07-04 14:14:21', '11', 'Baa Farta', 2, '[{\"changed\": {\"fields\": [\"image\"]}}]', 12, 1),
(151, '2018-07-04 14:14:36', '10', 'Balombo', 2, '[{\"changed\": {\"fields\": [\"image\"]}}]', 12, 1),
(152, '2018-07-04 14:14:46', '9', 'Bailundo', 2, '[{\"changed\": {\"fields\": [\"image\"]}}]', 12, 1),
(153, '2018-07-04 14:15:18', '8', 'Andulo', 2, '[{\"changed\": {\"fields\": [\"image\"]}}]', 12, 1),
(154, '2018-07-04 14:15:33', '7', 'Ambriz', 2, '[{\"changed\": {\"fields\": [\"image\"]}}]', 12, 1),
(155, '2018-07-04 14:15:52', '6', 'Batna', 2, '[{\"changed\": {\"fields\": [\"image\"]}}]', 12, 1),
(156, '2018-07-04 14:16:09', '5', 'Blida', 2, '[{\"changed\": {\"fields\": [\"image\"]}}]', 12, 1),
(157, '2018-07-04 14:16:19', '3', 'Constantine', 2, '[{\"changed\": {\"fields\": [\"image\"]}}]', 12, 1),
(158, '2018-07-04 14:16:33', '2', 'Oran', 2, '[{\"changed\": {\"fields\": [\"image\"]}}]', 12, 1),
(159, '2018-07-04 14:16:47', '1', 'Algiers', 2, '[{\"changed\": {\"fields\": [\"image\"]}}]', 12, 1),
(160, '2018-07-04 14:17:12', '4', 'Annaba', 2, '[{\"changed\": {\"fields\": [\"image\"]}}]', 12, 1),
(161, '2018-07-04 14:21:34', '13', 'Australia', 1, '[{\"added\": {}}]', 13, 1),
(162, '2018-07-04 14:22:06', '14', 'Papua New Guinea', 1, '[{\"added\": {}}]', 13, 1),
(163, '2018-07-04 14:22:56', '15', 'Bahamas', 1, '[{\"added\": {}}]', 13, 1),
(164, '2018-07-04 14:23:38', '16', 'Trinidad and Tobago', 1, '[{\"added\": {}}]', 13, 1),
(165, '2018-07-04 14:24:30', '17', 'Colombia', 1, '[{\"added\": {}}]', 13, 1),
(166, '2018-07-04 14:25:49', '18', 'Belize', 1, '[{\"added\": {}}]', 13, 1),
(167, '2018-07-04 14:26:33', '19', 'Syria', 1, '[{\"added\": {}}]', 13, 1),
(168, '2018-07-04 14:26:55', '20', 'Israel', 1, '[{\"added\": {}}]', 13, 1),
(169, '2018-07-04 14:27:40', '21', 'Germany', 1, '[{\"added\": {}}]', 13, 1),
(170, '2018-07-04 14:28:01', '22', 'France', 1, '[{\"added\": {}}]', 13, 1),
(171, '2018-07-04 14:31:03', '23', 'Mexico', 1, '[{\"added\": {}}]', 13, 1),
(172, '2018-07-04 14:31:25', '24', 'Canada', 1, '[{\"added\": {}}]', 13, 1),
(173, '2018-07-24 11:35:04', '10', 'My New Trips Landan', 1, '[{\"added\": {}}]', 32, 1),
(174, '2018-08-01 08:06:42', '9', 'South Ext', 1, '[{\"added\": {}}]', 8, 1),
(175, '2018-08-01 08:08:02', '10', 'South Ext', 1, '[{\"added\": {}}]', 8, 1),
(176, '2018-08-01 08:08:15', '10', 'South Ext', 2, '[{\"changed\": {\"fields\": [\"url_alias\"]}}]', 8, 1),
(177, '2018-08-01 08:13:02', '10', 'South Ext', 2, '[{\"changed\": {\"fields\": [\"url_alias\"]}}]', 8, 1),
(178, '2018-08-01 08:13:37', '10', 'South Ext we', 2, '[{\"changed\": {\"fields\": [\"title\"]}}]', 8, 1),
(179, '2018-08-01 08:13:50', '10', 'South Ext we', 2, '[{\"changed\": {\"fields\": [\"url_alias\"]}}]', 8, 1),
(180, '2018-08-01 08:14:46', '11', 'South Extensions', 1, '[{\"added\": {}}]', 8, 1),
(181, '2018-08-01 08:15:33', '11', 'South Extensions', 2, '[{\"changed\": {\"fields\": [\"url_alias\"]}}]', 8, 1),
(182, '2018-08-01 08:15:42', '11', 'South Extensions', 2, '[{\"changed\": {\"fields\": [\"url_alias\"]}}]', 8, 1),
(183, '2018-08-01 08:15:55', '11', 'South Extensions', 3, '', 8, 1),
(184, '2018-08-01 08:15:56', '10', 'South Ext we', 3, '', 8, 1),
(185, '2018-08-01 08:15:56', '9', 'South Ext', 3, '', 8, 1),
(186, '2018-08-01 09:40:09', '12', 'Benguela', 2, '[]', 12, 1),
(187, '2018-08-01 11:22:00', '11', 'New America Trip', 2, '[{\"changed\": {\"fields\": [\"country\", \"city\", \"transport_tips\", \"arrival_tips\", \"loading_tips\"]}}]', 32, 1),
(188, '2018-08-02 07:03:50', '12', 'New Asia Trip', 2, '[{\"changed\": {\"fields\": [\"country\", \"city\", \"transport_tips\", \"arrival_tips\", \"loading_tips\"]}}]', 32, 1),
(189, '2018-08-02 08:22:59', '12', 'New Asia Trip', 2, '[{\"changed\": {\"fields\": [\"country\", \"city\"]}}]', 32, 1),
(190, '2018-08-02 08:52:06', '6', 'Terms', 2, '[]', 14, 1),
(191, '2018-08-02 09:09:29', '2', 'Formal', 2, '[]', 18, 1),
(192, '2018-08-03 09:00:18', '1', 'header', 1, '[{\"added\": {}}]', 38, 1),
(193, '2018-08-03 09:00:47', '2', 'header', 1, '[{\"added\": {}}]', 38, 1),
(194, '2018-08-03 09:01:22', '3', 'header', 1, '[{\"added\": {}}]', 38, 1),
(195, '2018-08-03 09:01:39', '3', 'header', 2, '[{\"changed\": {\"fields\": [\"menu_name\"]}}]', 38, 1),
(196, '2018-08-03 09:01:49', '4', 'header', 1, '[{\"added\": {}}]', 38, 1),
(197, '2018-08-03 09:03:41', '5', 'footer_top', 1, '[{\"added\": {}}]', 38, 1),
(198, '2018-08-03 09:03:49', '5', 'footer_top', 2, '[{\"changed\": {\"fields\": [\"sort_by\"]}}]', 38, 1),
(199, '2018-08-03 09:04:08', '6', 'footer_top', 1, '[{\"added\": {}}]', 38, 1),
(200, '2018-08-03 09:04:23', '7', 'footer_top', 1, '[{\"added\": {}}]', 38, 1),
(201, '2018-08-03 09:04:34', '8', 'header', 1, '[{\"added\": {}}]', 38, 1),
(202, '2018-08-03 09:04:56', '9', 'footer_top', 1, '[{\"added\": {}}]', 38, 1),
(203, '2018-08-03 09:05:09', '9', 'footer_top', 2, '[{\"changed\": {\"fields\": [\"sort_by\"]}}]', 38, 1),
(204, '2018-08-03 09:05:24', '10', 'header', 1, '[{\"added\": {}}]', 38, 1),
(205, '2018-08-03 09:05:35', '11', 'header', 1, '[{\"added\": {}}]', 38, 1),
(206, '2018-08-03 09:05:47', '12', 'header', 1, '[{\"added\": {}}]', 38, 1),
(207, '2018-08-03 09:06:00', '13', 'header', 1, '[{\"added\": {}}]', 38, 1),
(208, '2018-08-03 09:06:12', '14', 'header', 1, '[{\"added\": {}}]', 38, 1),
(209, '2018-08-03 09:07:41', '15', 'footer_bottom', 1, '[{\"added\": {}}]', 38, 1),
(210, '2018-08-03 09:07:54', '16', 'header', 1, '[{\"added\": {}}]', 38, 1),
(211, '2018-08-03 09:08:00', '16', 'footer_bottom', 2, '[{\"changed\": {\"fields\": [\"menu_location\"]}}]', 38, 1),
(212, '2018-08-03 09:08:17', '17', 'footer_bottom', 1, '[{\"added\": {}}]', 38, 1),
(213, '2018-08-03 09:09:03', '15', 'footer_bottom', 2, '[{\"changed\": {\"fields\": [\"menu_alias\"]}}]', 38, 1),
(214, '2018-08-03 09:17:35', '1', 'terms', 1, '[{\"added\": {}}]', 39, 1),
(215, '2018-08-03 09:18:02', '1', 'terms', 2, '[{\"changed\": {\"fields\": [\"page_alias\"]}}]', 39, 1),
(216, '2018-08-03 09:18:31', '2', 'Privacy', 1, '[{\"added\": {}}]', 39, 1),
(217, '2018-08-03 09:18:53', '1', 'terms', 2, '[{\"changed\": {\"fields\": [\"page_title\"]}}]', 39, 1),
(218, '2018-08-03 09:19:46', '3', 'Careers', 1, '[{\"added\": {}}]', 39, 1),
(219, '2018-08-03 09:20:26', '4', 'Press', 1, '[{\"added\": {}}]', 39, 1),
(220, '2018-08-03 09:21:00', '5', 'Policies', 1, '[{\"added\": {}}]', 39, 1),
(221, '2018-08-03 09:21:32', '6', 'Help', 1, '[{\"added\": {}}]', 39, 1),
(222, '2018-08-03 09:22:14', '7', 'Diversity & Belonging', 1, '[{\"added\": {}}]', 39, 1),
(223, '2018-08-03 09:22:55', '8', 'Trust & Safety', 1, '[{\"added\": {}}]', 39, 1),
(224, '2018-08-03 09:23:22', '9', 'Travel Credit', 1, '[{\"added\": {}}]', 39, 1),
(225, '2018-08-03 09:23:56', '10', 'Trips & Itineraries Citizen', 1, '[{\"added\": {}}]', 39, 1),
(226, '2018-08-03 09:25:08', '11', 'Business Travel', 1, '[{\"added\": {}}]', 39, 1),
(227, '2018-08-03 09:26:06', '12', 'Guidebooks', 1, '[{\"added\": {}}]', 39, 1),
(228, '2018-08-03 09:26:27', '2', 'Privacy', 2, '[{\"changed\": {\"fields\": [\"page_alias\"]}}]', 39, 1),
(229, '2018-08-07 07:40:32', '10', 'footer_bottom', 2, '[{\"changed\": {\"fields\": [\"menu_location\"]}}]', 38, 1),
(230, '2018-08-07 07:40:45', '11', 'footer_bottom', 2, '[{\"changed\": {\"fields\": [\"menu_location\"]}}]', 38, 1),
(231, '2018-08-07 07:41:00', '12', 'footer_bottom', 2, '[{\"changed\": {\"fields\": [\"menu_location\"]}}]', 38, 1),
(232, '2018-08-07 07:41:11', '13', 'footer_bottom', 2, '[{\"changed\": {\"fields\": [\"menu_location\"]}}]', 38, 1),
(233, '2018-08-07 07:41:21', '14', 'footer_bottom', 2, '[{\"changed\": {\"fields\": [\"menu_location\"]}}]', 38, 1),
(234, '2018-08-07 08:54:56', '16', 'footer_right', 2, '[]', 38, 1),
(235, '2018-08-07 08:55:04', '15', 'footer_right', 2, '[]', 38, 1),
(236, '2018-08-07 08:59:27', '16', 'footer_right', 2, '[{\"changed\": {\"fields\": [\"menu_alias\"]}}]', 38, 1),
(237, '2018-08-07 09:00:09', '16', 'footer_right', 2, '[{\"changed\": {\"fields\": [\"menu_alias\"]}}]', 38, 1),
(238, '2018-08-07 09:00:58', '16', 'footer_right', 2, '[{\"changed\": {\"fields\": [\"menu_alias\"]}}]', 38, 1),
(239, '2018-08-07 09:01:24', '16', 'footer_right', 2, '[{\"changed\": {\"fields\": [\"menu_alias\"]}}]', 38, 1),
(240, '2018-08-07 09:01:42', '15', 'footer_right', 2, '[{\"changed\": {\"fields\": [\"menu_alias\"]}}]', 38, 1),
(241, '2018-08-07 09:01:47', '14', 'footer_left', 2, '[]', 38, 1),
(242, '2018-08-07 09:01:53', '13', 'footer_left', 2, '[]', 38, 1),
(243, '2018-08-07 09:01:58', '12', 'footer_left', 2, '[]', 38, 1),
(244, '2018-08-07 09:02:03', '11', 'footer_left', 2, '[]', 38, 1),
(245, '2018-08-07 09:02:08', '10', 'footer_left', 2, '[]', 38, 1),
(246, '2018-08-07 09:02:13', '9', 'footer_left', 2, '[]', 38, 1),
(247, '2018-08-07 09:02:22', '8', 'footer_left', 2, '[]', 38, 1),
(248, '2018-08-07 09:02:27', '7', 'footer_left', 2, '[]', 38, 1),
(249, '2018-08-07 09:02:32', '6', 'footer_left', 2, '[]', 38, 1),
(250, '2018-08-07 09:02:37', '5', 'footer_left', 2, '[]', 38, 1),
(251, '2018-08-07 09:02:41', '4', 'header', 2, '[]', 38, 1),
(252, '2018-08-07 09:02:47', '3', 'header', 2, '[]', 38, 1),
(253, '2018-08-08 08:48:41', '1', 'South Africa', 2, '[]', 13, 1),
(254, '2018-08-08 08:48:50', '2', 'Ghana', 2, '[]', 13, 1),
(255, '2018-08-08 08:48:58', '3', 'Zimbabwe', 2, '[]', 13, 1),
(256, '2018-08-08 08:49:06', '4', 'Egypt', 2, '[]', 13, 1),
(257, '2018-08-08 08:49:13', '5', 'Cameroon', 2, '[]', 13, 1),
(258, '2018-08-08 08:49:20', '6', 'Eritrea', 2, '[]', 13, 1),
(259, '2018-08-08 08:49:26', '7', 'India', 2, '[]', 13, 1),
(260, '2018-08-08 08:49:32', '8', 'Thailand', 2, '[]', 13, 1),
(261, '2018-08-08 08:49:40', '9', 'China', 2, '[]', 13, 1),
(262, '2018-08-08 08:49:46', '10', 'Bhutan', 2, '[]', 13, 1),
(263, '2018-08-08 08:49:53', '11', 'Sri Lanka', 2, '[]', 13, 1),
(264, '2018-08-08 08:49:59', '12', 'Bangladesh', 2, '[]', 13, 1),
(265, '2018-08-08 08:50:06', '13', 'Australia', 2, '[]', 13, 1),
(266, '2018-08-08 08:50:13', '14', 'Papua New Guinea', 2, '[]', 13, 1),
(267, '2018-08-08 08:50:17', '15', 'Bahamas', 2, '[]', 13, 1),
(268, '2018-08-08 08:50:23', '16', 'Trinidad and Tobago', 2, '[]', 13, 1),
(269, '2018-08-08 08:50:28', '17', 'Colombia', 2, '[]', 13, 1),
(270, '2018-08-08 08:50:33', '18', 'Belize', 2, '[]', 13, 1),
(271, '2018-08-08 08:50:39', '19', 'Syria', 2, '[]', 13, 1),
(272, '2018-08-08 08:50:44', '20', 'Israel', 2, '[]', 13, 1),
(273, '2018-08-08 08:50:48', '21', 'Germany', 2, '[]', 13, 1),
(274, '2018-08-08 08:50:53', '22', 'France', 2, '[]', 13, 1),
(275, '2018-08-08 08:50:58', '23', 'Mexico', 2, '[]', 13, 1),
(276, '2018-08-08 08:51:02', '24', 'Canada', 2, '[]', 13, 1),
(277, '2018-08-08 08:51:13', '11', 'Baa Farta', 2, '[]', 12, 1),
(278, '2018-08-08 08:51:17', '10', 'Balombo', 2, '[]', 12, 1),
(279, '2018-08-08 08:51:21', '9', 'Bailundo', 2, '[]', 12, 1),
(280, '2018-08-08 08:51:26', '8', 'Andulo', 2, '[]', 12, 1),
(281, '2018-08-08 08:51:30', '7', 'Ambriz', 2, '[]', 12, 1),
(282, '2018-08-08 08:51:34', '6', 'Batna', 2, '[]', 12, 1),
(283, '2018-08-08 08:51:39', '5', 'Blida', 2, '[]', 12, 1),
(284, '2018-08-08 08:51:43', '4', 'Annaba', 2, '[]', 12, 1),
(285, '2018-08-08 08:51:47', '3', 'Constantine', 2, '[]', 12, 1),
(286, '2018-08-08 08:51:52', '2', 'Oran', 2, '[]', 12, 1),
(287, '2018-08-08 08:51:57', '1', 'Algiers', 2, '[]', 12, 1),
(288, '2018-09-03 07:47:55', '2', 'Road Trips', 2, '[]', 23, 1),
(289, '2018-09-03 07:48:03', '3', 'Both', 2, '[]', 25, 1),
(290, '2018-09-03 07:48:12', '3', 'Family', 2, '[]', 26, 1),
(291, '2018-09-03 07:48:26', '1', 'Business', 2, '[]', 25, 1),
(292, '2018-09-03 07:48:33', '2', 'Friends', 2, '[]', 26, 1),
(293, '2018-09-19 15:34:24', '5', 'first1lastname', 3, '', 4, 1),
(294, '2018-09-19 15:34:24', '6', 'first2lastname', 3, '', 4, 1),
(295, '2018-09-19 15:34:24', '3', 'firstlast', 3, '', 4, 1),
(296, '2018-09-19 15:34:24', '7', 'firstname1lastname', 3, '', 4, 1),
(297, '2018-09-19 15:34:24', '9', 'firstname21lastname', 3, '', 4, 1),
(298, '2018-09-19 15:34:24', '8', 'firstname2lastname', 3, '', 4, 1),
(299, '2018-09-19 15:34:24', '10', 'firstname33lastname', 3, '', 4, 1),
(300, '2018-09-19 15:34:24', '4', 'firstnamelastname', 3, '', 4, 1),
(301, '2018-09-19 15:34:24', '2', 'pk@gmail.com', 3, '', 4, 1),
(302, '2018-09-19 15:35:30', '1', 'admin@trips.com', 2, '[{\"changed\": {\"fields\": [\"username\", \"first_name\", \"last_name\", \"email\"]}}]', 4, 1),
(303, '2018-09-19 15:35:49', '1', 'admin@trips.com', 2, '[{\"changed\": {\"fields\": [\"password\"]}}]', 4, 1),
(304, '2018-09-19 15:37:59', '13', 'Paris', 1, '[{\"added\": {}}]', 12, 1),
(305, '2018-09-19 15:38:51', '14', 'Marseille', 1, '[{\"added\": {}}]', 12, 1),
(306, '2018-10-01 14:21:04', '28', 'pravin@sourcesoftsolutions.com', 2, '[{\"changed\": {\"fields\": [\"is_active\"]}}]', 4, 1),
(307, '2018-10-05 07:15:07', '32', 'test2', 1, '[{\"added\": {}}]', 4, 1),
(308, '2018-10-05 07:25:49', '32', 'test2', 2, '[]', 4, 1),
(309, '2018-10-05 07:26:38', '32', 'test2', 2, '[]', 4, 1),
(310, '2018-10-05 07:26:49', '32', 'test2', 2, '[]', 4, 1),
(311, '2018-10-05 07:28:10', '33', 'test3', 1, '[{\"added\": {}}]', 4, 1),
(312, '2018-10-05 07:30:29', '34', 'test4', 1, '[{\"added\": {}}]', 4, 1),
(313, '2018-10-05 07:40:01', '1', 'my group', 1, '[{\"added\": {}}]', 2, 1),
(314, '2018-10-05 07:44:23', '33', 'test3', 2, '[{\"changed\": {\"fields\": [\"first_name\", \"last_name\", \"email\", \"last_login\"]}}]', 4, 1),
(315, '2018-10-05 07:45:39', '33', 'test3', 2, '[{\"changed\": {\"fields\": [\"is_staff\", \"is_superuser\"]}}]', 4, 1),
(316, '2018-10-05 07:47:37', '32', 'test2', 2, '[{\"changed\": {\"fields\": [\"email\"]}}]', 4, 1),
(317, '2018-10-05 07:59:12', '34', 'test4', 3, '', 4, 1),
(318, '2018-10-05 08:04:45', '1', 'my group', 3, '', 2, 1),
(319, '2018-10-05 08:09:05', '35', 'sfsvdsv', 1, '[{\"added\": {}}]', 4, 1),
(320, '2018-10-05 08:09:14', '35', 'sfsvdsv', 2, '[]', 4, 1),
(321, '2018-10-05 08:09:36', '35', 'sfsvdsv', 3, '', 4, 1),
(322, '2018-10-05 08:19:12', '36', 'dgdgd123', 1, '[{\"added\": {}}]', 4, 1),
(323, '2018-10-05 08:19:18', '36', 'dgdgd123', 2, '[]', 4, 1),
(324, '2018-10-05 08:20:41', '37', 'aaa12', 1, '[{\"added\": {}}]', 4, 1),
(325, '2018-10-05 08:20:55', '37', 'aaa12', 2, '[]', 4, 1),
(326, '2018-10-05 08:21:34', '37', 'aaa12', 3, '', 4, 1),
(327, '2018-10-05 08:21:34', '36', 'dgdgd123', 3, '', 4, 1),
(328, '2018-10-05 09:22:53', '9', 'pakistan', 1, '[{\"added\": {}}]', 8, 1),
(329, '2018-10-05 09:24:18', '10', 'pakistan', 1, '[{\"added\": {}}]', 8, 1),
(330, '2018-10-05 09:25:37', '9', 'pakistan', 2, '[{\"changed\": {\"fields\": [\"status\"]}}]', 8, 1),
(331, '2018-10-05 09:25:53', '10', 'pakistan', 3, '', 8, 1),
(332, '2018-10-05 09:26:31', '9', 'pakistan', 2, '[{\"changed\": {\"fields\": [\"status\"]}}]', 8, 1),
(333, '2018-10-05 09:31:46', '9', 'pakistan', 2, '[{\"changed\": {\"fields\": [\"description\", \"image\"]}}]', 8, 1),
(334, '2018-10-05 09:33:52', '9', 'pakistan', 2, '[]', 8, 1),
(335, '2018-10-05 09:36:17', '9', 'pakistan', 2, '[{\"changed\": {\"fields\": [\"sort_by\"]}}]', 8, 1),
(336, '2018-10-05 09:45:52', '25', 'pak', 1, '[{\"added\": {}}]', 13, 1),
(337, '2018-10-05 09:48:45', '25', 'pak', 2, '[{\"changed\": {\"fields\": [\"image\"]}}]', 13, 1),
(338, '2018-10-05 09:50:39', '25', 'pak', 2, '[{\"changed\": {\"fields\": [\"description\"]}}]', 13, 1),
(339, '2018-10-05 09:51:36', '25', 'pak1', 2, '[{\"changed\": {\"fields\": [\"title\"]}}]', 13, 1),
(340, '2018-10-05 09:57:12', '15', 'sub pak', 1, '[{\"added\": {}}]', 12, 1),
(341, '2018-10-05 09:58:43', '15', 'sub pak', 2, '[{\"changed\": {\"fields\": [\"image\"]}}]', 12, 1),
(342, '2018-10-05 10:00:26', '15', 'sub pak', 2, '[{\"changed\": {\"fields\": [\"status\"]}}]', 12, 1),
(343, '2018-10-05 10:01:28', '25', 'pak1', 2, '[{\"changed\": {\"fields\": [\"status\"]}}]', 13, 1),
(344, '2018-10-05 10:02:15', '9', 'pakistan', 2, '[{\"changed\": {\"fields\": [\"status\"]}}]', 8, 1),
(345, '2018-10-05 10:03:01', '9', 'pakistan', 2, '[{\"changed\": {\"fields\": [\"status\"]}}]', 8, 1),
(346, '2018-10-05 10:09:41', '9', 'pakistan', 2, '[]', 8, 1),
(347, '2018-10-05 10:10:02', '25', 'pak1', 2, '[]', 13, 1),
(348, '2018-10-05 10:12:40', '15', 'sub pak', 3, '', 12, 1),
(349, '2018-10-05 10:13:08', '25', 'pak1', 3, '', 13, 1),
(350, '2018-10-05 10:16:26', '9', 'pakistan', 2, '[{\"changed\": {\"fields\": [\"image\"]}}]', 8, 1),
(351, '2018-10-05 10:18:13', '9', 'pakistan', 3, '', 8, 1),
(352, '2018-10-05 10:33:01', '9', 'aaa', 1, '[{\"added\": {}}]', 14, 1),
(353, '2018-10-05 10:37:31', '18', 'header', 1, '[{\"added\": {}}]', 38, 1),
(354, '2018-10-05 10:40:56', '18', 'header', 2, '[]', 38, 1),
(355, '2018-10-05 10:42:50', '18', 'header', 2, '[{\"changed\": {\"fields\": [\"menu_alias\"]}}]', 38, 1),
(356, '2018-10-05 10:47:24', '13', 'my new page', 1, '[{\"added\": {}}]', 39, 1),
(357, '2018-10-05 10:48:52', '13', 'my new page', 3, '', 39, 1),
(358, '2018-10-05 10:50:07', '18', 'header', 3, '', 38, 1),
(359, '2018-10-05 11:28:39', '1', 'Find the perfect Trips & Itineraries1', 2, '[{\"changed\": {\"fields\": [\"homeTitle\"]}}]', 27, 1),
(360, '2018-10-05 11:29:08', '1', 'Find the perfect Trips & Itineraries', 2, '[{\"changed\": {\"fields\": [\"homeTitle\"]}}]', 27, 1),
(361, '2018-10-05 11:33:07', '2', 'This is My Trip', 1, '[{\"added\": {}}]', 27, 1),
(362, '2018-10-05 11:42:02', '2', 'This is My Trip', 3, '', 27, 1),
(363, '2018-10-05 11:42:12', '1', 'Find the perfect Trips & Itineraries', 2, '[{\"changed\": {\"fields\": [\"status\"]}}]', 27, 1),
(364, '2018-10-05 11:42:54', '1', 'Find the perfect Trips & Itineraries', 2, '[{\"changed\": {\"fields\": [\"status\"]}}]', 27, 1),
(365, '2018-10-05 12:23:42', '9', 'my dining', 1, '[{\"added\": {}}]', 18, 1),
(366, '2018-10-05 12:23:59', '9', 'my dining', 2, '[{\"changed\": {\"fields\": [\"status\"]}}]', 18, 1),
(367, '2018-10-05 12:25:32', '9', 'my dining', 3, '', 18, 1),
(368, '2018-10-05 12:26:39', '12', 'December', 2, '[{\"changed\": {\"fields\": [\"status\"]}}]', 19, 1),
(369, '2018-10-05 12:32:59', '1', 'January', 2, '[{\"changed\": {\"fields\": [\"status\"]}}]', 19, 1),
(370, '2018-10-05 12:34:52', '11', 'November', 2, '[{\"changed\": {\"fields\": [\"status\"]}}]', 19, 1),
(371, '2018-10-05 12:35:03', '9', 'September', 2, '[{\"changed\": {\"fields\": [\"status\"]}}]', 19, 1),
(372, '2018-10-05 12:35:17', '7', 'July', 2, '[{\"changed\": {\"fields\": [\"status\"]}}]', 19, 1),
(373, '2018-10-05 12:35:52', '12', 'December', 2, '[{\"changed\": {\"fields\": [\"status\"]}}]', 19, 1),
(374, '2018-10-05 12:36:08', '11', 'November', 2, '[{\"changed\": {\"fields\": [\"status\"]}}]', 19, 1),
(375, '2018-10-05 12:36:18', '9', 'September', 2, '[{\"changed\": {\"fields\": [\"status\"]}}]', 19, 1),
(376, '2018-10-05 12:36:29', '7', 'July', 2, '[{\"changed\": {\"fields\": [\"status\"]}}]', 19, 1),
(377, '2018-10-05 12:36:44', '1', 'January', 2, '[{\"changed\": {\"fields\": [\"status\"]}}]', 19, 1),
(378, '2018-10-05 12:37:03', '13', 'my month', 1, '[{\"added\": {}}]', 19, 1),
(379, '2018-10-05 12:37:42', '13', 'my month', 3, '', 19, 1),
(380, '2018-10-05 12:38:15', '1', 'Beach', 2, '[{\"changed\": {\"fields\": [\"status\"]}}]', 20, 1),
(381, '2018-10-05 12:39:11', '1', 'Beach', 2, '[{\"changed\": {\"fields\": [\"status\"]}}]', 20, 1),
(382, '2018-10-05 12:39:22', '16', 'Noida', 1, '[{\"added\": {}}]', 20, 1),
(383, '2018-10-05 12:40:46', '16', 'Noida', 3, '', 20, 1),
(384, '2018-10-05 12:45:55', '5', 'Budget (*)', 2, '[{\"changed\": {\"fields\": [\"status\"]}}]', 22, 1),
(385, '2018-10-05 12:46:21', '5', 'Budget (*)', 2, '[{\"changed\": {\"fields\": [\"status\"]}}]', 22, 1),
(386, '2018-10-05 12:47:08', '6', 'my rate', 1, '[{\"added\": {}}]', 22, 1),
(387, '2018-10-05 12:48:04', '6', 'my rate', 2, '[{\"changed\": {\"fields\": [\"status\"]}}]', 22, 1),
(388, '2018-10-05 12:48:35', '6', 'my rate', 3, '', 22, 1),
(389, '2018-10-05 13:01:48', '1', '1 day', 2, '[{\"changed\": {\"fields\": [\"status\"]}}]', 24, 1),
(390, '2018-10-05 13:02:28', '1', '1 day', 2, '[{\"changed\": {\"fields\": [\"status\"]}}]', 24, 1),
(391, '2018-10-05 13:04:02', '7', '2 special day', 1, '[{\"added\": {}}]', 24, 1),
(392, '2018-10-05 13:07:02', '7', '2 special day', 3, '', 24, 1),
(393, '2018-10-05 13:08:32', '3', 'Both', 2, '[{\"changed\": {\"fields\": [\"status\"]}}]', 25, 1),
(394, '2018-10-05 13:08:54', '3', 'Both', 2, '[{\"changed\": {\"fields\": [\"status\"]}}]', 25, 1),
(395, '2018-10-05 13:09:34', '4', 'school', 1, '[{\"added\": {}}]', 25, 1),
(396, '2018-10-05 13:10:12', '4', 'school', 2, '[{\"changed\": {\"fields\": [\"status\"]}}]', 25, 1),
(397, '2018-10-05 13:10:57', '4', 'school', 3, '', 25, 1),
(398, '2018-10-05 13:20:09', '1', 'Solo', 2, '[{\"changed\": {\"fields\": [\"status\"]}}]', 26, 1),
(399, '2018-10-05 13:22:11', '1', 'Solo', 2, '[{\"changed\": {\"fields\": [\"status\"]}}]', 26, 1),
(400, '2018-10-05 13:23:22', '5', 'school friends', 1, '[{\"added\": {}}]', 26, 1),
(401, '2018-10-05 13:24:18', '5', 'school friends', 2, '[{\"changed\": {\"fields\": [\"status\"]}}]', 26, 1),
(402, '2018-10-05 13:25:06', '5', 'school friends', 3, '', 26, 1),
(403, '2018-10-26 15:13:59', '6', 'footer_left', 2, '[{\"changed\": {\"fields\": [\"status\"]}}]', 38, 1),
(404, '2018-10-26 15:14:09', '6', 'footer_left', 2, '[]', 38, 1),
(405, '2018-10-26 15:14:17', '5', 'footer_left', 2, '[{\"changed\": {\"fields\": [\"status\"]}}]', 38, 1),
(406, '2018-10-26 15:14:28', '7', 'footer_left', 2, '[{\"changed\": {\"fields\": [\"status\"]}}]', 38, 1),
(407, '2018-10-26 15:17:52', '6', 'Help', 2, '[{\"changed\": {\"fields\": [\"description\"]}}]', 39, 1),
(408, '2018-10-26 15:21:24', '6', 'Help', 2, '[{\"changed\": {\"fields\": [\"description\"]}}]', 39, 1),
(409, '2018-10-26 15:22:57', '9', 'footer_left', 2, '[{\"changed\": {\"fields\": [\"status\"]}}]', 38, 1),
(410, '2018-10-26 15:23:08', '10', 'footer_left', 2, '[{\"changed\": {\"fields\": [\"status\"]}}]', 38, 1),
(411, '2018-10-26 15:23:19', '11', 'footer_left', 2, '[{\"changed\": {\"fields\": [\"status\"]}}]', 38, 1),
(412, '2018-10-26 15:23:28', '12', 'footer_left', 2, '[{\"changed\": {\"fields\": [\"status\"]}}]', 38, 1),
(413, '2018-10-26 15:23:35', '13', 'footer_left', 2, '[{\"changed\": {\"fields\": [\"status\"]}}]', 38, 1),
(414, '2018-10-26 15:23:52', '14', 'footer_left', 2, '[{\"changed\": {\"fields\": [\"status\"]}}]', 38, 1),
(415, '2018-10-26 15:32:31', '16', 'footer_right', 2, '[{\"changed\": {\"fields\": [\"status\"]}}]', 38, 1),
(416, '2018-10-26 15:32:41', '15', 'footer_right', 2, '[{\"changed\": {\"fields\": [\"status\"]}}]', 38, 1),
(417, '2018-10-29 07:43:04', '1', 'Find the perfect Trips & Itineraries', 2, '[{\"changed\": {\"fields\": [\"homeQuotation\"]}}]', 27, 1),
(418, '2018-10-29 07:59:27', '1', 'header', 2, '[{\"changed\": {\"fields\": [\"menu_name\", \"menu_alias\", \"meta_title\", \"meta_keywords\", \"meta_description\"]}}]', 38, 1),
(419, '2018-11-09 14:55:31', '28', 'pravin@sourcesoftsolutions.com', 2, '[{\"changed\": {\"fields\": [\"password\"]}}]', 4, 1),
(420, '2018-11-09 14:58:57', '28', 'pravin@sourcesoftsolutions.com', 2, '[{\"changed\": {\"fields\": [\"password\"]}}]', 4, 1),
(421, '2019-01-08 11:48:48', '65', 'Test', 3, '', 32, 1),
(422, '2019-02-07 07:32:42', '4', 'Tours', 2, '[{\"changed\": {\"fields\": [\"title\"]}}]', 20, 1),
(423, '2019-02-07 07:37:11', '5', 'Museums', 2, '[{\"changed\": {\"fields\": [\"title\"]}}]', 20, 1),
(424, '2019-02-07 07:38:00', '10', 'Spa', 2, '[{\"changed\": {\"fields\": [\"title\"]}}]', 20, 1),
(425, '2019-02-07 07:38:17', '11', 'Snow activities', 2, '[{\"changed\": {\"fields\": [\"title\"]}}]', 20, 1),
(426, '2019-02-07 07:38:28', '3', 'Sun', 3, '', 20, 1),
(427, '2019-02-07 08:02:48', '1', 'Cab', 2, '[]', 29, 1),
(428, '2019-02-07 08:02:51', '2', 'Personal Vehicle', 2, '[]', 29, 1),
(429, '2019-02-07 08:02:55', '4', 'Train', 2, '[]', 29, 1),
(430, '2019-02-07 08:11:05', '4', 'Personal Residence', 2, '[]', 28, 1),
(431, '2019-02-07 08:11:16', '1', 'Hotel', 2, '[]', 28, 1),
(432, '2019-02-07 10:14:35', '7', 'Art & Culture', 1, '[{\"added\": {}}]', 23, 1),
(433, '2019-02-07 10:14:53', '8', 'History', 1, '[{\"added\": {}}]', 23, 1),
(434, '2019-02-07 10:15:03', '9', 'Sightseeing', 1, '[{\"added\": {}}]', 23, 1),
(435, '2019-02-07 10:15:12', '10', 'Shopping', 1, '[{\"added\": {}}]', 23, 1),
(436, '2019-02-07 10:48:12', '5', 'Very Highly Recommend (*****)', 2, '[{\"changed\": {\"fields\": [\"title\"]}}]', 22, 1),
(437, '2019-02-07 10:48:31', '2', 'Highly Recommend (****)', 2, '[{\"changed\": {\"fields\": [\"title\"]}}]', 22, 1),
(438, '2019-02-07 10:48:39', '3', 'Recommend (***)', 2, '[{\"changed\": {\"fields\": [\"title\"]}}]', 22, 1),
(439, '2019-02-07 10:49:00', '4', 'May Not Recommend (**)', 2, '[{\"changed\": {\"fields\": [\"title\"]}}]', 22, 1),
(440, '2019-02-07 10:50:25', '1', 'Do Not Recommend (*)', 2, '[{\"changed\": {\"fields\": [\"title\"]}}]', 22, 1),
(441, '2019-02-07 11:28:24', '3', 'MealsPrice object (3)', 1, '[{\"added\": {}}]', 53, 1),
(442, '2019-02-07 11:28:31', '3', 'MealsPrice object (3)', 2, '[{\"changed\": {\"fields\": [\"end_price\"]}}]', 53, 1),
(443, '2019-02-07 11:28:46', '4', 'MealsPrice object (4)', 1, '[{\"added\": {}}]', 53, 1),
(444, '2019-02-07 11:28:51', '4', 'MealsPrice object (4)', 2, '[{\"changed\": {\"fields\": [\"end_price\"]}}]', 53, 1),
(445, '2019-02-07 11:29:03', '5', 'MealsPrice object (5)', 1, '[{\"added\": {}}]', 53, 1),
(446, '2019-02-07 11:29:16', '6', 'MealsPrice object (6)', 1, '[{\"added\": {}}]', 53, 1),
(447, '2019-02-07 11:29:27', '6', 'MealsPrice object (6)', 2, '[]', 53, 1),
(448, '2019-02-07 11:29:29', '6', 'MealsPrice object (6)', 2, '[{\"changed\": {\"fields\": [\"end_price\"]}}]', 53, 1),
(449, '2019-02-07 11:29:39', '7', 'MealsPrice object (7)', 1, '[{\"added\": {}}]', 53, 1),
(450, '2019-02-07 11:29:49', '7', 'MealsPrice object (7)', 2, '[{\"changed\": {\"fields\": [\"start_price\"]}}]', 53, 1),
(451, '2019-02-07 11:29:57', '7', 'MealsPrice object (7)', 2, '[]', 53, 1),
(452, '2019-02-07 12:39:10', '4', 'Large Rooms/Tons of space', 2, '[{\"changed\": {\"fields\": [\"title\"]}}]', 18, 1),
(453, '2019-02-07 12:39:22', '5', 'Very Clean', 2, '[{\"changed\": {\"fields\": [\"title\"]}}]', 18, 1),
(454, '2019-02-07 12:39:36', '2', 'Brand New', 2, '[{\"changed\": {\"fields\": [\"title\"]}}]', 18, 1),
(455, '2019-02-07 12:39:47', '7', 'Convenient Location', 2, '[{\"changed\": {\"fields\": [\"title\"]}}]', 18, 1),
(456, '2019-02-07 12:40:06', '8', 'Great Fitness Center', 2, '[{\"changed\": {\"fields\": [\"title\"]}}]', 18, 1),
(457, '2019-02-07 12:40:16', '3', 'Free Wifi', 2, '[{\"changed\": {\"fields\": [\"title\"]}}]', 18, 1),
(458, '2019-02-07 12:40:26', '6', 'Great Value', 2, '[{\"changed\": {\"fields\": [\"title\"]}}]', 18, 1),
(459, '2019-02-07 12:40:53', '10', 'Family Activities', 1, '[{\"added\": {}}]', 18, 1),
(460, '2019-02-07 12:41:05', '11', 'Great Tours', 1, '[{\"added\": {}}]', 18, 1),
(461, '2019-02-07 13:17:09', '19', 'header', 1, '[{\"added\": {}}]', 38, 1),
(462, '2019-02-07 13:17:23', '19', 'header', 3, '', 38, 1),
(463, '2019-02-07 13:59:10', '1', 'Dreaming About', 1, '[{\"added\": {}}]', 54, 1),
(464, '2019-02-07 13:59:26', '2', 'Still Planning', 1, '[{\"added\": {}}]', 54, 1),
(465, '2019-02-07 13:59:37', '3', 'Planning Complete', 1, '[{\"added\": {}}]', 54, 1),
(466, '2019-02-07 14:01:42', '4', 'Taking Trip Now', 1, '[{\"added\": {}}]', 54, 1),
(467, '2019-02-07 14:01:56', '5', 'Trip Complete', 1, '[{\"added\": {}}]', 54, 1),
(468, '2019-02-11 10:29:44', '2', 'Still Planning', 1, '[{\"added\": {}}]', 56, 1),
(469, '2019-02-11 10:29:53', '3', 'Planning Complete', 1, '[{\"added\": {}}]', 56, 1),
(470, '2019-02-11 10:30:03', '4', 'Taking Trip Now', 1, '[{\"added\": {}}]', 56, 1),
(471, '2019-02-11 10:30:11', '5', 'Trip Complete', 1, '[{\"added\": {}}]', 56, 1),
(472, '2019-05-15 14:39:07', '4', 'A Cruise', 2, '[{\"changed\": {\"fields\": [\"search_icons\"]}}]', 23, 1),
(473, '2019-05-15 14:39:51', '6', 'Family Time', 2, '[{\"changed\": {\"fields\": [\"search_icons\"]}}]', 23, 1),
(474, '2019-05-15 14:39:58', '8', 'History', 2, '[{\"changed\": {\"fields\": [\"search_icons\"]}}]', 23, 1),
(475, '2019-05-15 14:40:05', '2', 'Road Trips', 2, '[{\"changed\": {\"fields\": [\"search_icons\"]}}]', 23, 1),
(476, '2019-05-15 14:40:16', '5', 'Serenity & Relaxation', 2, '[{\"changed\": {\"fields\": [\"search_icons\"]}}]', 23, 1),
(477, '2019-05-15 14:41:10', '9', 'Sightseeing', 2, '[{\"changed\": {\"fields\": [\"search_icons\"]}}]', 23, 1),
(478, '2019-05-15 14:41:20', '1', 'Thrills & Adventure', 2, '[{\"changed\": {\"fields\": [\"search_icons\"]}}]', 23, 1),
(479, '2019-05-15 14:46:08', '1', 'Beach', 2, '[{\"changed\": {\"fields\": [\"place_icons\"]}}]', 20, 1),
(480, '2019-05-15 14:46:15', '9', 'Camping', 2, '[{\"changed\": {\"fields\": [\"place_icons\"]}}]', 20, 1),
(481, '2019-05-15 14:54:27', '6', 'Casinos', 2, '[{\"changed\": {\"fields\": [\"place_icons\"]}}]', 20, 1),
(482, '2019-05-15 14:54:45', '13', 'Great pools', 2, '[{\"changed\": {\"fields\": [\"place_icons\"]}}]', 20, 1),
(483, '2019-05-15 14:54:55', '8', 'Late nights', 2, '[{\"changed\": {\"fields\": [\"place_icons\"]}}]', 20, 1),
(484, '2019-05-15 14:55:04', '7', 'Local spots', 2, '[{\"changed\": {\"fields\": [\"place_icons\"]}}]', 20, 1),
(485, '2019-05-15 14:55:12', '14', 'Mental retreat', 2, '[{\"changed\": {\"fields\": [\"place_icons\"]}}]', 20, 1),
(486, '2019-05-15 14:57:22', '2', 'Snorkeling', 2, '[{\"changed\": {\"fields\": [\"place_icons\"]}}]', 20, 1),
(487, '2019-05-15 14:57:30', '11', 'Snow activities', 2, '[{\"changed\": {\"fields\": [\"place_icons\"]}}]', 20, 1),
(488, '2019-05-15 14:57:40', '10', 'Spa', 2, '[{\"changed\": {\"fields\": [\"place_icons\"]}}]', 20, 1),
(489, '2019-05-15 14:57:53', '12', 'Sports & outdoor activities', 2, '[{\"changed\": {\"fields\": [\"place_icons\"]}}]', 20, 1),
(490, '2019-05-16 10:44:02', '5', 'Museums', 2, '[{\"changed\": {\"fields\": [\"place_icons\"]}}]', 20, 1),
(491, '2019-05-16 10:44:37', '7', 'Art & Culture', 2, '[{\"changed\": {\"fields\": [\"search_icons\"]}}]', 23, 1),
(492, '2019-05-16 10:44:48', '3', 'Unique Experiences', 2, '[{\"changed\": {\"fields\": [\"search_icons\"]}}]', 23, 1),
(493, '2019-05-16 10:44:55', '10', 'Shopping', 2, '[{\"changed\": {\"fields\": [\"search_icons\"]}}]', 23, 1),
(494, '2019-05-16 11:45:41', '3', 'Both', 2, '[{\"changed\": {\"fields\": [\"travelfor_icons\"]}}]', 25, 1),
(495, '2019-05-16 11:45:48', '1', 'Business', 2, '[{\"changed\": {\"fields\": [\"travelfor_icons\"]}}]', 25, 1),
(496, '2019-05-16 11:45:57', '2', 'Leisure', 2, '[{\"changed\": {\"fields\": [\"travelfor_icons\"]}}]', 25, 1),
(497, '2019-05-16 11:46:10', '3', 'Family', 2, '[{\"changed\": {\"fields\": [\"travelwith_icons\"]}}]', 26, 1),
(498, '2019-05-16 11:46:15', '2', 'Friends', 2, '[{\"changed\": {\"fields\": [\"travelwith_icons\"]}}]', 26, 1),
(499, '2019-05-16 11:46:23', '4', 'Large Group', 2, '[{\"changed\": {\"fields\": [\"travelwith_icons\"]}}]', 26, 1),
(500, '2019-05-16 11:46:29', '1', 'Solo', 2, '[{\"changed\": {\"fields\": [\"travelwith_icons\"]}}]', 26, 1),
(501, '2019-05-29 13:12:16', '98', 'Western Sahara', 2, '[]', 13, 1),
(502, '2019-05-29 13:12:16', '98', 'Western Sahara', 2, '[]', 13, 1),
(503, '2019-05-31 13:22:07', '4', '5-10 Days', 2, '[{\"changed\": {\"fields\": [\"title\"]}}]', 24, 1),
(504, '2019-05-31 13:22:33', '5', '10-15 Days', 2, '[{\"changed\": {\"fields\": [\"title\"]}}]', 24, 1),
(505, '2019-05-31 13:22:39', '6', '15+ Days', 2, '[{\"changed\": {\"fields\": [\"title\"]}}]', 24, 1),
(506, '2019-06-25 07:55:13', '100', 'Albania', 1, '[{\"added\": {}}]', 13, 1),
(507, '2019-06-25 07:56:26', '101', 'Andorra', 1, '[{\"added\": {}}]', 13, 1),
(508, '2019-06-25 08:11:59', '102', 'Armenia', 1, '[{\"added\": {}}]', 13, 1),
(509, '2019-06-25 08:13:25', '103', 'Austria', 1, '[{\"added\": {}}]', 13, 1),
(510, '2019-06-25 08:14:16', '104', 'Azerbaijan', 1, '[{\"added\": {}}]', 13, 1),
(511, '2019-06-25 08:14:36', '105', 'Belarus', 1, '[{\"added\": {}}]', 13, 1),
(512, '2019-06-25 08:15:06', '106', 'Belgium', 1, '[{\"added\": {}}]', 13, 1),
(513, '2019-06-25 08:15:44', '107', 'Bosnia and Herzegovina', 1, '[{\"added\": {}}]', 13, 1),
(514, '2019-06-25 08:16:02', '108', 'Bulgaria', 1, '[{\"added\": {}}]', 13, 1),
(515, '2019-06-25 08:16:26', '109', 'Croatia', 1, '[{\"added\": {}}]', 13, 1),
(516, '2019-06-25 08:16:42', '110', 'Cyprus', 1, '[{\"added\": {}}]', 13, 1),
(517, '2019-06-25 08:17:00', '111', 'Czech Republic', 1, '[{\"added\": {}}]', 13, 1),
(518, '2019-06-25 08:17:17', '112', 'Denmark', 1, '[{\"added\": {}}]', 13, 1),
(519, '2019-06-25 08:17:35', '113', 'Estonia', 1, '[{\"added\": {}}]', 13, 1),
(520, '2019-06-25 08:17:52', '114', 'Finland', 1, '[{\"added\": {}}]', 13, 1),
(521, '2019-06-25 08:18:09', '115', 'France', 1, '[{\"added\": {}}]', 13, 1),
(522, '2019-06-25 08:19:24', '115', 'France', 3, '', 13, 1),
(523, '2019-06-25 08:19:59', '116', 'Georgia', 1, '[{\"added\": {}}]', 13, 1),
(524, '2019-06-25 08:20:16', '117', 'Greece', 1, '[{\"added\": {}}]', 13, 1),
(525, '2019-06-25 08:20:33', '118', 'Hungary', 1, '[{\"added\": {}}]', 13, 1),
(526, '2019-06-25 08:20:48', '119', 'Iceland', 1, '[{\"added\": {}}]', 13, 1),
(527, '2019-06-25 08:21:06', '120', 'Ireland', 1, '[{\"added\": {}}]', 13, 1),
(528, '2019-06-25 08:21:25', '121', 'Italy', 1, '[{\"added\": {}}]', 13, 1),
(529, '2019-06-25 08:21:40', '122', 'Latvia', 1, '[{\"added\": {}}]', 13, 1),
(530, '2019-06-25 08:21:59', '123', 'Liechtenstein', 1, '[{\"added\": {}}]', 13, 1),
(531, '2019-06-25 08:22:17', '124', 'Lithuania', 1, '[{\"added\": {}}]', 13, 1),
(532, '2019-06-25 08:22:33', '125', 'Luxembourg', 1, '[{\"added\": {}}]', 13, 1),
(533, '2019-06-25 08:22:49', '126', 'Macedonia', 1, '[{\"added\": {}}]', 13, 1),
(534, '2019-06-25 08:23:16', '127', 'Malta', 1, '[{\"added\": {}}]', 13, 1),
(535, '2019-06-25 08:23:37', '128', 'Moldova', 1, '[{\"added\": {}}]', 13, 1),
(536, '2019-06-25 08:23:55', '129', 'Monaco', 1, '[{\"added\": {}}]', 13, 1),
(537, '2019-06-25 08:24:10', '130', 'Montenegro', 1, '[{\"added\": {}}]', 13, 1),
(538, '2019-06-25 08:24:24', '131', 'Netherlands', 1, '[{\"added\": {}}]', 13, 1),
(539, '2019-06-25 08:25:13', '132', 'Norway', 1, '[{\"added\": {}}]', 13, 1),
(540, '2019-06-25 08:25:29', '133', 'Poland', 1, '[{\"added\": {}}]', 13, 1),
(541, '2019-06-25 08:25:46', '134', 'Portugal', 1, '[{\"added\": {}}]', 13, 1),
(542, '2019-06-25 08:26:02', '135', 'Romania', 1, '[{\"added\": {}}]', 13, 1),
(543, '2019-06-25 08:26:16', '136', 'San Marino', 1, '[{\"added\": {}}]', 13, 1),
(544, '2019-06-25 08:26:32', '137', 'Serbia', 1, '[{\"added\": {}}]', 13, 1),
(545, '2019-06-25 08:26:48', '138', 'Slovakia', 1, '[{\"added\": {}}]', 13, 1),
(546, '2019-06-25 08:27:03', '139', 'Slovenia', 1, '[{\"added\": {}}]', 13, 1),
(547, '2019-06-25 08:27:18', '140', 'Spain', 1, '[{\"added\": {}}]', 13, 1),
(548, '2019-06-25 08:27:35', '141', 'Sweden', 1, '[{\"added\": {}}]', 13, 1),
(549, '2019-06-25 08:27:51', '142', 'Switzerland', 1, '[{\"added\": {}}]', 13, 1),
(550, '2019-06-25 08:28:12', '143', 'Ukraine', 1, '[{\"added\": {}}]', 13, 1),
(551, '2019-06-25 08:28:35', '144', 'United Kingdom', 1, '[{\"added\": {}}]', 13, 1),
(552, '2019-06-25 08:28:52', '145', 'Vatican City', 1, '[{\"added\": {}}]', 13, 1),
(553, '2019-07-12 07:45:40', '146', 'Algeria', 1, '[{\"added\": {}}]', 13, 1),
(554, '2019-07-12 07:47:21', '146', 'Algeria', 3, '', 13, 1),
(555, '2019-07-12 07:48:26', '147', 'Afghanistan', 1, '[{\"added\": {}}]', 13, 1),
(556, '2019-07-12 07:49:46', '148', 'Bahrain', 1, '[{\"added\": {}}]', 13, 1),
(557, '2019-07-12 07:50:36', '149', 'Brunei', 1, '[{\"added\": {}}]', 13, 1),
(558, '2019-07-12 07:51:01', '150', 'Burma (Myanmar)', 1, '[{\"added\": {}}]', 13, 1),
(559, '2019-07-12 07:51:27', '151', 'Cambodia', 1, '[{\"added\": {}}]', 13, 1),
(560, '2019-07-12 07:51:59', '152', 'East Timor', 1, '[{\"added\": {}}]', 13, 1),
(561, '2019-07-12 07:52:31', '153', 'Indonesia', 1, '[{\"added\": {}}]', 13, 1),
(562, '2019-07-12 07:53:58', '154', 'Iran', 1, '[{\"added\": {}}]', 13, 1),
(563, '2019-07-12 07:54:14', '155', 'Iraq', 1, '[{\"added\": {}}]', 13, 1),
(564, '2019-07-12 07:54:35', '156', 'Israel', 1, '[{\"added\": {}}]', 13, 1),
(565, '2019-07-12 07:54:54', '157', 'Japan', 1, '[{\"added\": {}}]', 13, 1),
(566, '2019-07-12 07:55:10', '158', 'Jordan', 1, '[{\"added\": {}}]', 13, 1),
(567, '2019-07-12 07:55:25', '159', 'Kazakhstan', 1, '[{\"added\": {}}]', 13, 1),
(568, '2019-07-12 07:55:38', '160', 'Korea, North', 1, '[{\"added\": {}}]', 13, 1),
(569, '2019-07-12 07:55:53', '161', 'Korea, South', 1, '[{\"added\": {}}]', 13, 1),
(570, '2019-07-12 07:56:06', '162', 'Kuwait', 1, '[{\"added\": {}}]', 13, 1),
(571, '2019-07-12 07:56:21', '163', 'Kyrgyzstan', 1, '[{\"added\": {}}]', 13, 1),
(572, '2019-07-12 07:56:33', '164', 'Laos', 1, '[{\"added\": {}}]', 13, 1),
(573, '2019-07-12 07:56:48', '165', 'Lebanon', 1, '[{\"added\": {}}]', 13, 1),
(574, '2019-07-12 07:58:56', '166', 'Malaysia', 1, '[{\"added\": {}}]', 13, 1),
(575, '2019-07-12 07:59:14', '167', 'Maldives', 1, '[{\"added\": {}}]', 13, 1),
(576, '2019-07-12 07:59:27', '168', 'Mongolia', 1, '[{\"added\": {}}]', 13, 1),
(577, '2019-07-12 07:59:41', '169', 'Nepal', 1, '[{\"added\": {}}]', 13, 1),
(578, '2019-07-12 07:59:54', '170', 'Oman', 1, '[{\"added\": {}}]', 13, 1),
(579, '2019-07-12 08:00:07', '171', 'Pakistan', 1, '[{\"added\": {}}]', 13, 1),
(580, '2019-07-12 08:00:23', '172', 'Philippines', 1, '[{\"added\": {}}]', 13, 1),
(581, '2019-07-12 08:00:38', '173', 'Qatar', 1, '[{\"added\": {}}]', 13, 1),
(582, '2019-07-12 08:00:54', '174', 'Russian Federation', 1, '[{\"added\": {}}]', 13, 1),
(583, '2019-07-12 08:01:09', '175', 'Saudi Arabia', 1, '[{\"added\": {}}]', 13, 1),
(584, '2019-07-12 08:01:22', '176', 'Singapore', 1, '[{\"added\": {}}]', 13, 1),
(585, '2019-07-12 08:01:37', '177', 'Syria', 1, '[{\"added\": {}}]', 13, 1),
(586, '2019-07-12 08:01:52', '178', 'Tajikistan', 1, '[{\"added\": {}}]', 13, 1),
(587, '2019-07-12 08:02:06', '179', 'Turkey', 1, '[{\"added\": {}}]', 13, 1),
(588, '2019-07-12 08:02:21', '180', 'Turkmenistan', 1, '[{\"added\": {}}]', 13, 1),
(589, '2019-07-12 08:02:39', '181', 'United Arab Emirates', 1, '[{\"added\": {}}]', 13, 1),
(590, '2019-07-12 08:02:54', '182', 'Uzbekistan', 1, '[{\"added\": {}}]', 13, 1),
(591, '2019-07-12 08:03:11', '183', 'Vietnam', 1, '[{\"added\": {}}]', 13, 1),
(592, '2019-07-12 08:03:28', '184', 'Yemen', 1, '[{\"added\": {}}]', 13, 1),
(593, '2019-07-12 08:05:31', '185', 'Antigua and Barbuda', 1, '[{\"added\": {}}]', 13, 1);
INSERT INTO `django_admin_log` (`id`, `action_time`, `object_id`, `object_repr`, `action_flag`, `change_message`, `content_type_id`, `user_id`) VALUES
(594, '2019-07-12 08:05:46', '186', 'Bahamas', 1, '[{\"added\": {}}]', 13, 1),
(595, '2019-07-12 08:06:00', '187', 'Barbados', 1, '[{\"added\": {}}]', 13, 1),
(596, '2019-07-12 08:06:13', '188', 'Belize', 1, '[{\"added\": {}}]', 13, 1),
(597, '2019-07-12 08:06:31', '189', 'Costa Rica', 1, '[{\"added\": {}}]', 13, 1),
(598, '2019-07-12 08:06:56', '190', 'Cuba', 1, '[{\"added\": {}}]', 13, 1),
(599, '2019-07-12 08:07:10', '191', 'Dominica', 1, '[{\"added\": {}}]', 13, 1),
(600, '2019-07-12 08:07:24', '192', 'Dominican Republic', 1, '[{\"added\": {}}]', 13, 1),
(601, '2019-07-12 08:07:39', '193', 'El Salvador', 1, '[{\"added\": {}}]', 13, 1),
(602, '2019-07-12 08:07:53', '194', 'Grenada', 1, '[{\"added\": {}}]', 13, 1),
(603, '2019-07-12 08:08:06', '195', 'Guatemala', 1, '[{\"added\": {}}]', 13, 1),
(604, '2019-07-12 08:08:18', '196', 'Haiti', 1, '[{\"added\": {}}]', 13, 1),
(605, '2019-07-12 08:08:35', '197', 'Honduras', 1, '[{\"added\": {}}]', 13, 1),
(606, '2019-07-12 08:08:48', '198', 'Jamaica', 1, '[{\"added\": {}}]', 13, 1),
(607, '2019-07-12 08:09:02', '199', 'Nicaragua', 1, '[{\"added\": {}}]', 13, 1),
(608, '2019-07-12 08:09:16', '200', 'Panama', 1, '[{\"added\": {}}]', 13, 1),
(609, '2019-07-12 08:09:35', '201', 'Saint Kitts and Nevis', 1, '[{\"added\": {}}]', 13, 1),
(610, '2019-07-12 08:09:48', '202', 'Saint Lucia', 1, '[{\"added\": {}}]', 13, 1),
(611, '2019-07-12 08:10:03', '203', 'Saint Vincent and the Grenadines', 1, '[{\"added\": {}}]', 13, 1),
(612, '2019-07-12 08:10:17', '204', 'Trinidad and Tobago', 1, '[{\"added\": {}}]', 13, 1),
(613, '2019-07-12 08:20:46', '205', 'Fiji', 1, '[{\"added\": {}}]', 13, 1),
(614, '2019-07-12 08:21:08', '206', 'Kiribati', 1, '[{\"added\": {}}]', 13, 1),
(615, '2019-07-12 08:21:36', '207', 'Marshall Islands', 1, '[{\"added\": {}}]', 13, 1),
(616, '2019-07-12 08:21:53', '208', 'Micronesia', 1, '[{\"added\": {}}]', 13, 1),
(617, '2019-07-12 08:22:08', '209', 'Nauru', 1, '[{\"added\": {}}]', 13, 1),
(618, '2019-07-12 08:22:26', '210', 'New Zealand', 1, '[{\"added\": {}}]', 13, 1),
(619, '2019-07-12 08:22:40', '211', 'Palau', 1, '[{\"added\": {}}]', 13, 1),
(620, '2019-07-12 08:22:58', '212', 'Samoa', 1, '[{\"added\": {}}]', 13, 1),
(621, '2019-07-12 08:23:12', '213', 'Solomon Islands', 1, '[{\"added\": {}}]', 13, 1),
(622, '2019-07-12 08:23:27', '214', 'Tonga', 1, '[{\"added\": {}}]', 13, 1),
(623, '2019-07-12 08:23:40', '215', 'Tuvalu', 1, '[{\"added\": {}}]', 13, 1),
(624, '2019-07-12 08:23:54', '216', 'Vanuatu', 1, '[{\"added\": {}}]', 13, 1),
(625, '2019-07-12 08:24:12', '217', 'Argentina', 1, '[{\"added\": {}}]', 13, 1),
(626, '2019-07-12 08:24:29', '218', 'Bolivia', 1, '[{\"added\": {}}]', 13, 1),
(627, '2019-07-12 08:24:44', '219', 'Brazil', 1, '[{\"added\": {}}]', 13, 1),
(628, '2019-07-12 08:25:01', '220', 'Chile', 1, '[{\"added\": {}}]', 13, 1),
(629, '2019-07-12 08:25:13', '221', 'Ecuador', 1, '[{\"added\": {}}]', 13, 1),
(630, '2019-07-12 08:25:26', '222', 'Guyana', 1, '[{\"added\": {}}]', 13, 1),
(631, '2019-07-12 08:25:40', '223', 'Paraguay', 1, '[{\"added\": {}}]', 13, 1),
(632, '2019-07-12 08:25:51', '224', 'Peru', 1, '[{\"added\": {}}]', 13, 1),
(633, '2019-07-12 08:26:05', '225', 'Suriname', 1, '[{\"added\": {}}]', 13, 1),
(634, '2019-07-12 08:26:18', '226', 'Uruguay', 1, '[{\"added\": {}}]', 13, 1),
(635, '2019-07-12 08:26:31', '227', 'Venezuela', 1, '[{\"added\": {}}]', 13, 1),
(636, '2019-10-09 13:50:50', '227', 'Venezuela', 2, '[]', 13, 1),
(637, '2019-10-11 10:26:16', '219', 'Brazil', 2, '[{\"changed\": {\"fields\": [\"country_code\"]}}]', 13, 1),
(638, '2019-10-11 10:26:33', '218', 'Bolivia', 2, '[{\"changed\": {\"fields\": [\"country_code\"]}}]', 13, 1),
(639, '2019-10-11 10:26:55', '217', 'Argentina', 2, '[{\"changed\": {\"fields\": [\"country_code\"]}}]', 13, 1),
(640, '2019-10-11 10:27:37', '147', 'Afghanistan', 2, '[{\"changed\": {\"fields\": [\"country_code\"]}}]', 13, 1),
(641, '2019-10-11 10:27:57', '100', 'Albania', 2, '[{\"changed\": {\"fields\": [\"country_code\"]}}]', 13, 1),
(642, '2019-10-11 10:28:25', '51', 'Algeria', 2, '[]', 13, 1),
(643, '2019-10-11 10:29:16', '101', 'Andorra', 2, '[{\"changed\": {\"fields\": [\"country_code\"]}}]', 13, 1),
(644, '2019-10-11 10:29:31', '52', 'Angola', 2, '[]', 13, 1),
(645, '2019-10-11 10:30:43', '185', 'Antigua and Barbuda', 2, '[{\"changed\": {\"fields\": [\"country_code\"]}}]', 13, 1),
(646, '2019-10-11 10:31:04', '217', 'Argentina', 2, '[]', 13, 1),
(647, '2019-10-11 10:31:20', '102', 'Armenia', 2, '[{\"changed\": {\"fields\": [\"country_code\"]}}]', 13, 1),
(648, '2019-10-11 10:32:01', '13', 'Australia', 2, '[]', 13, 1),
(649, '2019-10-11 10:32:19', '103', 'Austria', 2, '[{\"changed\": {\"fields\": [\"country_code\"]}}]', 13, 1),
(650, '2019-10-11 10:32:39', '104', 'Azerbaijan', 2, '[{\"changed\": {\"fields\": [\"country_code\"]}}]', 13, 1),
(651, '2019-10-11 10:33:26', '186', 'Bahamas', 2, '[{\"changed\": {\"fields\": [\"country_code\"]}}]', 13, 1),
(652, '2019-10-11 10:33:34', '15', 'Bahamas', 2, '[]', 13, 1),
(653, '2019-10-11 10:33:51', '148', 'Bahrain', 2, '[{\"changed\": {\"fields\": [\"country_code\", \"description\"]}}]', 13, 1),
(654, '2019-10-11 10:34:12', '12', 'Bangladesh', 2, '[]', 13, 1),
(655, '2019-10-11 10:34:29', '187', 'Barbados', 2, '[{\"changed\": {\"fields\": [\"country_code\"]}}]', 13, 1),
(656, '2019-10-11 10:35:00', '105', 'Belarus', 2, '[{\"changed\": {\"fields\": [\"country_code\"]}}]', 13, 1),
(657, '2019-10-11 10:35:17', '106', 'Belgium', 2, '[{\"changed\": {\"fields\": [\"country_code\"]}}]', 13, 1),
(658, '2019-10-11 10:35:39', '18', 'Belize', 2, '[]', 13, 1),
(659, '2019-10-11 10:35:57', '53', 'Benin', 2, '[]', 13, 1),
(660, '2019-10-11 10:36:27', '10', 'Bhutan', 2, '[]', 13, 1),
(661, '2019-10-11 10:36:44', '218', 'Bolivia', 2, '[]', 13, 1),
(662, '2019-10-11 10:37:13', '107', 'Bosnia and Herzegovina', 2, '[{\"changed\": {\"fields\": [\"country_code\"]}}]', 13, 1),
(663, '2019-10-11 10:37:27', '54', 'Botswana', 2, '[]', 13, 1),
(664, '2019-10-11 10:37:57', '219', 'Brazil', 2, '[]', 13, 1),
(665, '2019-10-11 10:38:25', '149', 'Brunei', 2, '[{\"changed\": {\"fields\": [\"country_code\", \"description\"]}}]', 13, 1),
(666, '2019-10-11 10:38:40', '108', 'Bulgaria', 2, '[{\"changed\": {\"fields\": [\"country_code\"]}}]', 13, 1),
(667, '2019-10-11 10:41:28', '108', 'Bulgaria', 2, '[]', 13, 1),
(668, '2019-10-11 10:41:44', '55', 'Burkina Faso', 2, '[]', 13, 1),
(669, '2019-10-11 10:41:57', '56', 'Burundi', 2, '[]', 13, 1),
(670, '2019-10-11 10:42:10', '151', 'Cambodia', 2, '[{\"changed\": {\"fields\": [\"country_code\", \"description\"]}}]', 13, 1),
(671, '2019-10-11 10:42:29', '5', 'Cameroon', 2, '[]', 13, 1),
(672, '2019-10-11 10:42:43', '24', 'Canada', 2, '[]', 13, 1),
(673, '2019-10-11 10:42:59', '57', 'Cape Verde', 2, '[]', 13, 1),
(674, '2019-10-11 10:43:20', '58', 'Central African Republic', 2, '[]', 13, 1),
(675, '2019-10-11 10:43:32', '59', 'Chad', 2, '[]', 13, 1),
(676, '2019-10-11 10:43:46', '220', 'Chile', 2, '[{\"changed\": {\"fields\": [\"country_code\"]}}]', 13, 1),
(677, '2019-10-11 10:43:59', '9', 'China', 2, '[]', 13, 1),
(678, '2019-10-11 10:44:27', '17', 'Colombia', 2, '[]', 13, 1),
(679, '2019-10-11 10:44:40', '60', 'Comoros', 2, '[]', 13, 1),
(680, '2019-10-11 10:45:02', '61', 'Republic of the Congo', 2, '[]', 13, 1),
(681, '2019-10-11 10:45:26', '189', 'Costa Rica', 2, '[{\"changed\": {\"fields\": [\"country_code\"]}}]', 13, 1),
(682, '2019-10-11 10:45:41', '109', 'Croatia', 2, '[{\"changed\": {\"fields\": [\"country_code\"]}}]', 13, 1),
(683, '2019-10-11 10:45:54', '190', 'Cuba', 2, '[{\"changed\": {\"fields\": [\"country_code\"]}}]', 13, 1),
(684, '2019-10-11 10:46:14', '110', 'Cyprus', 2, '[{\"changed\": {\"fields\": [\"country_code\"]}}]', 13, 1),
(685, '2019-10-11 10:46:29', '111', 'Czech Republic', 2, '[{\"changed\": {\"fields\": [\"country_code\"]}}]', 13, 1),
(686, '2019-10-11 10:46:45', '63', 'Cote d\'Ivoire', 2, '[]', 13, 1),
(687, '2019-10-11 10:47:00', '112', 'Denmark', 2, '[{\"changed\": {\"fields\": [\"country_code\"]}}]', 13, 1),
(688, '2019-10-11 10:47:15', '64', 'Djibouti', 2, '[]', 13, 1),
(689, '2019-10-11 10:47:27', '191', 'Dominica', 2, '[{\"changed\": {\"fields\": [\"country_code\"]}}]', 13, 1),
(690, '2019-10-11 10:47:37', '192', 'Dominican Republic', 2, '[{\"changed\": {\"fields\": [\"country_code\"]}}]', 13, 1),
(691, '2019-10-11 10:47:51', '221', 'Ecuador', 2, '[{\"changed\": {\"fields\": [\"country_code\"]}}]', 13, 1),
(692, '2019-10-11 10:48:04', '4', 'Egypt', 2, '[]', 13, 1),
(693, '2019-10-11 10:48:19', '193', 'El Salvador', 2, '[{\"changed\": {\"fields\": [\"country_code\"]}}]', 13, 1),
(694, '2019-10-11 10:48:33', '65', 'Equatorial Guinea', 2, '[]', 13, 1),
(695, '2019-10-11 10:48:48', '6', 'Eritrea', 2, '[]', 13, 1),
(696, '2019-10-11 10:48:59', '113', 'Estonia', 2, '[{\"changed\": {\"fields\": [\"country_code\"]}}]', 13, 1),
(697, '2019-10-11 10:49:17', '66', 'Ethiopia', 2, '[]', 13, 1),
(698, '2019-10-11 10:49:53', '205', 'Fiji', 2, '[{\"changed\": {\"fields\": [\"country_code\"]}}]', 13, 1),
(699, '2019-10-11 10:50:05', '114', 'Finland', 2, '[{\"changed\": {\"fields\": [\"country_code\"]}}]', 13, 1),
(700, '2019-10-11 10:50:21', '22', 'France', 2, '[]', 13, 1),
(701, '2019-10-11 10:51:06', '67', 'Gabon', 2, '[]', 13, 1),
(702, '2019-10-11 10:51:19', '69', 'The Gambia', 2, '[]', 13, 1),
(703, '2019-10-11 10:51:36', '116', 'Georgia', 2, '[{\"changed\": {\"fields\": [\"country_code\"]}}]', 13, 1),
(704, '2019-10-11 10:51:53', '21', 'Germany', 2, '[]', 13, 1),
(705, '2019-10-11 10:52:08', '2', 'Ghana', 2, '[]', 13, 1),
(706, '2019-10-11 10:52:33', '117', 'Greece', 2, '[{\"changed\": {\"fields\": [\"country_code\"]}}]', 13, 1),
(707, '2019-10-11 10:53:02', '194', 'Grenada', 2, '[{\"changed\": {\"fields\": [\"country_code\"]}}]', 13, 1),
(708, '2019-10-11 10:53:36', '195', 'Guatemala', 2, '[{\"changed\": {\"fields\": [\"country_code\"]}}]', 13, 1),
(709, '2019-10-11 10:54:11', '70', 'Guinea-Bissau', 2, '[]', 13, 1),
(710, '2019-10-11 10:54:37', '65', 'Equatorial Guinea', 2, '[]', 13, 1),
(711, '2019-10-11 10:54:48', '14', 'Papua New Guinea', 2, '[]', 13, 1),
(712, '2019-10-11 10:54:59', '222', 'Guyana', 2, '[{\"changed\": {\"fields\": [\"country_code\"]}}]', 13, 1),
(713, '2019-10-11 10:55:12', '196', 'Haiti', 2, '[{\"changed\": {\"fields\": [\"country_code\"]}}]', 13, 1),
(714, '2019-10-11 10:56:04', '197', 'Honduras', 2, '[{\"changed\": {\"fields\": [\"country_code\"]}}]', 13, 1),
(715, '2019-10-11 10:56:26', '118', 'Hungary', 2, '[{\"changed\": {\"fields\": [\"country_code\"]}}]', 13, 1),
(716, '2019-10-11 10:56:40', '119', 'Iceland', 2, '[{\"changed\": {\"fields\": [\"country_code\"]}}]', 13, 1),
(717, '2019-10-11 10:56:54', '7', 'India', 2, '[]', 13, 1),
(718, '2019-10-11 10:57:06', '153', 'Indonesia', 2, '[{\"changed\": {\"fields\": [\"country_code\", \"description\"]}}]', 13, 1),
(719, '2019-10-11 10:57:25', '154', 'Iran', 2, '[{\"changed\": {\"fields\": [\"country_code\"]}}]', 13, 1),
(720, '2019-10-11 10:57:41', '155', 'Iraq', 2, '[{\"changed\": {\"fields\": [\"country_code\"]}}]', 13, 1),
(721, '2019-10-11 10:57:55', '120', 'Ireland', 2, '[{\"changed\": {\"fields\": [\"country_code\"]}}]', 13, 1),
(722, '2019-10-11 10:59:00', '121', 'Italy', 2, '[{\"changed\": {\"fields\": [\"country_code\"]}}]', 13, 1),
(723, '2019-10-11 10:59:15', '198', 'Jamaica', 2, '[{\"changed\": {\"fields\": [\"country_code\"]}}]', 13, 1),
(724, '2019-10-11 10:59:25', '198', 'Jamaica', 2, '[]', 13, 1),
(725, '2019-10-11 10:59:39', '157', 'Japan', 2, '[{\"changed\": {\"fields\": [\"country_code\"]}}]', 13, 1),
(726, '2019-10-11 11:00:03', '158', 'Jordan', 2, '[{\"changed\": {\"fields\": [\"country_code\"]}}]', 13, 1),
(727, '2019-10-11 11:00:16', '159', 'Kazakhstan', 2, '[{\"changed\": {\"fields\": [\"country_code\"]}}]', 13, 1),
(728, '2019-10-11 11:00:33', '71', 'Kenya', 2, '[]', 13, 1),
(729, '2019-10-11 11:00:47', '206', 'Kiribati', 2, '[{\"changed\": {\"fields\": [\"country_code\"]}}]', 13, 1),
(730, '2019-10-11 11:01:42', '162', 'Kuwait', 2, '[{\"changed\": {\"fields\": [\"country_code\"]}}]', 13, 1),
(731, '2019-10-11 11:01:54', '163', 'Kyrgyzstan', 2, '[{\"changed\": {\"fields\": [\"country_code\"]}}]', 13, 1),
(732, '2019-10-11 11:02:16', '164', 'Laos', 2, '[{\"changed\": {\"fields\": [\"country_code\"]}}]', 13, 1),
(733, '2019-10-11 11:02:31', '122', 'Latvia', 2, '[{\"changed\": {\"fields\": [\"country_code\"]}}]', 13, 1),
(734, '2019-10-11 11:02:46', '165', 'Lebanon', 2, '[{\"changed\": {\"fields\": [\"country_code\"]}}]', 13, 1),
(735, '2019-10-11 11:03:02', '72', 'Lesotho', 2, '[]', 13, 1),
(736, '2019-10-11 11:03:15', '73', 'Liberia', 2, '[]', 13, 1),
(737, '2019-10-11 11:03:27', '74', 'Libya', 2, '[]', 13, 1),
(738, '2019-10-11 11:03:40', '123', 'Liechtenstein', 2, '[{\"changed\": {\"fields\": [\"country_code\"]}}]', 13, 1),
(739, '2019-10-11 11:03:52', '124', 'Lithuania', 2, '[{\"changed\": {\"fields\": [\"country_code\"]}}]', 13, 1),
(740, '2019-10-11 11:04:03', '125', 'Luxembourg', 2, '[{\"changed\": {\"fields\": [\"country_code\"]}}]', 13, 1),
(741, '2019-10-11 11:04:25', '126', 'Macedonia', 2, '[{\"changed\": {\"fields\": [\"country_code\"]}}]', 13, 1),
(742, '2019-10-11 11:04:40', '75', 'Madagascar', 2, '[]', 13, 1),
(743, '2019-10-11 11:04:56', '76', 'Malawi', 2, '[]', 13, 1),
(744, '2019-10-11 11:05:08', '166', 'Malaysia', 2, '[{\"changed\": {\"fields\": [\"country_code\"]}}]', 13, 1),
(745, '2019-10-11 11:05:12', '166', 'Malaysia', 2, '[]', 13, 1),
(746, '2019-10-11 11:05:25', '167', 'Maldives', 2, '[{\"changed\": {\"fields\": [\"country_code\"]}}]', 13, 1),
(747, '2019-10-11 11:05:40', '77', 'Mali', 2, '[]', 13, 1),
(748, '2019-10-11 11:05:50', '127', 'Malta', 2, '[{\"changed\": {\"fields\": [\"country_code\"]}}]', 13, 1),
(749, '2019-10-11 11:06:03', '207', 'Marshall Islands', 2, '[{\"changed\": {\"fields\": [\"country_code\"]}}]', 13, 1),
(750, '2019-10-11 11:06:24', '78', 'Mauritania', 2, '[]', 13, 1),
(751, '2019-10-11 11:06:36', '79', 'Mauritius', 2, '[]', 13, 1),
(752, '2019-10-11 11:06:57', '23', 'Mexico', 2, '[]', 13, 1),
(753, '2019-10-11 11:07:09', '208', 'Micronesia', 2, '[{\"changed\": {\"fields\": [\"country_code\"]}}]', 13, 1),
(754, '2019-10-11 11:07:21', '128', 'Moldova', 2, '[{\"changed\": {\"fields\": [\"country_code\"]}}]', 13, 1),
(755, '2019-10-11 11:07:33', '129', 'Monaco', 2, '[{\"changed\": {\"fields\": [\"country_code\"]}}]', 13, 1),
(756, '2019-10-11 11:07:50', '168', 'Mongolia', 2, '[{\"changed\": {\"fields\": [\"country_code\"]}}]', 13, 1),
(757, '2019-10-11 11:08:09', '130', 'Montenegro', 2, '[{\"changed\": {\"fields\": [\"country_code\"]}}]', 13, 1),
(758, '2019-10-11 11:08:31', '80', 'Morocco', 2, '[]', 13, 1),
(759, '2019-10-11 11:08:43', '81', 'Mozambique', 2, '[]', 13, 1),
(760, '2019-10-11 11:08:59', '150', 'Burma (Myanmar)', 2, '[{\"changed\": {\"fields\": [\"country_code\", \"description\"]}}]', 13, 1),
(761, '2019-10-11 11:09:13', '82', 'Namibia', 2, '[]', 13, 1),
(762, '2019-10-11 11:09:24', '209', 'Nauru', 2, '[{\"changed\": {\"fields\": [\"country_code\"]}}]', 13, 1),
(763, '2019-10-11 11:09:39', '169', 'Nepal', 2, '[{\"changed\": {\"fields\": [\"country_code\"]}}]', 13, 1),
(764, '2019-10-11 11:09:53', '131', 'Netherlands', 2, '[{\"changed\": {\"fields\": [\"country_code\"]}}]', 13, 1),
(765, '2019-10-11 11:10:19', '210', 'New Zealand', 2, '[{\"changed\": {\"fields\": [\"country_code\"]}}]', 13, 1),
(766, '2019-10-11 11:10:32', '199', 'Nicaragua', 2, '[{\"changed\": {\"fields\": [\"country_code\"]}}]', 13, 1),
(767, '2019-10-11 11:10:52', '83', 'Niger', 2, '[]', 13, 1),
(768, '2019-10-11 11:11:03', '84', 'Nigeria', 2, '[]', 13, 1),
(769, '2019-10-11 11:11:43', '132', 'Norway', 2, '[{\"changed\": {\"fields\": [\"country_code\"]}}]', 13, 1),
(770, '2019-10-11 11:11:59', '170', 'Oman', 2, '[{\"changed\": {\"fields\": [\"country_code\"]}}]', 13, 1),
(771, '2019-10-11 11:12:13', '171', 'Pakistan', 2, '[{\"changed\": {\"fields\": [\"country_code\"]}}]', 13, 1),
(772, '2019-10-11 11:12:30', '211', 'Palau', 2, '[{\"changed\": {\"fields\": [\"country_code\"]}}]', 13, 1),
(773, '2019-10-11 11:12:53', '200', 'Panama', 2, '[{\"changed\": {\"fields\": [\"country_code\"]}}]', 13, 1),
(774, '2019-10-11 11:13:14', '14', 'Papua New Guinea', 2, '[]', 13, 1),
(775, '2019-10-11 11:13:28', '223', 'Paraguay', 2, '[{\"changed\": {\"fields\": [\"country_code\"]}}]', 13, 1),
(776, '2019-10-11 11:13:44', '224', 'Peru', 2, '[{\"changed\": {\"fields\": [\"country_code\"]}}]', 13, 1),
(777, '2019-10-11 11:14:03', '172', 'Philippines', 2, '[{\"changed\": {\"fields\": [\"country_code\"]}}]', 13, 1),
(778, '2019-10-11 11:14:27', '133', 'Poland', 2, '[{\"changed\": {\"fields\": [\"country_code\"]}}]', 13, 1),
(779, '2019-10-11 11:14:43', '133', 'Poland', 2, '[]', 13, 1),
(780, '2019-10-11 11:15:00', '173', 'Qatar', 2, '[{\"changed\": {\"fields\": [\"country_code\"]}}]', 13, 1),
(781, '2019-10-11 11:15:13', '135', 'Romania', 2, '[{\"changed\": {\"fields\": [\"country_code\"]}}]', 13, 1),
(782, '2019-10-11 11:15:26', '174', 'Russian Federation', 2, '[{\"changed\": {\"fields\": [\"country_code\"]}}]', 13, 1),
(783, '2019-10-11 11:15:40', '85', 'Rwanda', 2, '[]', 13, 1),
(784, '2019-10-11 11:16:18', '201', 'Saint Kitts and Nevis', 2, '[{\"changed\": {\"fields\": [\"country_code\"]}}]', 13, 1),
(785, '2019-10-11 11:16:31', '202', 'Saint Lucia', 2, '[{\"changed\": {\"fields\": [\"country_code\"]}}]', 13, 1),
(786, '2019-10-11 11:16:46', '203', 'Saint Vincent and the Grenadines', 2, '[{\"changed\": {\"fields\": [\"country_code\"]}}]', 13, 1),
(787, '2019-10-11 11:17:07', '212', 'Samoa', 2, '[{\"changed\": {\"fields\": [\"country_code\"]}}]', 13, 1),
(788, '2019-10-11 11:17:19', '136', 'San Marino', 2, '[{\"changed\": {\"fields\": [\"country_code\"]}}]', 13, 1),
(789, '2019-10-11 11:17:35', '86', 'Sao Tome and Principe', 2, '[]', 13, 1),
(790, '2019-10-11 11:17:48', '175', 'Saudi Arabia', 2, '[{\"changed\": {\"fields\": [\"country_code\"]}}]', 13, 1),
(791, '2019-10-11 11:18:01', '87', 'Senegal', 2, '[]', 13, 1),
(792, '2019-10-11 11:18:13', '137', 'Serbia', 2, '[{\"changed\": {\"fields\": [\"country_code\"]}}]', 13, 1),
(793, '2019-10-11 11:18:25', '88', 'Seychelles', 2, '[]', 13, 1),
(794, '2019-10-11 11:18:37', '89', 'Sierra Leone', 2, '[]', 13, 1),
(795, '2019-10-11 11:18:49', '176', 'Singapore', 2, '[{\"changed\": {\"fields\": [\"country_code\"]}}]', 13, 1),
(796, '2019-10-11 11:19:13', '138', 'Slovakia', 2, '[{\"changed\": {\"fields\": [\"country_code\"]}}]', 13, 1),
(797, '2019-10-11 11:19:35', '139', 'Slovenia', 2, '[{\"changed\": {\"fields\": [\"country_code\"]}}]', 13, 1),
(798, '2019-10-11 11:19:48', '213', 'Solomon Islands', 2, '[{\"changed\": {\"fields\": [\"country_code\"]}}]', 13, 1),
(799, '2019-10-11 11:20:00', '90', 'Somalia', 2, '[]', 13, 1),
(800, '2019-10-11 11:20:14', '1', 'South Africa', 2, '[]', 13, 1),
(801, '2019-10-11 11:20:27', '91', 'South Sudan', 2, '[]', 13, 1),
(802, '2019-10-11 11:20:40', '140', 'Spain', 2, '[{\"changed\": {\"fields\": [\"country_code\"]}}]', 13, 1),
(803, '2019-10-11 11:20:57', '11', 'Sri Lanka', 2, '[]', 13, 1),
(804, '2019-10-11 11:21:18', '91', 'South Sudan', 2, '[]', 13, 1),
(805, '2019-10-11 11:21:31', '225', 'Suriname', 2, '[{\"changed\": {\"fields\": [\"country_code\"]}}]', 13, 1),
(806, '2019-10-11 11:21:52', '93', 'Swaziland', 2, '[]', 13, 1),
(807, '2019-10-11 11:22:03', '141', 'Sweden', 2, '[{\"changed\": {\"fields\": [\"country_code\"]}}]', 13, 1),
(808, '2019-10-11 11:22:21', '142', 'Switzerland', 2, '[{\"changed\": {\"fields\": [\"country_code\"]}}]', 13, 1),
(809, '2019-10-11 11:22:49', '178', 'Tajikistan', 2, '[{\"changed\": {\"fields\": [\"country_code\"]}}]', 13, 1),
(810, '2019-10-11 11:23:14', '94', 'Tanzania', 2, '[]', 13, 1),
(811, '2019-10-11 11:23:32', '8', 'Thailand', 2, '[]', 13, 1),
(812, '2019-10-11 11:23:56', '152', 'East Timor', 2, '[{\"changed\": {\"fields\": [\"country_code\", \"description\"]}}]', 13, 1),
(813, '2019-10-11 11:24:11', '95', 'Togo', 2, '[]', 13, 1),
(814, '2019-10-11 11:24:31', '214', 'Tonga', 2, '[{\"changed\": {\"fields\": [\"country_code\"]}}]', 13, 1),
(815, '2019-10-11 11:24:50', '16', 'Trinidad and Tobago', 2, '[]', 13, 1),
(816, '2019-10-11 11:25:03', '96', 'Tunisia', 2, '[]', 13, 1),
(817, '2019-10-11 11:25:14', '179', 'Turkey', 2, '[{\"changed\": {\"fields\": [\"country_code\"]}}]', 13, 1),
(818, '2019-10-11 11:25:26', '180', 'Turkmenistan', 2, '[{\"changed\": {\"fields\": [\"country_code\"]}}]', 13, 1),
(819, '2019-10-11 11:25:45', '215', 'Tuvalu', 2, '[{\"changed\": {\"fields\": [\"country_code\"]}}]', 13, 1),
(820, '2019-10-11 11:25:57', '97', 'Uganda', 2, '[]', 13, 1),
(821, '2019-10-11 11:26:11', '143', 'Ukraine', 2, '[{\"changed\": {\"fields\": [\"country_code\"]}}]', 13, 1),
(822, '2019-10-11 11:26:25', '181', 'United Arab Emirates', 2, '[{\"changed\": {\"fields\": [\"country_code\"]}}]', 13, 1),
(823, '2019-10-11 11:26:37', '144', 'United Kingdom', 2, '[{\"changed\": {\"fields\": [\"country_code\"]}}]', 13, 1),
(824, '2019-10-11 11:26:48', '50', 'United States', 2, '[]', 13, 1),
(825, '2019-10-11 11:27:04', '226', 'Uruguay', 2, '[{\"changed\": {\"fields\": [\"country_code\"]}}]', 13, 1),
(826, '2019-10-11 11:27:16', '182', 'Uzbekistan', 2, '[{\"changed\": {\"fields\": [\"country_code\"]}}]', 13, 1),
(827, '2019-10-11 11:27:28', '216', 'Vanuatu', 2, '[{\"changed\": {\"fields\": [\"country_code\"]}}]', 13, 1),
(828, '2019-10-11 11:27:40', '227', 'Venezuela', 2, '[{\"changed\": {\"fields\": [\"country_code\"]}}]', 13, 1),
(829, '2019-10-11 11:27:56', '183', 'Vietnam', 2, '[{\"changed\": {\"fields\": [\"country_code\"]}}]', 13, 1),
(830, '2019-10-11 11:28:21', '98', 'Western Sahara', 2, '[]', 13, 1),
(831, '2019-10-11 11:28:31', '184', 'Yemen', 2, '[{\"changed\": {\"fields\": [\"country_code\"]}}]', 13, 1),
(832, '2019-10-11 11:28:49', '99', 'Zambia', 2, '[]', 13, 1),
(833, '2019-10-11 11:29:05', '3', 'Zimbabwe', 2, '[]', 13, 1),
(834, '2019-10-11 11:35:33', '204', 'Trinidad and Tobago', 2, '[{\"changed\": {\"fields\": [\"country_code\"]}}]', 13, 1),
(835, '2019-10-11 11:41:03', '134', 'Portugal', 2, '[{\"changed\": {\"fields\": [\"country_code\"]}}]', 13, 1),
(836, '2019-10-11 11:42:03', '145', 'Vatican City', 2, '[{\"changed\": {\"fields\": [\"country_code\"]}}]', 13, 1),
(837, '2019-10-11 11:43:21', '156', 'Israel', 2, '[{\"changed\": {\"fields\": [\"country_code\"]}}]', 13, 1),
(838, '2019-10-11 11:44:36', '160', 'Korea, North', 2, '[{\"changed\": {\"fields\": [\"country_code\"]}}]', 13, 1),
(839, '2019-10-11 11:44:44', '161', 'Korea, South', 2, '[{\"changed\": {\"fields\": [\"country_code\"]}}]', 13, 1),
(840, '2019-10-11 11:45:45', '177', 'Syria', 2, '[{\"changed\": {\"fields\": [\"country_code\"]}}]', 13, 1),
(841, '2019-10-11 11:46:36', '188', 'Belize', 2, '[{\"changed\": {\"fields\": [\"country_code\"]}}]', 13, 1),
(842, '2020-03-10 19:29:32', '8', 'footer_left', 2, '[{\"changed\": {\"fields\": [\"status\"]}}]', 38, 1),
(843, '2020-03-10 19:31:15', '2', 'header', 2, '[{\"changed\": {\"fields\": [\"status\"]}}]', 38, 1),
(844, '2020-03-10 19:31:27', '1', 'header', 2, '[]', 38, 1),
(845, '2020-03-10 19:34:49', '2', 'New or Recently Refurbished', 2, '[{\"changed\": {\"fields\": [\"title\"]}}]', 18, 1),
(846, '2020-03-10 19:35:13', '10', 'Family Friendly', 2, '[{\"changed\": {\"fields\": [\"title\"]}}]', 18, 1),
(847, '2020-03-10 19:35:54', '11', 'Great Concierge', 2, '[{\"changed\": {\"fields\": [\"title\"]}}]', 18, 1),
(848, '2020-03-10 19:36:07', '8', 'Fantastic Fitness Center', 2, '[{\"changed\": {\"fields\": [\"title\"]}}]', 18, 1),
(849, '2020-03-10 19:36:33', '4', 'Large Rooms', 2, '[{\"changed\": {\"fields\": [\"title\"]}}]', 18, 1),
(850, '2020-03-10 19:37:11', '1', 'Recommendable Restaurants', 2, '[{\"changed\": {\"fields\": [\"title\"]}}]', 18, 1),
(851, '2020-03-10 19:40:16', '12', 'Lots of things to do nearby', 1, '[{\"added\": {}}]', 18, 1),
(852, '2020-03-10 19:40:53', '12', 'Lots of things to do nearby', 3, '', 18, 1),
(853, '2020-03-10 19:41:39', '6', 'Good Value', 2, '[{\"changed\": {\"fields\": [\"title\"]}}]', 18, 1),
(854, '2020-03-10 19:47:49', '13', 'Great pool', 2, '[{\"changed\": {\"fields\": [\"title\"]}}]', 20, 1),
(855, '2020-03-10 19:48:16', '8', 'Nightlife & Clubs', 2, '[{\"changed\": {\"fields\": [\"title\"]}}]', 20, 1),
(856, '2020-03-10 19:49:54', '4', 'Excursions & Tours', 2, '[{\"changed\": {\"fields\": [\"title\"]}}]', 20, 1),
(857, '2020-03-10 19:50:45', '15', 'Other', 2, '[]', 20, 1),
(858, '2020-03-10 19:51:11', '16', 'Hiking & Trails', 1, '[{\"added\": {}}]', 20, 1),
(859, '2020-03-10 19:51:39', '13', 'Great pool', 3, '', 20, 1),
(860, '2020-03-10 19:51:54', '1', 'Beach or Pool Time', 2, '[{\"changed\": {\"fields\": [\"title\"]}}]', 20, 1),
(861, '2020-03-10 19:52:18', '1', 'Beach Time', 2, '[{\"changed\": {\"fields\": [\"title\"]}}]', 20, 1),
(862, '2020-03-10 19:53:00', '17', 'Pool & Water Activities', 1, '[{\"added\": {}}]', 20, 1),
(863, '2020-03-10 19:53:20', '7', 'Local Spots', 2, '[{\"changed\": {\"fields\": [\"title\"]}}]', 20, 1),
(864, '2020-03-10 19:53:29', '14', 'Mental Retreat', 2, '[{\"changed\": {\"fields\": [\"title\"]}}]', 20, 1),
(865, '2020-03-10 19:53:39', '11', 'Snow Activities', 2, '[{\"changed\": {\"fields\": [\"title\"]}}]', 20, 1),
(866, '2020-03-10 19:53:53', '12', 'Sports & Outdoor Activities', 2, '[{\"changed\": {\"fields\": [\"title\"]}}]', 20, 1),
(867, '2020-03-10 19:54:30', '18', 'Wine Tasting', 1, '[{\"added\": {}}]', 20, 1),
(868, '2020-03-10 19:57:49', '3', 'Kids & Family', 2, '[{\"changed\": {\"fields\": [\"title\"]}}]', 26, 1),
(869, '2020-03-10 19:58:04', '5', 'Partner', 1, '[{\"added\": {}}]', 26, 1),
(870, '2020-03-10 19:58:21', '6', 'Co-workers', 1, '[{\"added\": {}}]', 26, 1),
(871, '2020-03-10 19:59:26', '5', 'Camp or Camper', 2, '[{\"changed\": {\"fields\": [\"title\"]}}]', 28, 1),
(872, '2020-03-10 20:01:21', '4', 'Paradise', 1, '[{\"added\": {}}]', 16, 1),
(873, '2020-03-10 20:02:22', '2', 'Slide2', 2, '[]', 16, 1),
(874, '2020-03-10 20:02:31', '4', 'Paradise', 2, '[]', 16, 1),
(875, '2020-03-10 20:03:18', '3', 'slide3', 2, '[{\"changed\": {\"fields\": [\"status\"]}}]', 16, 1),
(876, '2020-03-10 20:12:36', '4', 'Cruise', 2, '[{\"changed\": {\"fields\": [\"title\"]}}]', 23, 1),
(877, '2020-03-11 18:17:14', '4', 'Paradise', 2, '[{\"changed\": {\"fields\": [\"image\"]}}]', 16, 1),
(878, '2020-03-11 18:17:49', '4', 'Paradise', 2, '[{\"changed\": {\"fields\": [\"image\"]}}]', 16, 1);

-- --------------------------------------------------------

--
-- Table structure for table `django_content_type`
--

DROP TABLE IF EXISTS `django_content_type`;
CREATE TABLE `django_content_type` (
  `id` int(11) NOT NULL,
  `app_label` varchar(100) NOT NULL,
  `model` varchar(100) NOT NULL
) ENGINE=InnoDB DEFAULT CHARSET=utf8;

--
-- Dumping data for table `django_content_type`
--

INSERT INTO `django_content_type` (`id`, `app_label`, `model`) VALUES
(72, 'account', 'feedback'),
(61, 'account', 'tracklogins'),
(37, 'account', 'userdetail'),
(63, 'account', 'userfollower'),
(62, 'account', 'userfollowing'),
(70, 'account', 'userfollowunfollow'),
(69, 'account', 'userupdate'),
(1, 'admin', 'logentry'),
(2, 'auth', 'group'),
(3, 'auth', 'permission'),
(4, 'auth', 'user'),
(60, 'authtoken', 'token'),
(38, 'configuration', 'menu'),
(39, 'configuration', 'page'),
(5, 'contenttypes', 'contenttype'),
(12, 'continents', 'city'),
(8, 'continents', 'continents'),
(13, 'continents', 'country'),
(15, 'continents', 'member'),
(10, 'country', 'city'),
(9, 'country', 'continents'),
(11, 'country', 'country'),
(74, 'fcm_django', 'fcmdevice'),
(73, 'inspiration', 'inspcomment'),
(65, 'inspiration', 'inspiration'),
(67, 'inspiration', 'inspirationfavorites'),
(68, 'inspiration', 'inspirationlikes'),
(66, 'inspiration', 'inspirationreview'),
(43, 'itinerary', 'arrival'),
(71, 'itinerary', 'comment'),
(44, 'itinerary', 'daybyday'),
(42, 'itinerary', 'daybydayactivities'),
(40, 'itinerary', 'daybydayactivitytips'),
(50, 'itinerary', 'daybydayadddays'),
(59, 'itinerary', 'daybydayaddphotos'),
(31, 'itinerary', 'daybydayitinerary'),
(41, 'itinerary', 'diningtips'),
(52, 'itinerary', 'favoritesitinerary'),
(32, 'itinerary', 'itinerary'),
(51, 'itinerary', 'itinerarycity'),
(49, 'itinerary', 'itinerarycountry'),
(36, 'itinerary', 'itinerarylikes'),
(57, 'itinerary', 'ittransportation'),
(58, 'itinerary', 'ittransportationtrips'),
(55, 'itinerary', 'leveragetrips'),
(64, 'itinerary', 'likesitinerary'),
(45, 'itinerary', 'lodgingphoto'),
(46, 'itinerary', 'lodgingtips'),
(34, 'itinerary', 'othertravels'),
(35, 'itinerary', 'review'),
(47, 'itinerary', 'sharephoto'),
(48, 'itinerary', 'transportationtips'),
(75, 'notification', 'notification'),
(14, 'pages', 'pages'),
(6, 'sessions', 'session'),
(7, 'testimonials', 'testimonials'),
(30, 'trip', 'carrier'),
(27, 'trip', 'configure'),
(18, 'trip', 'diningpreferences'),
(53, 'trip', 'mealsprice'),
(19, 'trip', 'months'),
(20, 'trip', 'places'),
(21, 'trip', 'preferences'),
(22, 'trip', 'ratingtype'),
(23, 'trip', 'searchingfor'),
(16, 'trip', 'slider'),
(17, 'trip', 'sociallink'),
(28, 'trip', 'stayedat'),
(24, 'trip', 'stayplan'),
(29, 'trip', 'transportation'),
(25, 'trip', 'travelingfor'),
(26, 'trip', 'travelingwith'),
(54, 'trip', 'trip'),
(56, 'trip', 'tripstatus'),
(33, 'trip', 'userdetail');

-- --------------------------------------------------------

--
-- Table structure for table `django_migrations`
--

DROP TABLE IF EXISTS `django_migrations`;
CREATE TABLE `django_migrations` (
  `id` int(11) NOT NULL,
  `app` varchar(255) NOT NULL,
  `name` varchar(255) NOT NULL,
  `applied` datetime NOT NULL
) ENGINE=InnoDB DEFAULT CHARSET=utf8;

--
-- Dumping data for table `django_migrations`
--

INSERT INTO `django_migrations` (`id`, `app`, `name`, `applied`) VALUES
(1, 'contenttypes', '0001_initial', '2018-06-01 09:29:58'),
(2, 'auth', '0001_initial', '2018-06-01 09:30:03'),
(3, 'admin', '0001_initial', '2018-06-01 09:30:05'),
(4, 'admin', '0002_logentry_remove_auto_add', '2018-06-01 09:30:05'),
(5, 'contenttypes', '0002_remove_content_type_name', '2018-06-01 09:30:06'),
(6, 'auth', '0002_alter_permission_name_max_length', '2018-06-01 09:30:06'),
(7, 'auth', '0003_alter_user_email_max_length', '2018-06-01 09:30:06'),
(8, 'auth', '0004_alter_user_username_opts', '2018-06-01 09:30:06'),
(9, 'auth', '0005_alter_user_last_login_null', '2018-06-01 09:30:07'),
(10, 'auth', '0006_require_contenttypes_0002', '2018-06-01 09:30:07'),
(11, 'auth', '0007_alter_validators_add_error_messages', '2018-06-01 09:30:07'),
(12, 'auth', '0008_alter_user_username_max_length', '2018-06-01 09:30:07'),
(13, 'auth', '0009_alter_user_last_name_max_length', '2018-06-01 09:30:08'),
(14, 'sessions', '0001_initial', '2018-06-01 09:30:08'),
(15, 'continents', '0001_initial', '2018-06-04 14:04:55'),
(16, 'continents', '0002_auto_20180604_1450', '2018-06-04 14:50:32'),
(17, 'testimonials', '0001_initial', '2018-06-04 14:57:26'),
(18, 'continents', '0003_auto_20180604_1500', '2018-06-04 15:00:53'),
(19, 'country', '0001_initial', '2018-06-06 07:36:55'),
(20, 'continents', '0004_auto_20180606_0743', '2018-06-06 07:46:43'),
(21, 'continents', '0005_auto_20180606_0811', '2018-06-06 08:11:09'),
(22, 'continents', '0006_auto_20180606_0842', '2018-06-06 08:42:20'),
(23, 'continents', '0007_auto_20180606_0848', '2018-06-06 08:48:32'),
(24, 'pages', '0001_initial', '2018-06-07 07:18:34'),
(25, 'pages', '0002_auto_20180607_0735', '2018-06-07 07:36:28'),
(26, 'pages', '0003_auto_20180607_0736', '2018-06-07 07:36:29'),
(27, 'pages', '0004_pages_sorting', '2018-06-07 08:18:08'),
(28, 'pages', '0005_auto_20180607_0819', '2018-06-07 08:19:25'),
(29, 'pages', '0006_auto_20180607_1107', '2018-06-07 11:08:43'),
(30, 'pages', '0007_auto_20180607_1108', '2018-06-07 11:08:43'),
(31, 'pages', '0008_auto_20180611_0706', '2018-06-11 07:06:37'),
(32, 'continents', '0008_auto_20180611_0716', '2018-06-11 07:17:03'),
(33, 'continents', '0009_member', '2018-06-11 07:57:33'),
(34, 'testimonials', '0002_auto_20180611_0817', '2018-06-11 08:17:58'),
(35, 'pages', '0009_auto_20180611_1100', '2018-06-11 11:00:38'),
(36, 'pages', '0010_auto_20180611_1116', '2018-06-11 11:17:00'),
(37, 'pages', '0011_auto_20180611_1207', '2018-06-11 12:07:16'),
(38, 'pages', '0012_auto_20180611_1208', '2018-06-11 12:08:51'),
(39, 'pages', '0013_auto_20180618_1142', '2018-06-18 11:43:47'),
(40, 'trip', '0001_initial', '2018-06-18 13:05:34'),
(41, 'trip', '0002_sociallink', '2018-06-18 15:10:32'),
(42, 'trip', '0003_diningpreferences_months_places_preferences_rating_searchingfor_stayplan_travelingfor_travelingwith', '2018-06-19 11:15:33'),
(43, 'trip', '0004_auto_20180619_1123', '2018-06-19 11:23:10'),
(44, 'trip', '0005_auto_20180620_1518', '2018-06-20 15:19:18'),
(45, 'continents', '0010_auto_20180621_0809', '2018-06-21 08:10:10'),
(46, 'pages', '0014_auto_20180621_0809', '2018-06-21 08:10:10'),
(47, 'trip', '0006_auto_20180621_0809', '2018-06-21 08:10:10'),
(48, 'trip', '0007_setting', '2018-06-21 09:10:57'),
(49, 'trip', '0008_auto_20180621_0921', '2018-06-21 09:21:28'),
(50, 'trip', '0009_auto_20180621_0926', '2018-06-21 09:26:40'),
(51, 'trip', '0010_auto_20180621_0933', '2018-06-21 09:34:03'),
(52, 'trip', '0011_auto_20180621_1147', '2018-06-21 13:58:32'),
(53, 'trip', '0012_auto_20180621_1147', '2018-06-21 13:58:32'),
(54, 'trip', '0013_sociallink', '2018-06-21 13:58:33'),
(55, 'trip', '0014_delete_sociallink', '2018-06-21 13:58:33'),
(56, 'trip', '0015_sociallink', '2018-06-21 13:58:33'),
(57, 'trip', '0008_auto_20180621_1308', '2018-06-21 13:58:33'),
(58, 'trip', '0016_merge_20180621_1313', '2018-06-21 13:58:33'),
(59, 'trip', '0002_stayedat_transportation', '2018-07-02 13:27:19'),
(60, 'trip', '0003_carrier', '2018-07-02 14:28:54'),
(62, 'trip', '0004_userdetail', '2018-07-12 14:38:18'),
(63, 'itinerary', '0002_othertravels_review', '2018-07-12 15:12:48'),
(64, 'trip', '0005_auto_20180713_0924', '2018-07-13 09:24:28'),
(65, 'trip', '0006_auto_20180713_0952', '2018-07-13 09:52:36'),
(66, 'itinerary', '0003_itinerarylikes', '2018-07-13 14:09:16'),
(67, 'account', '0001_initial', '2018-07-17 12:39:13'),
(68, 'trip', '0007_delete_userdetail', '2018-07-17 12:39:13'),
(69, 'itinerary', '0004_auto_20180723_1444', '2018-07-23 14:44:13'),
(70, 'itinerary', '0005_auto_20180723_1502', '2018-08-01 06:41:36'),
(71, 'itinerary', '0006_auto_20180723_1503', '2018-08-01 06:41:36'),
(72, 'itinerary', '0007_auto_20180723_1530', '2018-08-01 06:41:36'),
(73, 'itinerary', '0008_auto_20180724_0808', '2018-08-01 06:41:36'),
(74, 'itinerary', '0009_auto_20180724_0809', '2018-08-01 06:41:36'),
(75, 'itinerary', '0010_auto_20180724_1114', '2018-08-01 06:41:36'),
(76, 'itinerary', '0011_auto_20180724_1128', '2018-08-01 06:41:36'),
(77, 'continents', '0011_auto_20180801_0759', '2018-08-01 07:59:51'),
(78, 'continents', '0012_delete_member', '2018-08-01 08:05:59'),
(79, 'continents', '0013_auto_20180801_0919', '2018-08-01 09:19:43'),
(80, 'itinerary', '0012_auto_20180801_0919', '2018-08-01 09:19:43'),
(81, 'itinerary', '0013_auto_20180801_0949', '2018-08-01 09:53:16'),
(82, 'itinerary', '0014_remove_itinerary_continent', '2018-08-01 11:00:39'),
(83, 'itinerary', '0015_auto_20180802_0819', '2018-08-02 08:19:59'),
(84, 'itinerary', '0016_auto_20180802_0822', '2018-08-02 08:22:08'),
(85, 'configuration', '0001_initial', '2018-08-03 08:27:37'),
(86, 'trip', '0008_auto_20180803_0827', '2018-08-03 08:27:37'),
(87, 'configuration', '0002_auto_20180807_0744', '2018-08-07 07:44:20'),
(88, 'itinerary', '0017_auto_20180821_1220', '2018-08-21 12:37:23'),
(89, 'itinerary', '0018_auto_20180821_1234', '2018-08-21 12:37:23'),
(90, 'itinerary', '0019_auto_20180821_1253', '2018-08-21 12:54:32'),
(91, 'itinerary', '0020_auto_20180821_1300', '2018-08-21 13:00:21'),
(92, 'itinerary', '0021_auto_20180821_1315', '2018-08-21 13:17:18'),
(93, 'itinerary', '0022_auto_20180821_1316', '2018-08-21 13:17:18'),
(94, 'itinerary', '0002_auto_20180821_1323', '2018-08-21 13:35:18'),
(96, 'itinerary', '0002_auto_20180822_0801', '2018-08-22 08:02:21'),
(97, 'itinerary', '0003_itinerarycountry', '2018-08-22 11:16:44'),
(98, 'itinerary', '0004_auto_20180822_1117', '2018-08-22 11:17:54'),
(99, 'itinerary', '0005_auto_20180822_1207', '2018-08-22 12:07:55'),
(100, 'itinerary', '0006_auto_20180822_1412', '2018-08-22 14:12:56'),
(101, 'itinerary', '0007_auto_20180822_1418', '2018-08-22 14:18:58'),
(102, 'itinerary', '0008_auto_20180824_1145', '2018-08-24 11:45:15'),
(103, 'itinerary', '0009_auto_20180827_0824', '2018-08-27 08:28:11'),
(104, 'itinerary', '0010_auto_20180827_0825', '2018-08-27 08:28:11'),
(105, 'itinerary', '0011_auto_20180827_1534', '2018-08-27 15:34:44'),
(106, 'itinerary', '0012_auto_20180828_1531', '2018-08-28 15:32:05'),
(107, 'itinerary', '0013_auto_20180828_1533', '2018-08-28 15:33:19'),
(108, 'itinerary', '0014_auto_20180829_0756', '2018-08-29 07:56:12'),
(109, 'itinerary', '0015_auto_20180830_0927', '2018-08-30 09:27:19'),
(110, 'itinerary', '0016_auto_20180830_1504', '2018-08-30 15:04:14'),
(111, 'itinerary', '0017_auto_20180903_0839', '2018-09-03 08:39:31'),
(112, 'itinerary', '0018_auto_20180903_0843', '2018-09-03 08:43:46'),
(113, 'itinerary', '0019_auto_20180904_1451', '2018-09-04 14:51:19'),
(114, 'itinerary', '0020_auto_20180904_1452', '2018-09-04 14:52:43'),
(115, 'account', '0002_auto_20180911_0926', '2018-09-11 09:26:23'),
(116, 'account', '0003_auto_20180911_0930', '2018-09-11 09:48:27'),
(117, 'account', '0004_auto_20180911_0943', '2018-09-11 09:48:27'),
(118, 'account', '0005_auto_20180911_0945', '2018-09-11 09:48:27'),
(119, 'trip', '0009_auto_20181029_0711', '2018-10-29 07:42:00'),
(120, 'admin', '0003_logentry_add_action_flag_choices', '2018-12-28 12:52:22'),
(121, 'itinerary', '0021_itinerarycountry', '2019-01-17 13:08:33'),
(122, 'itinerary', '0022_auto_20190117_1310', '2019-01-17 13:10:17'),
(123, 'trip', '0010_mealsprice_trip', '2019-02-07 11:06:05'),
(124, 'trip', '0011_auto_20190207_1315', '2019-02-07 13:15:16'),
(125, 'trip', '0012_auto_20190207_1346', '2019-02-07 13:46:10'),
(126, 'itinerary', '0023_auto_20190207_1457', '2019-02-07 14:58:01'),
(127, 'itinerary', '0024_auto_20190208_1052', '2019-02-08 10:52:21'),
(128, 'itinerary', '0025_auto_20190208_1108', '2019-02-08 11:09:07'),
(129, 'itinerary', '0026_auto_20190208_1125', '2019-02-08 11:25:30'),
(130, 'itinerary', '0027_auto_20190208_1144', '2019-02-08 11:44:34'),
(131, 'trip', '0013_auto_20190211_0806', '2019-02-11 08:07:03'),
(132, 'itinerary', '0028_auto_20190211_0806', '2019-02-11 08:07:09'),
(133, 'itinerary', '0029_auto_20190211_1013', '2019-02-11 10:14:09'),
(134, 'itinerary', '0030_daybydayactivities_activity_date', '2019-02-11 11:55:38'),
(135, 'itinerary', '0031_auto_20190211_1240', '2019-02-11 12:40:09'),
(136, 'itinerary', '0032_auto_20190211_1250', '2019-02-11 12:50:47'),
(139, 'itinerary', '0001_initial', '2019-02-20 08:53:18'),
(140, 'itinerary', '0002_auto_20190219_1503', '2019-02-20 08:53:18'),
(141, 'itinerary', '0003_auto_20190220_0751', '2019-02-20 08:53:18'),
(142, 'itinerary', '0004_auto_20190220_0847', '2019-02-20 08:53:18'),
(143, 'itinerary', '0005_auto_20190220_1012', '2019-02-20 10:14:34'),
(144, 'itinerary', '0006_auto_20190220_1014', '2019-02-20 10:14:35'),
(145, 'account', '0006_userdetail_user_rand_id', '2019-03-06 13:15:17'),
(146, 'account', '0007_auto_20190306_1316', '2019-03-06 13:16:48'),
(147, 'account', '0008_auto_20190306_1320', '2019-03-06 13:20:32'),
(148, 'authtoken', '0001_initial', '2019-03-22 12:55:11'),
(149, 'authtoken', '0002_auto_20160226_1747', '2019-03-22 12:55:12'),
(150, 'account', '0009_auto_20190322_1338', '2019-03-22 13:38:14'),
(151, 'account', '0010_tracklogins', '2019-03-26 06:47:05'),
(152, 'country', '0002_country_country_code', '2019-03-26 07:55:01'),
(153, 'continents', '0014_country_country_code', '2019-03-26 07:59:26'),
(154, 'itinerary', '0002_auto_20190326_1528', '2019-03-26 15:28:45'),
(155, 'itinerary', '0003_auto_20190327_0721', '2019-03-27 07:21:44'),
(156, 'itinerary', '0004_auto_20190327_1434', '2019-03-27 14:34:50'),
(157, 'itinerary', '0005_diningtips_daybyday', '2019-03-29 11:08:29'),
(158, 'itinerary', '0006_auto_20190329_1111', '2019-03-29 11:11:46'),
(159, 'account', '0011_tripsfollower_tripsfollowing', '2019-04-09 12:56:21'),
(160, 'account', '0012_auto_20190409_1258', '2019-04-09 12:58:32'),
(161, 'account', '0013_auto_20190412_0832', '2019-04-12 08:32:12'),
(162, 'itinerary', '0007_auto_20190418_1057', '2019-04-18 10:57:41'),
(163, 'inspiration', '0001_initial', '2019-04-18 11:24:08'),
(164, 'itinerary', '0008_auto_20190422_1300', '2019-04-22 13:01:04'),
(165, 'inspiration', '0002_inspirationfavorites_inspirationlikes_inspirationreview', '2019-04-22 14:57:59'),
(166, 'account', '0014_userupdate', '2019-04-24 07:10:41'),
(167, 'account', '0015_auto_20190424_0742', '2019-04-24 07:42:32'),
(168, 'account', '0016_userupdate_user', '2019-04-24 12:11:01'),
(169, 'account', '0014_userfollowunfollow', '2019-04-24 14:42:39'),
(170, 'account', '0015_auto_20190425_0827', '2019-04-25 08:27:37'),
(171, 'account', '0017_auto_20190425_1042', '2019-04-25 10:43:08'),
(172, 'trip', '0014_auto_20190515_1415', '2019-05-15 14:15:25'),
(173, 'trip', '0015_auto_20190516_1142', '2019-05-16 11:43:01'),
(174, 'continents', '0015_auto_20190528_1234', '2019-05-28 12:34:51'),
(175, 'itinerary', '0009_auto_20190529_1214', '2019-05-29 12:14:40'),
(176, 'continents', '0016_auto_20190621_0914', '2019-07-02 11:50:27'),
(177, 'continents', '0017_auto_20190621_0953', '2019-07-02 11:50:27'),
(178, 'account', '0016_remove_userdetail_city', '2019-07-02 11:50:28'),
(179, 'account', '0017_userdetail_city', '2019-07-02 11:50:29'),
(180, 'account', '0018_auto_20190621_1129', '2019-07-02 11:50:30'),
(181, 'account', '0019_auto_20190621_1140', '2019-07-02 11:50:32'),
(182, 'continents', '0018_auto_20190621_1157', '2019-07-02 11:50:32'),
(183, 'continents', '0019_auto_20190621_1201', '2019-07-02 11:50:33'),
(184, 'account', '0020_feedback', '2019-08-07 10:41:22'),
(185, 'account', '0021_auto_20190718_1834', '2019-08-07 10:41:24'),
(186, 'continents', '0020_auto_20190724_1659', '2019-08-07 10:41:26'),
(187, 'inspiration', '0003_auto_20190704_0828', '2019-08-07 10:41:28'),
(188, 'inspiration', '0004_auto_20190708_0945', '2019-08-07 10:41:29'),
(189, 'inspiration', '0005_inspiration_place_name', '2019-08-07 10:41:30'),
(190, 'inspiration', '0006_auto_20190716_1351', '2019-08-07 10:41:30'),
(191, 'inspiration', '0007_auto_20190729_1248', '2019-08-07 10:41:31'),
(192, 'itinerary', '0010_auto_20190704_0828', '2019-08-07 10:41:33'),
(193, 'itinerary', '0011_itinerary_continent', '2019-08-07 10:41:34'),
(194, 'trip', '0016_stayplan_checkid', '2019-08-07 10:41:35'),
(195, 'trip', '0017_auto_20190704_0719', '2019-08-07 10:41:38'),
(196, 'trip', '0018_ratingtype_checkid', '2019-08-07 10:41:39'),
(197, 'trip', '0019_auto_20190704_0828', '2019-08-07 10:41:40'),
(198, 'trip', '0020_auto_20190704_0835', '2019-08-07 10:41:46'),
(199, 'trip', '0021_tripstatus_checkid', '2019-08-07 10:41:47'),
(200, 'trip', '0022_auto_20190724_1420', '2019-08-07 10:41:49'),
(201, 'fcm_django', '0001_initial', '2019-08-28 10:58:40'),
(202, 'fcm_django', '0002_auto_20160808_1645', '2019-08-28 10:58:41'),
(203, 'fcm_django', '0003_auto_20170313_1314', '2019-08-28 10:58:41'),
(204, 'fcm_django', '0004_auto_20181128_1642', '2019-08-28 10:58:41'),
(205, 'itinerary', '0002_auto_20190828_1615', '2019-08-28 10:58:42'),
(206, 'itinerary', '0003_itinerary_url_alias', '2019-08-28 11:22:13'),
(207, 'itinerary', '0004_auto_20190828_1619', '2019-08-28 11:22:14'),
(208, 'itinerary', '0005_auto_20190828_1620', '2019-08-28 11:22:14'),
(209, 'itinerary', '0006_remove_itinerary_url_alias', '2019-08-28 11:22:15'),
(210, 'itinerary', '0007_itinerary_url_alias', '2019-08-28 11:22:16'),
(211, 'itinerary', '0008_auto_20190828_1654', '2019-08-28 11:24:36'),
(212, 'itinerary', '0009_auto_20190828_1805', '2019-08-28 12:35:15'),
(213, 'itinerary', '0010_auto_20190828_1908', '2019-08-28 14:17:30'),
(214, 'itinerary', '0011_auto_20190828_2055', '2019-08-28 15:25:35'),
(215, 'itinerary', '0012_daybydayactivities_activity_tips', '2019-09-06 08:07:53'),
(216, 'itinerary', '0013_auto_20190906_1407', '2019-09-06 08:38:00'),
(217, 'itinerary', '0014_auto_20190906_1518', '2019-09-06 09:48:20'),
(218, 'itinerary', '0015_auto_20190917_2039', '2019-09-17 15:12:41'),
(219, 'inspiration', '0008_auto_20190927_1832', '2019-10-01 14:33:47'),
(220, 'itinerary', '0016_auto_20190927_1832', '2019-10-01 14:33:48'),
(221, 'continents', '0021_auto_20191009_1934', '2019-10-09 14:05:13'),
(222, 'account', '0022_userdetail_notify_read', '2019-10-10 07:46:32'),
(223, 'notification', '0001_initial', '2019-10-10 07:46:33');

-- --------------------------------------------------------

--
-- Table structure for table `django_session`
--

DROP TABLE IF EXISTS `django_session`;
CREATE TABLE `django_session` (
  `session_key` varchar(40) NOT NULL,
  `session_data` longtext NOT NULL,
  `expire_date` datetime NOT NULL
) ENGINE=InnoDB DEFAULT CHARSET=utf8;

--
-- Dumping data for table `django_session`
--

INSERT INTO `django_session` (`session_key`, `session_data`, `expire_date`) VALUES
('0070rpqn6f3zpznc8zy5juqgswdncwc0', 'OGUwMDk5NzJhYThlODQ5Y2UyYzdjNDk1MTJmMTNiNmYzZGQ0NWUxNDp7Il9hdXRoX3VzZXJfaWQiOiIzMSIsIl9hdXRoX3VzZXJfYmFja2VuZCI6ImRqYW5nby5jb250cmliLmF1dGguYmFja2VuZHMuTW9kZWxCYWNrZW5kIiwiX2F1dGhfdXNlcl9oYXNoIjoiM2UxOTQ4ZWE5NmFkNzk5YmJiMDJiNTUxNThlNWNkOWQyMjI0NThkNCJ9', '2020-03-03 13:59:26'),
('07xzlemz0hareh57tgzgbdzfxfbchxms', 'NzJiMzk4MTA2M2I3ZjEwYTk3OGY2NzYyNzIwNmU0OWI5OGRhYjEzMzp7Il9hdXRoX3VzZXJfaWQiOiIxIiwiX2F1dGhfdXNlcl9iYWNrZW5kIjoiZGphbmdvLmNvbnRyaWIuYXV0aC5iYWNrZW5kcy5Nb2RlbEJhY2tlbmQiLCJfYXV0aF91c2VyX2hhc2giOiI3OTUyNjM5NTU4MGZhMjcxMGY2NWE5OTQ4NWNmYWE1ZDhhNTQ5ZDQ5In0=', '2019-07-09 07:53:32'),
('0cq8m09tz7o6nhrlzsyntiv6ks0d5gtv', 'NzgxYWQyYzA4YWMxZTljNDZlZDVhZTM2OTFmNTZhZmFjYmE2M2Q4ZDp7fQ==', '2019-03-22 13:30:55'),
('0g1gtgply3yt6eztf71d7f7970fac27z', 'MDFkYjMyNDU0OWUwNmI3NTI0ZTlhNjM5ZDkzNjU5NjFiNzQyY2I4Mjp7Il9hdXRoX3VzZXJfaWQiOiIxIiwiX2F1dGhfdXNlcl9iYWNrZW5kIjoiZGphbmdvLmNvbnRyaWIuYXV0aC5iYWNrZW5kcy5Nb2RlbEJhY2tlbmQiLCJfYXV0aF91c2VyX2hhc2giOiJhMzI0YmQ0MjBiODFhM2IzZjFjNDMwZGI1ODAyOTYzOTg5MGE0MmIxIn0=', '2018-10-27 14:31:00'),
('0l8btnvh3k1jr64midmhywmnkfayzafw', 'YzUwYjhlMGYzMDU5MzU4NGU4MWUyNDEwMDFmMGQ5MjY4MGViZTJmOTp7Il9hdXRoX3VzZXJfaWQiOiIzMSIsIl9hdXRoX3VzZXJfYmFja2VuZCI6ImRqYW5nby5jb250cmliLmF1dGguYmFja2VuZHMuTW9kZWxCYWNrZW5kIiwiX2F1dGhfdXNlcl9oYXNoIjoiM2Y1MmU2NzI3MDI5MDVlN2ZhMWEzNGNjOTdkYzQ1OGJmYmRiZDgzYiJ9', '2019-07-16 11:51:07'),
('0otrnnh70usb3tupovktk7p0gl87dofo', 'ZjViZTE5ZjgwY2Y3YjZhNzY0YzMyNDQ1OTQ0MzVkNmJjYWUwZWNhOTp7Il9hdXRoX3VzZXJfaWQiOiI5NyIsIl9hdXRoX3VzZXJfYmFja2VuZCI6ImRqYW5nby5jb250cmliLmF1dGguYmFja2VuZHMuTW9kZWxCYWNrZW5kIiwiX2F1dGhfdXNlcl9oYXNoIjoiM2Y1MmU2NzI3MDI5MDVlN2ZhMWEzNGNjOTdkYzQ1OGJmYmRiZDgzYiJ9', '2019-10-01 12:22:11'),
('0x7ku9pfljj4l97pb33soj5rwgauv5kc', 'NDVkYTYyOGJlNTFjMDgwMGNiYTFkNjRkZjc3M2M1NDhlOTg5Y2NlMzp7Il9hdXRoX3VzZXJfaWQiOiIxNjQiLCJfYXV0aF91c2VyX2JhY2tlbmQiOiJkamFuZ28uY29udHJpYi5hdXRoLmJhY2tlbmRzLk1vZGVsQmFja2VuZCIsIl9hdXRoX3VzZXJfaGFzaCI6ImFiNmYyMWY5MmQwOTc1Y2Y4ZjU5ZDRhNjdmYjcyZmZmY2E4MTBmMjIifQ==', '2020-05-25 11:56:19'),
('1b4mpn36al7zbayqgjzqa02brk685yh3', 'NTIyMjk4ZTlkOWQ1MDE4YjZlY2VhZGRkNTFiNzgwYzRjMjQ4MDUyMzp7Il9hdXRoX3VzZXJfaWQiOiIxIiwiX2F1dGhfdXNlcl9iYWNrZW5kIjoiZGphbmdvLmNvbnRyaWIuYXV0aC5iYWNrZW5kcy5Nb2RlbEJhY2tlbmQiLCJfYXV0aF91c2VyX2hhc2giOiIxY2U4MmUzZTFkM2E5MzE3M2EzOTgzZWM2Mjg2M2E3MDhlNmFhODg5In0=', '2018-08-15 14:49:00'),
('1hrg0rlddmwn0okpuz8ydto19bv9m3ae', 'MTdlNjc2OWFiYmE4YTVlNGQ2NmQ4YjU0MmU2ODA5MzM5MGI0YjMzNjp7Il9hdXRoX3VzZXJfaWQiOiI4OCIsIl9hdXRoX3VzZXJfYmFja2VuZCI6ImRqYW5nby5jb250cmliLmF1dGguYmFja2VuZHMuTW9kZWxCYWNrZW5kIiwiX2F1dGhfdXNlcl9oYXNoIjoiYjg1OTMwNGVjNTQ1NjNhNTlmNzhkODRkNzZlMmEwZDAyN2RjNGZiZCJ9', '2019-04-22 12:53:33'),
('1og43si93mxac1n4x6ghp2ccnqv088z0', 'YjczYjlhNDE1ZjcyYzc5MmNmNTg4OTU3MWM0ZWMyZWY0YTYyMzBmMTp7Il9hdXRoX3VzZXJfaWQiOiIzMSIsIl9hdXRoX3VzZXJfYmFja2VuZCI6ImRqYW5nby5jb250cmliLmF1dGguYmFja2VuZHMuTW9kZWxCYWNrZW5kIiwiX2F1dGhfdXNlcl9oYXNoIjoiMjIxZWMzYzVjMDg0MDU1MjE4Y2QwMmFiY2MyMTc1ODJiNDQ0OTY4MSJ9', '2019-02-13 07:29:32'),
('1qnls7042n6mnvijfsgxrgkqdpwoi04j', 'NzJiMzk4MTA2M2I3ZjEwYTk3OGY2NzYyNzIwNmU0OWI5OGRhYjEzMzp7Il9hdXRoX3VzZXJfaWQiOiIxIiwiX2F1dGhfdXNlcl9iYWNrZW5kIjoiZGphbmdvLmNvbnRyaWIuYXV0aC5iYWNrZW5kcy5Nb2RlbEJhY2tlbmQiLCJfYXV0aF91c2VyX2hhc2giOiI3OTUyNjM5NTU4MGZhMjcxMGY2NWE5OTQ4NWNmYWE1ZDhhNTQ5ZDQ5In0=', '2019-10-14 08:15:30'),
('1xa5bvc0b0nz7za79fria0rvylh9dq2r', 'OWUzNGUyNTFjMDM5MzMxNTZmMTQ4OTZkNjRhZWQ3ZmNjZTA5MTNhZjp7Il9hdXRoX3VzZXJfaWQiOiIxNTEiLCJfYXV0aF91c2VyX2JhY2tlbmQiOiJkamFuZ28uY29udHJpYi5hdXRoLmJhY2tlbmRzLk1vZGVsQmFja2VuZCIsIl9hdXRoX3VzZXJfaGFzaCI6IjM3Y2JjYzVhNDE3YTEzYzJjMWQ4ZDc0OWNjNzRlNmIzZTcwMGMyM2IifQ==', '2019-10-22 05:08:44'),
('266h3lzek5jwac26lz0wylpug2rqhhhk', 'NWQwZDEzNzk5MmM5ZDQwNjk4MWYzNjVmYzk2YjZjZjA1Mzk3NjY1Njp7Il9hdXRoX3VzZXJfaWQiOiIxNjIiLCJfYXV0aF91c2VyX2JhY2tlbmQiOiJkamFuZ28uY29udHJpYi5hdXRoLmJhY2tlbmRzLk1vZGVsQmFja2VuZCIsIl9hdXRoX3VzZXJfaGFzaCI6ImYyOGZmYzNmNjY4ZWUyMjY1ZTZiZDgzMjdmNGI0NjEwZTJhZjAzMDUifQ==', '2020-05-14 14:37:45'),
('2g32zch0qr9472mmuepgblx3s4ue5by9', 'NzQ0NjQxNDc3YTc0M2NiZThhMWQwNmU2MTU2NjkxODIyNTY5MjQ5Yzp7Il9hdXRoX3VzZXJfaWQiOiIzMSIsIl9hdXRoX3VzZXJfYmFja2VuZCI6ImRqYW5nby5jb250cmliLmF1dGguYmFja2VuZHMuTW9kZWxCYWNrZW5kIiwiX2F1dGhfdXNlcl9oYXNoIjoiYzlhNmQzMGZlMmQyNDYyYjAzNDc4Y2JiNmM4ZGUzYTc3Y2MyOTQ5MCJ9', '2019-04-22 11:58:54'),
('2jofm6wjvaplcxtfbg466nvhkxnskhmi', 'YzUwYjhlMGYzMDU5MzU4NGU4MWUyNDEwMDFmMGQ5MjY4MGViZTJmOTp7Il9hdXRoX3VzZXJfaWQiOiIzMSIsIl9hdXRoX3VzZXJfYmFja2VuZCI6ImRqYW5nby5jb250cmliLmF1dGguYmFja2VuZHMuTW9kZWxCYWNrZW5kIiwiX2F1dGhfdXNlcl9oYXNoIjoiM2Y1MmU2NzI3MDI5MDVlN2ZhMWEzNGNjOTdkYzQ1OGJmYmRiZDgzYiJ9', '2019-06-07 21:14:48'),
('2xy9po0cizr2aj53hunxchf4sq5cofcb', 'YzUwYjhlMGYzMDU5MzU4NGU4MWUyNDEwMDFmMGQ5MjY4MGViZTJmOTp7Il9hdXRoX3VzZXJfaWQiOiIzMSIsIl9hdXRoX3VzZXJfYmFja2VuZCI6ImRqYW5nby5jb250cmliLmF1dGguYmFja2VuZHMuTW9kZWxCYWNrZW5kIiwiX2F1dGhfdXNlcl9oYXNoIjoiM2Y1MmU2NzI3MDI5MDVlN2ZhMWEzNGNjOTdkYzQ1OGJmYmRiZDgzYiJ9', '2019-06-24 10:35:47'),
('2zi1g0a0b4x3kl0u0wx00jigp6dgt3fu', 'ZmE4NjgxYjlmNjFkOGJmM2IxMTRmNjVmNjc3MDI5MTVjMjRiZjhjNjp7Il9hdXRoX3VzZXJfaWQiOiIzOCIsIl9hdXRoX3VzZXJfYmFja2VuZCI6ImRqYW5nby5jb250cmliLmF1dGguYmFja2VuZHMuTW9kZWxCYWNrZW5kIiwiX2F1dGhfdXNlcl9oYXNoIjoiOWVmNDM2ZGYyYjEzNTc1ZjdhNzYwMWJiZGZmNmM3Y2FlOTE0MDU3ZSJ9', '2018-11-11 20:37:35'),
('3bjos45o6opxtil7jrsks5nn0b0owmk5', 'YzUwYjhlMGYzMDU5MzU4NGU4MWUyNDEwMDFmMGQ5MjY4MGViZTJmOTp7Il9hdXRoX3VzZXJfaWQiOiIzMSIsIl9hdXRoX3VzZXJfYmFja2VuZCI6ImRqYW5nby5jb250cmliLmF1dGguYmFja2VuZHMuTW9kZWxCYWNrZW5kIiwiX2F1dGhfdXNlcl9oYXNoIjoiM2Y1MmU2NzI3MDI5MDVlN2ZhMWEzNGNjOTdkYzQ1OGJmYmRiZDgzYiJ9', '2019-07-02 06:38:04'),
('3m7h6cxida9yrxd639cbpvbumoc1dtwd', 'YzUwYjhlMGYzMDU5MzU4NGU4MWUyNDEwMDFmMGQ5MjY4MGViZTJmOTp7Il9hdXRoX3VzZXJfaWQiOiIzMSIsIl9hdXRoX3VzZXJfYmFja2VuZCI6ImRqYW5nby5jb250cmliLmF1dGguYmFja2VuZHMuTW9kZWxCYWNrZW5kIiwiX2F1dGhfdXNlcl9oYXNoIjoiM2Y1MmU2NzI3MDI5MDVlN2ZhMWEzNGNjOTdkYzQ1OGJmYmRiZDgzYiJ9', '2019-07-17 10:03:08'),
('3nlqf7c0kjhk9t8qbpnh0q7ywiv72x1d', 'NzQ0NjQxNDc3YTc0M2NiZThhMWQwNmU2MTU2NjkxODIyNTY5MjQ5Yzp7Il9hdXRoX3VzZXJfaWQiOiIzMSIsIl9hdXRoX3VzZXJfYmFja2VuZCI6ImRqYW5nby5jb250cmliLmF1dGguYmFja2VuZHMuTW9kZWxCYWNrZW5kIiwiX2F1dGhfdXNlcl9oYXNoIjoiYzlhNmQzMGZlMmQyNDYyYjAzNDc4Y2JiNmM4ZGUzYTc3Y2MyOTQ5MCJ9', '2019-04-09 14:24:38'),
('3px80n2siegj8lls7w3hijc6d5ti1gyo', 'YjA5OTU4ODg1OWRkOGU1OGVhN2EzNjRkMThmNDRhZmVkYzMzYWZiYTp7Il9hdXRoX3VzZXJfaWQiOiIxNTIiLCJfYXV0aF91c2VyX2JhY2tlbmQiOiJkamFuZ28uY29udHJpYi5hdXRoLmJhY2tlbmRzLk1vZGVsQmFja2VuZCIsIl9hdXRoX3VzZXJfaGFzaCI6IjA0NDViNjE0YzhlZWU4NGZkMDdjNDgwZjZkYTZmYTU5NmJjZDcxZjUifQ==', '2019-10-21 05:06:30'),
('3ta68emsvbvmlhy1287h4x3exu5qbdkj', 'NzJiMzk4MTA2M2I3ZjEwYTk3OGY2NzYyNzIwNmU0OWI5OGRhYjEzMzp7Il9hdXRoX3VzZXJfaWQiOiIxIiwiX2F1dGhfdXNlcl9iYWNrZW5kIjoiZGphbmdvLmNvbnRyaWIuYXV0aC5iYWNrZW5kcy5Nb2RlbEJhY2tlbmQiLCJfYXV0aF91c2VyX2hhc2giOiI3OTUyNjM5NTU4MGZhMjcxMGY2NWE5OTQ4NWNmYWE1ZDhhNTQ5ZDQ5In0=', '2019-07-26 07:43:29'),
('41i0g22h6m5zgutjjva18o9a2drk8j4t', 'NWFiNTBiOTdkZGMwNzljYWQ0YTllZGY3OTBlNDA5NDhmYTEwZjI2NDp7Il9hdXRoX3VzZXJfaGFzaCI6IjFjZTgyZTNlMWQzYTkzMTczYTM5ODNlYzYyODYzYTcwOGU2YWE4ODkiLCJfYXV0aF91c2VyX2lkIjoiMSIsIl9hdXRoX3VzZXJfYmFja2VuZCI6ImRqYW5nby5jb250cmliLmF1dGguYmFja2VuZHMuTW9kZWxCYWNrZW5kIn0=', '2018-06-25 08:15:51'),
('43jeoizpztcua3xf2yb1xnn0fix7fcvg', 'MDY5ZjIyNmIxMDNjZmUwZWIzY2M5MjU1ZDg3ODU0ZTU3NTc5YTViNTp7Il9hdXRoX3VzZXJfaWQiOiIxNDQiLCJfYXV0aF91c2VyX2JhY2tlbmQiOiJkamFuZ28uY29udHJpYi5hdXRoLmJhY2tlbmRzLk1vZGVsQmFja2VuZCIsIl9hdXRoX3VzZXJfaGFzaCI6ImJjOGU4ZWNlZTc2ODA3NzNjNmZiODcyNGUxZjcxZGIwOWVmOTU0OWYifQ==', '2019-09-14 05:47:50'),
('471qco0rxeeb57bgepzz7u351ad7pb6n', 'M2MwZmUwMzM5NDY4NTA0YzE4NmJjMmY4ZGVkMTM3YmM3MmMwNTRlYTp7Il9hdXRoX3VzZXJfaWQiOiIxNTYiLCJfYXV0aF91c2VyX2JhY2tlbmQiOiJkamFuZ28uY29udHJpYi5hdXRoLmJhY2tlbmRzLk1vZGVsQmFja2VuZCIsIl9hdXRoX3VzZXJfaGFzaCI6ImUxNTViYTk0MTkwMWUyNmY2YWNjM2QyYmUwMTc4Njc3ZDU1MDY2MGIifQ==', '2019-11-20 08:01:14'),
('4d9g795646qq0oexn75u7k7bqnwnh21d', 'ZmE4NjgxYjlmNjFkOGJmM2IxMTRmNjVmNjc3MDI5MTVjMjRiZjhjNjp7Il9hdXRoX3VzZXJfaWQiOiIzOCIsIl9hdXRoX3VzZXJfYmFja2VuZCI6ImRqYW5nby5jb250cmliLmF1dGguYmFja2VuZHMuTW9kZWxCYWNrZW5kIiwiX2F1dGhfdXNlcl9oYXNoIjoiOWVmNDM2ZGYyYjEzNTc1ZjdhNzYwMWJiZGZmNmM3Y2FlOTE0MDU3ZSJ9', '2018-11-06 04:53:32'),
('4hdl8hf2d9arwce6r4d7f1q354zhrb77', 'NzQ0NjQxNDc3YTc0M2NiZThhMWQwNmU2MTU2NjkxODIyNTY5MjQ5Yzp7Il9hdXRoX3VzZXJfaWQiOiIzMSIsIl9hdXRoX3VzZXJfYmFja2VuZCI6ImRqYW5nby5jb250cmliLmF1dGguYmFja2VuZHMuTW9kZWxCYWNrZW5kIiwiX2F1dGhfdXNlcl9oYXNoIjoiYzlhNmQzMGZlMmQyNDYyYjAzNDc4Y2JiNmM4ZGUzYTc3Y2MyOTQ5MCJ9', '2019-04-02 06:51:21'),
('4sqw1a984isv80m5pgw2trzhla8m4a4e', 'NzQ0NjQxNDc3YTc0M2NiZThhMWQwNmU2MTU2NjkxODIyNTY5MjQ5Yzp7Il9hdXRoX3VzZXJfaWQiOiIzMSIsIl9hdXRoX3VzZXJfYmFja2VuZCI6ImRqYW5nby5jb250cmliLmF1dGguYmFja2VuZHMuTW9kZWxCYWNrZW5kIiwiX2F1dGhfdXNlcl9oYXNoIjoiYzlhNmQzMGZlMmQyNDYyYjAzNDc4Y2JiNmM4ZGUzYTc3Y2MyOTQ5MCJ9', '2019-04-10 11:55:47'),
('4v0ho92iinvb5nkp8xnsqmhlz0h7ss09', 'OGUwMDk5NzJhYThlODQ5Y2UyYzdjNDk1MTJmMTNiNmYzZGQ0NWUxNDp7Il9hdXRoX3VzZXJfaWQiOiIzMSIsIl9hdXRoX3VzZXJfYmFja2VuZCI6ImRqYW5nby5jb250cmliLmF1dGguYmFja2VuZHMuTW9kZWxCYWNrZW5kIiwiX2F1dGhfdXNlcl9oYXNoIjoiM2UxOTQ4ZWE5NmFkNzk5YmJiMDJiNTUxNThlNWNkOWQyMjI0NThkNCJ9', '2020-09-08 12:27:38'),
('5ajsuk8iefgj1pha052ikt53dqbma08b', 'OGUwMDk5NzJhYThlODQ5Y2UyYzdjNDk1MTJmMTNiNmYzZGQ0NWUxNDp7Il9hdXRoX3VzZXJfaWQiOiIzMSIsIl9hdXRoX3VzZXJfYmFja2VuZCI6ImRqYW5nby5jb250cmliLmF1dGguYmFja2VuZHMuTW9kZWxCYWNrZW5kIiwiX2F1dGhfdXNlcl9oYXNoIjoiM2UxOTQ4ZWE5NmFkNzk5YmJiMDJiNTUxNThlNWNkOWQyMjI0NThkNCJ9', '2020-03-27 12:05:02'),
('6ejm7a1hrxc11ocu5e5bowgh6hbmlfiz', 'OGUwMDk5NzJhYThlODQ5Y2UyYzdjNDk1MTJmMTNiNmYzZGQ0NWUxNDp7Il9hdXRoX3VzZXJfaWQiOiIzMSIsIl9hdXRoX3VzZXJfYmFja2VuZCI6ImRqYW5nby5jb250cmliLmF1dGguYmFja2VuZHMuTW9kZWxCYWNrZW5kIiwiX2F1dGhfdXNlcl9oYXNoIjoiM2UxOTQ4ZWE5NmFkNzk5YmJiMDJiNTUxNThlNWNkOWQyMjI0NThkNCJ9', '2020-04-30 11:04:42'),
('6syxbsd8li6593bnwn99a0gtdxhjwhvy', 'YTlkN2JlZWZlMmMyMDZlNzU3YjY3NTQyOWYxY2U3ZjNjNTZjODk5ZDp7Il9hdXRoX3VzZXJfaWQiOiIxNjAiLCJfYXV0aF91c2VyX2JhY2tlbmQiOiJkamFuZ28uY29udHJpYi5hdXRoLmJhY2tlbmRzLk1vZGVsQmFja2VuZCIsIl9hdXRoX3VzZXJfaGFzaCI6IjI1MDJmM2Y0YWRiMjI1ZTE1YzNjN2U0YTQzY2E0NTNjNTUxMWExNWUifQ==', '2020-05-13 09:53:57'),
('6twddrlq3iry8ql67k0qujq49fj0cq8m', 'ZTcwNzYyNjJkODI1YmFjYzVlOWZmNWQ1ODc1MWZkMTM3ZWI3MTZhZjp7Il9hdXRoX3VzZXJfaWQiOiIzMSIsIl9hdXRoX3VzZXJfYmFja2VuZCI6ImRqYW5nby5jb250cmliLmF1dGguYmFja2VuZHMuTW9kZWxCYWNrZW5kIiwiX2F1dGhfdXNlcl9oYXNoIjoiYTgwNjk4MTIwZjIwMzhkMTZmYWE4YWY3Y2ZlNmFkNWQ3MWYyMmM5YyJ9', '2019-09-11 12:01:40'),
('6z11gm419af2vfu256u3901np2ekca9h', 'YjczYjlhNDE1ZjcyYzc5MmNmNTg4OTU3MWM0ZWMyZWY0YTYyMzBmMTp7Il9hdXRoX3VzZXJfaWQiOiIzMSIsIl9hdXRoX3VzZXJfYmFja2VuZCI6ImRqYW5nby5jb250cmliLmF1dGguYmFja2VuZHMuTW9kZWxCYWNrZW5kIiwiX2F1dGhfdXNlcl9oYXNoIjoiMjIxZWMzYzVjMDg0MDU1MjE4Y2QwMmFiY2MyMTc1ODJiNDQ0OTY4MSJ9', '2019-02-27 07:58:21'),
('6zay1swm8n85l2t36npynsieog5ui9aw', 'YzUwYjhlMGYzMDU5MzU4NGU4MWUyNDEwMDFmMGQ5MjY4MGViZTJmOTp7Il9hdXRoX3VzZXJfaWQiOiIzMSIsIl9hdXRoX3VzZXJfYmFja2VuZCI6ImRqYW5nby5jb250cmliLmF1dGguYmFja2VuZHMuTW9kZWxCYWNrZW5kIiwiX2F1dGhfdXNlcl9oYXNoIjoiM2Y1MmU2NzI3MDI5MDVlN2ZhMWEzNGNjOTdkYzQ1OGJmYmRiZDgzYiJ9', '2019-07-30 08:11:21'),
('7gl8dcjg58mn7haaxrs3fvqkqi814d2u', 'MTdlNjc2OWFiYmE4YTVlNGQ2NmQ4YjU0MmU2ODA5MzM5MGI0YjMzNjp7Il9hdXRoX3VzZXJfaWQiOiI4OCIsIl9hdXRoX3VzZXJfYmFja2VuZCI6ImRqYW5nby5jb250cmliLmF1dGguYmFja2VuZHMuTW9kZWxCYWNrZW5kIiwiX2F1dGhfdXNlcl9oYXNoIjoiYjg1OTMwNGVjNTQ1NjNhNTlmNzhkODRkNzZlMmEwZDAyN2RjNGZiZCJ9', '2019-04-22 12:53:22'),
('7rat3a6gs1xtzr8828rfe9y3v38y72ng', 'OGUwMDk5NzJhYThlODQ5Y2UyYzdjNDk1MTJmMTNiNmYzZGQ0NWUxNDp7Il9hdXRoX3VzZXJfaWQiOiIzMSIsIl9hdXRoX3VzZXJfYmFja2VuZCI6ImRqYW5nby5jb250cmliLmF1dGguYmFja2VuZHMuTW9kZWxCYWNrZW5kIiwiX2F1dGhfdXNlcl9oYXNoIjoiM2UxOTQ4ZWE5NmFkNzk5YmJiMDJiNTUxNThlNWNkOWQyMjI0NThkNCJ9', '2020-05-07 11:47:38'),
('7vkfth5g9u6icjsfon8vke6wyuomvwf9', 'OGUwMDk5NzJhYThlODQ5Y2UyYzdjNDk1MTJmMTNiNmYzZGQ0NWUxNDp7Il9hdXRoX3VzZXJfaWQiOiIzMSIsIl9hdXRoX3VzZXJfYmFja2VuZCI6ImRqYW5nby5jb250cmliLmF1dGguYmFja2VuZHMuTW9kZWxCYWNrZW5kIiwiX2F1dGhfdXNlcl9oYXNoIjoiM2UxOTQ4ZWE5NmFkNzk5YmJiMDJiNTUxNThlNWNkOWQyMjI0NThkNCJ9', '2020-05-12 12:43:03'),
('7ym6fpjun9du01oqi3edt41at4hvj56k', 'YzUwYjhlMGYzMDU5MzU4NGU4MWUyNDEwMDFmMGQ5MjY4MGViZTJmOTp7Il9hdXRoX3VzZXJfaWQiOiIzMSIsIl9hdXRoX3VzZXJfYmFja2VuZCI6ImRqYW5nby5jb250cmliLmF1dGguYmFja2VuZHMuTW9kZWxCYWNrZW5kIiwiX2F1dGhfdXNlcl9oYXNoIjoiM2Y1MmU2NzI3MDI5MDVlN2ZhMWEzNGNjOTdkYzQ1OGJmYmRiZDgzYiJ9', '2019-08-06 07:27:14'),
('7ywk1o4298cejhxcpmv9z65sbosque8b', 'NTIyMjk4ZTlkOWQ1MDE4YjZlY2VhZGRkNTFiNzgwYzRjMjQ4MDUyMzp7Il9hdXRoX3VzZXJfaWQiOiIxIiwiX2F1dGhfdXNlcl9iYWNrZW5kIjoiZGphbmdvLmNvbnRyaWIuYXV0aC5iYWNrZW5kcy5Nb2RlbEJhY2tlbmQiLCJfYXV0aF91c2VyX2hhc2giOiIxY2U4MmUzZTFkM2E5MzE3M2EzOTgzZWM2Mjg2M2E3MDhlNmFhODg5In0=', '2018-08-16 09:29:05'),
('81w4oozmyd6mzysielxkwdtiy9cymneo', 'NzQ0NjQxNDc3YTc0M2NiZThhMWQwNmU2MTU2NjkxODIyNTY5MjQ5Yzp7Il9hdXRoX3VzZXJfaWQiOiIzMSIsIl9hdXRoX3VzZXJfYmFja2VuZCI6ImRqYW5nby5jb250cmliLmF1dGguYmFja2VuZHMuTW9kZWxCYWNrZW5kIiwiX2F1dGhfdXNlcl9oYXNoIjoiYzlhNmQzMGZlMmQyNDYyYjAzNDc4Y2JiNmM4ZGUzYTc3Y2MyOTQ5MCJ9', '2019-05-08 11:34:38'),
('9egbvmyf89k94jb8e4cj9y3yfaiefq59', 'OGUwMDk5NzJhYThlODQ5Y2UyYzdjNDk1MTJmMTNiNmYzZGQ0NWUxNDp7Il9hdXRoX3VzZXJfaWQiOiIzMSIsIl9hdXRoX3VzZXJfYmFja2VuZCI6ImRqYW5nby5jb250cmliLmF1dGguYmFja2VuZHMuTW9kZWxCYWNrZW5kIiwiX2F1dGhfdXNlcl9oYXNoIjoiM2UxOTQ4ZWE5NmFkNzk5YmJiMDJiNTUxNThlNWNkOWQyMjI0NThkNCJ9', '2020-05-22 06:37:31'),
('9hsjoqsrnmwbachnh0hju5lykb92akd0', 'NzQ0NjQxNDc3YTc0M2NiZThhMWQwNmU2MTU2NjkxODIyNTY5MjQ5Yzp7Il9hdXRoX3VzZXJfaWQiOiIzMSIsIl9hdXRoX3VzZXJfYmFja2VuZCI6ImRqYW5nby5jb250cmliLmF1dGguYmFja2VuZHMuTW9kZWxCYWNrZW5kIiwiX2F1dGhfdXNlcl9oYXNoIjoiYzlhNmQzMGZlMmQyNDYyYjAzNDc4Y2JiNmM4ZGUzYTc3Y2MyOTQ5MCJ9', '2019-04-10 13:57:27'),
('9jskdvp2wsrx4mbvgdqg8taj3accmni1', 'ZTcwNzYyNjJkODI1YmFjYzVlOWZmNWQ1ODc1MWZkMTM3ZWI3MTZhZjp7Il9hdXRoX3VzZXJfaWQiOiIzMSIsIl9hdXRoX3VzZXJfYmFja2VuZCI6ImRqYW5nby5jb250cmliLmF1dGguYmFja2VuZHMuTW9kZWxCYWNrZW5kIiwiX2F1dGhfdXNlcl9oYXNoIjoiYTgwNjk4MTIwZjIwMzhkMTZmYWE4YWY3Y2ZlNmFkNWQ3MWYyMmM5YyJ9', '2019-09-19 12:34:28'),
('a7ccpllxniym9gsfj6av6lq6yky3mef3', 'ZjQ0NzYzYmFhNjIxMWY4YWE0NDIyMDE3Njk0MjY3MWM3NDNmYWU2NTp7Il9hdXRoX3VzZXJfaWQiOiIyOCIsIl9hdXRoX3VzZXJfYmFja2VuZCI6ImRqYW5nby5jb250cmliLmF1dGguYmFja2VuZHMuTW9kZWxCYWNrZW5kIiwiX2F1dGhfdXNlcl9oYXNoIjoiYjM1YzA5MTlkNjdhMDNhNzhmMWFmOWZhM2QxMmNhMWQ2YjAwODdhYiJ9', '2018-09-10 06:56:52'),
('ad8duvf17snndye6dtlzk03z0dnz07m7', 'NzJiMzk4MTA2M2I3ZjEwYTk3OGY2NzYyNzIwNmU0OWI5OGRhYjEzMzp7Il9hdXRoX3VzZXJfaWQiOiIxIiwiX2F1dGhfdXNlcl9iYWNrZW5kIjoiZGphbmdvLmNvbnRyaWIuYXV0aC5iYWNrZW5kcy5Nb2RlbEJhY2tlbmQiLCJfYXV0aF91c2VyX2hhc2giOiI3OTUyNjM5NTU4MGZhMjcxMGY2NWE5OTQ4NWNmYWE1ZDhhNTQ5ZDQ5In0=', '2019-09-17 07:45:50'),
('ahx7b275j9cnatfbr00a59p6cn56h706', 'ZWYxNmI5ZTY0MjYyN2NhODlkYTdiODlhZDliMWZhYWU1Y2JhZTc5MDp7Il9hdXRoX3VzZXJfaWQiOiIxMjgiLCJfYXV0aF91c2VyX2JhY2tlbmQiOiJkamFuZ28uY29udHJpYi5hdXRoLmJhY2tlbmRzLk1vZGVsQmFja2VuZCIsIl9hdXRoX3VzZXJfaGFzaCI6IjY4YzZjNDc2NGQyOWRmZTVmYmIxODVhY2U3MjExZWZmYzNjMGMzZDgifQ==', '2019-08-13 18:35:24'),
('aplbx6vdk8qnczqyrxx4hwug0qfsg9hv', 'OGUwMDk5NzJhYThlODQ5Y2UyYzdjNDk1MTJmMTNiNmYzZGQ0NWUxNDp7Il9hdXRoX3VzZXJfaWQiOiIzMSIsIl9hdXRoX3VzZXJfYmFja2VuZCI6ImRqYW5nby5jb250cmliLmF1dGguYmFja2VuZHMuTW9kZWxCYWNrZW5kIiwiX2F1dGhfdXNlcl9oYXNoIjoiM2UxOTQ4ZWE5NmFkNzk5YmJiMDJiNTUxNThlNWNkOWQyMjI0NThkNCJ9', '2020-05-04 13:35:52'),
('aw1kw32xs1dpqhr8875ol0aifuw1b7up', 'YzUwYjhlMGYzMDU5MzU4NGU4MWUyNDEwMDFmMGQ5MjY4MGViZTJmOTp7Il9hdXRoX3VzZXJfaWQiOiIzMSIsIl9hdXRoX3VzZXJfYmFja2VuZCI6ImRqYW5nby5jb250cmliLmF1dGguYmFja2VuZHMuTW9kZWxCYWNrZW5kIiwiX2F1dGhfdXNlcl9oYXNoIjoiM2Y1MmU2NzI3MDI5MDVlN2ZhMWEzNGNjOTdkYzQ1OGJmYmRiZDgzYiJ9', '2019-07-02 07:51:56'),
('axdc8asf0j0xeudo78gx9khlr6ni83id', 'YzUwYjhlMGYzMDU5MzU4NGU4MWUyNDEwMDFmMGQ5MjY4MGViZTJmOTp7Il9hdXRoX3VzZXJfaWQiOiIzMSIsIl9hdXRoX3VzZXJfYmFja2VuZCI6ImRqYW5nby5jb250cmliLmF1dGguYmFja2VuZHMuTW9kZWxCYWNrZW5kIiwiX2F1dGhfdXNlcl9oYXNoIjoiM2Y1MmU2NzI3MDI5MDVlN2ZhMWEzNGNjOTdkYzQ1OGJmYmRiZDgzYiJ9', '2019-07-01 08:02:19'),
('azawm6l40wsu18hty07aypkkq7khmnw2', 'NzJiMzk4MTA2M2I3ZjEwYTk3OGY2NzYyNzIwNmU0OWI5OGRhYjEzMzp7Il9hdXRoX3VzZXJfaWQiOiIxIiwiX2F1dGhfdXNlcl9iYWNrZW5kIjoiZGphbmdvLmNvbnRyaWIuYXV0aC5iYWNrZW5kcy5Nb2RlbEJhY2tlbmQiLCJfYXV0aF91c2VyX2hhc2giOiI3OTUyNjM5NTU4MGZhMjcxMGY2NWE5OTQ4NWNmYWE1ZDhhNTQ5ZDQ5In0=', '2019-09-17 14:47:20'),
('b00ghmllusk8ampos0z9v3rlsneape8p', 'YTlkN2JlZWZlMmMyMDZlNzU3YjY3NTQyOWYxY2U3ZjNjNTZjODk5ZDp7Il9hdXRoX3VzZXJfaWQiOiIxNjAiLCJfYXV0aF91c2VyX2JhY2tlbmQiOiJkamFuZ28uY29udHJpYi5hdXRoLmJhY2tlbmRzLk1vZGVsQmFja2VuZCIsIl9hdXRoX3VzZXJfaGFzaCI6IjI1MDJmM2Y0YWRiMjI1ZTE1YzNjN2U0YTQzY2E0NTNjNTUxMWExNWUifQ==', '2020-05-15 06:02:00'),
('b5qw7n1xy81ckdi02rmrkeb127wt80pr', 'YzUwYjhlMGYzMDU5MzU4NGU4MWUyNDEwMDFmMGQ5MjY4MGViZTJmOTp7Il9hdXRoX3VzZXJfaWQiOiIzMSIsIl9hdXRoX3VzZXJfYmFja2VuZCI6ImRqYW5nby5jb250cmliLmF1dGguYmFja2VuZHMuTW9kZWxCYWNrZW5kIiwiX2F1dGhfdXNlcl9oYXNoIjoiM2Y1MmU2NzI3MDI5MDVlN2ZhMWEzNGNjOTdkYzQ1OGJmYmRiZDgzYiJ9', '2019-06-03 07:10:26'),
('bbmo6nt3mg27kplips9yjz84nvqa8q0x', 'OGUwMDk5NzJhYThlODQ5Y2UyYzdjNDk1MTJmMTNiNmYzZGQ0NWUxNDp7Il9hdXRoX3VzZXJfaWQiOiIzMSIsIl9hdXRoX3VzZXJfYmFja2VuZCI6ImRqYW5nby5jb250cmliLmF1dGguYmFja2VuZHMuTW9kZWxCYWNrZW5kIiwiX2F1dGhfdXNlcl9oYXNoIjoiM2UxOTQ4ZWE5NmFkNzk5YmJiMDJiNTUxNThlNWNkOWQyMjI0NThkNCJ9', '2020-04-16 12:08:36'),
('bik319ei640lcz1ugahgypueupupuljt', 'NzJiMzk4MTA2M2I3ZjEwYTk3OGY2NzYyNzIwNmU0OWI5OGRhYjEzMzp7Il9hdXRoX3VzZXJfaWQiOiIxIiwiX2F1dGhfdXNlcl9iYWNrZW5kIjoiZGphbmdvLmNvbnRyaWIuYXV0aC5iYWNrZW5kcy5Nb2RlbEJhY2tlbmQiLCJfYXV0aF91c2VyX2hhc2giOiI3OTUyNjM5NTU4MGZhMjcxMGY2NWE5OTQ4NWNmYWE1ZDhhNTQ5ZDQ5In0=', '2019-07-17 13:25:47'),
('bn8jrpl54pcgq6xjuiyemprt9lkiouft', 'NzJiMzk4MTA2M2I3ZjEwYTk3OGY2NzYyNzIwNmU0OWI5OGRhYjEzMzp7Il9hdXRoX3VzZXJfaWQiOiIxIiwiX2F1dGhfdXNlcl9iYWNrZW5kIjoiZGphbmdvLmNvbnRyaWIuYXV0aC5iYWNrZW5kcy5Nb2RlbEJhY2tlbmQiLCJfYXV0aF91c2VyX2hhc2giOiI3OTUyNjM5NTU4MGZhMjcxMGY2NWE5OTQ4NWNmYWE1ZDhhNTQ5ZDQ5In0=', '2019-07-17 13:23:29'),
('bnbh4shv5vtjhwt9le986s95u6l2hdgt', 'OGUwMDk5NzJhYThlODQ5Y2UyYzdjNDk1MTJmMTNiNmYzZGQ0NWUxNDp7Il9hdXRoX3VzZXJfaWQiOiIzMSIsIl9hdXRoX3VzZXJfYmFja2VuZCI6ImRqYW5nby5jb250cmliLmF1dGguYmFja2VuZHMuTW9kZWxCYWNrZW5kIiwiX2F1dGhfdXNlcl9oYXNoIjoiM2UxOTQ4ZWE5NmFkNzk5YmJiMDJiNTUxNThlNWNkOWQyMjI0NThkNCJ9', '2020-05-01 11:02:18'),
('c6voe2h5j31vx885scwndnmfebdl93cj', 'OGUwMDk5NzJhYThlODQ5Y2UyYzdjNDk1MTJmMTNiNmYzZGQ0NWUxNDp7Il9hdXRoX3VzZXJfaWQiOiIzMSIsIl9hdXRoX3VzZXJfYmFja2VuZCI6ImRqYW5nby5jb250cmliLmF1dGguYmFja2VuZHMuTW9kZWxCYWNrZW5kIiwiX2F1dGhfdXNlcl9oYXNoIjoiM2UxOTQ4ZWE5NmFkNzk5YmJiMDJiNTUxNThlNWNkOWQyMjI0NThkNCJ9', '2020-05-04 13:00:54'),
('cqqgxnc4psfg2m35fvgeaqir6dnkioyl', 'YzUwYjhlMGYzMDU5MzU4NGU4MWUyNDEwMDFmMGQ5MjY4MGViZTJmOTp7Il9hdXRoX3VzZXJfaWQiOiIzMSIsIl9hdXRoX3VzZXJfYmFja2VuZCI6ImRqYW5nby5jb250cmliLmF1dGguYmFja2VuZHMuTW9kZWxCYWNrZW5kIiwiX2F1dGhfdXNlcl9oYXNoIjoiM2Y1MmU2NzI3MDI5MDVlN2ZhMWEzNGNjOTdkYzQ1OGJmYmRiZDgzYiJ9', '2019-06-25 12:13:59'),
('ctdzvbhempym28cizlou460n69ignzf7', 'ZDIwY2YyZmFhYjcwNTQ4YjE1ZTk0ZTA5MzkwMmJmMThmZDNhNjBkYTp7Il9hdXRoX3VzZXJfaWQiOiIyOSIsIl9hdXRoX3VzZXJfYmFja2VuZCI6ImRqYW5nby5jb250cmliLmF1dGguYmFja2VuZHMuTW9kZWxCYWNrZW5kIiwiX2F1dGhfdXNlcl9oYXNoIjoiMDlhNjFlZmQ5OTU3YWExOWEzMGY1ZmY5MWI5OGI5ZWNjNDJjYWY2NiJ9', '2018-10-15 13:59:00'),
('cym5yats4dv171k2dkp8jp18tvf8447o', 'ZjU5MWU3NzMyYjE2MDE4NWM4NjlhY2NmZWNhZmVjNjNkM2Y4N2Y5Yzp7Il9hdXRoX3VzZXJfaWQiOiI5OCIsIl9hdXRoX3VzZXJfYmFja2VuZCI6ImRqYW5nby5jb250cmliLmF1dGguYmFja2VuZHMuTW9kZWxCYWNrZW5kIiwiX2F1dGhfdXNlcl9oYXNoIjoiYmI4NTZkZTczZmNiYmQyODhkOTQyNDYxYTlhZDIxZGY5M2VkOWQ4NiJ9', '2019-06-10 05:44:29'),
('czkkbk084mirox8honpvpgddvnlvsgt9', 'ZmRlOGZmOTNkOGQ1MTIwNDI3MDE2OGUyNDU0YTViZTlkZDVlMTI0Njp7Il9hdXRoX3VzZXJfaWQiOiIxMjAiLCJfYXV0aF91c2VyX2JhY2tlbmQiOiJkamFuZ28uY29udHJpYi5hdXRoLmJhY2tlbmRzLk1vZGVsQmFja2VuZCIsIl9hdXRoX3VzZXJfaGFzaCI6ImU4NGMyNjQ5ODFlYmExM2EzMDAzZmE1ZmYwZjFkOGJhNTZjZmFkZjAifQ==', '2019-06-28 15:12:44'),
('czwh8mso3ndl8wi0nlbh44ps3z57fx3l', 'ZjQ0NzYzYmFhNjIxMWY4YWE0NDIyMDE3Njk0MjY3MWM3NDNmYWU2NTp7Il9hdXRoX3VzZXJfaWQiOiIyOCIsIl9hdXRoX3VzZXJfYmFja2VuZCI6ImRqYW5nby5jb250cmliLmF1dGguYmFja2VuZHMuTW9kZWxCYWNrZW5kIiwiX2F1dGhfdXNlcl9oYXNoIjoiYjM1YzA5MTlkNjdhMDNhNzhmMWFmOWZhM2QxMmNhMWQ2YjAwODdhYiJ9', '2018-09-26 07:15:27'),
('dhd5a0t1jxktd562fqyspdm3b5naawfm', 'OGUwMDk5NzJhYThlODQ5Y2UyYzdjNDk1MTJmMTNiNmYzZGQ0NWUxNDp7Il9hdXRoX3VzZXJfaWQiOiIzMSIsIl9hdXRoX3VzZXJfYmFja2VuZCI6ImRqYW5nby5jb250cmliLmF1dGguYmFja2VuZHMuTW9kZWxCYWNrZW5kIiwiX2F1dGhfdXNlcl9oYXNoIjoiM2UxOTQ4ZWE5NmFkNzk5YmJiMDJiNTUxNThlNWNkOWQyMjI0NThkNCJ9', '2020-09-08 12:27:37'),
('dil5oarzuwz83p0rsuegf7akncgdews4', 'NDVmYzI5YmZkODU3MmJjNGJiZWUwMTM2YzNlODE1NTFmMmIwNDdhZjp7Il9hdXRoX3VzZXJfaWQiOiIxNjYiLCJfYXV0aF91c2VyX2JhY2tlbmQiOiJkamFuZ28uY29udHJpYi5hdXRoLmJhY2tlbmRzLk1vZGVsQmFja2VuZCIsIl9hdXRoX3VzZXJfaGFzaCI6ImIxOWIwMzVlNjU4YzM0MDQzOTllZWJmZDYwMmNlYjJiNGM1ODUwNTAifQ==', '2020-05-26 13:42:56'),
('duz6xm4rygdbqps95f20wbdolknrd18c', 'OGUwMDk5NzJhYThlODQ5Y2UyYzdjNDk1MTJmMTNiNmYzZGQ0NWUxNDp7Il9hdXRoX3VzZXJfaWQiOiIzMSIsIl9hdXRoX3VzZXJfYmFja2VuZCI6ImRqYW5nby5jb250cmliLmF1dGguYmFja2VuZHMuTW9kZWxCYWNrZW5kIiwiX2F1dGhfdXNlcl9oYXNoIjoiM2UxOTQ4ZWE5NmFkNzk5YmJiMDJiNTUxNThlNWNkOWQyMjI0NThkNCJ9', '2020-05-26 11:07:28'),
('dw4za210434l52p0ysq3ddavp6evckp2', 'NzQ0NjQxNDc3YTc0M2NiZThhMWQwNmU2MTU2NjkxODIyNTY5MjQ5Yzp7Il9hdXRoX3VzZXJfaWQiOiIzMSIsIl9hdXRoX3VzZXJfYmFja2VuZCI6ImRqYW5nby5jb250cmliLmF1dGguYmFja2VuZHMuTW9kZWxCYWNrZW5kIiwiX2F1dGhfdXNlcl9oYXNoIjoiYzlhNmQzMGZlMmQyNDYyYjAzNDc4Y2JiNmM4ZGUzYTc3Y2MyOTQ5MCJ9', '2019-04-10 12:50:32'),
('ebdui1d6i0tc99svh003ghsztf0wvbd3', 'ZTcwNzYyNjJkODI1YmFjYzVlOWZmNWQ1ODc1MWZkMTM3ZWI3MTZhZjp7Il9hdXRoX3VzZXJfaWQiOiIzMSIsIl9hdXRoX3VzZXJfYmFja2VuZCI6ImRqYW5nby5jb250cmliLmF1dGguYmFja2VuZHMuTW9kZWxCYWNrZW5kIiwiX2F1dGhfdXNlcl9oYXNoIjoiYTgwNjk4MTIwZjIwMzhkMTZmYWE4YWY3Y2ZlNmFkNWQ3MWYyMmM5YyJ9', '2019-09-11 12:07:34'),
('eblm7d8y7z2dqhk8ezmikbrmjzzz586p', 'ZTcwNzYyNjJkODI1YmFjYzVlOWZmNWQ1ODc1MWZkMTM3ZWI3MTZhZjp7Il9hdXRoX3VzZXJfaWQiOiIzMSIsIl9hdXRoX3VzZXJfYmFja2VuZCI6ImRqYW5nby5jb250cmliLmF1dGguYmFja2VuZHMuTW9kZWxCYWNrZW5kIiwiX2F1dGhfdXNlcl9oYXNoIjoiYTgwNjk4MTIwZjIwMzhkMTZmYWE4YWY3Y2ZlNmFkNWQ3MWYyMmM5YyJ9', '2019-09-20 11:26:40'),
('ef5xt8ywwpwk4je7g0z17oiv0ljkpcwb', 'ODU5YTkzZDQxYTg1MzYyMDVkYTQ4ZjJmOGY2ZTM1ODJmNTdhODc5OTp7Il9hdXRoX3VzZXJfaWQiOiIxNSIsIl9hdXRoX3VzZXJfYmFja2VuZCI6ImRqYW5nby5jb250cmliLmF1dGguYmFja2VuZHMuTW9kZWxCYWNrZW5kIiwiX2F1dGhfdXNlcl9oYXNoIjoiMGU2ZGE2NGRmNGJiMzVjZDc3MWNhMTg0YjM4N2MwNTdkMDg5ZTk0MSJ9', '2018-08-16 11:34:23'),
('emo19su2dp4lasb25x9weyxn7aq6j2p0', 'MTdlNjc2OWFiYmE4YTVlNGQ2NmQ4YjU0MmU2ODA5MzM5MGI0YjMzNjp7Il9hdXRoX3VzZXJfaWQiOiI4OCIsIl9hdXRoX3VzZXJfYmFja2VuZCI6ImRqYW5nby5jb250cmliLmF1dGguYmFja2VuZHMuTW9kZWxCYWNrZW5kIiwiX2F1dGhfdXNlcl9oYXNoIjoiYjg1OTMwNGVjNTQ1NjNhNTlmNzhkODRkNzZlMmEwZDAyN2RjNGZiZCJ9', '2019-04-22 12:52:02'),
('emrfn2on8sq4s6lxw75z3m334ugoh9ah', 'OGUwMDk5NzJhYThlODQ5Y2UyYzdjNDk1MTJmMTNiNmYzZGQ0NWUxNDp7Il9hdXRoX3VzZXJfaWQiOiIzMSIsIl9hdXRoX3VzZXJfYmFja2VuZCI6ImRqYW5nby5jb250cmliLmF1dGguYmFja2VuZHMuTW9kZWxCYWNrZW5kIiwiX2F1dGhfdXNlcl9oYXNoIjoiM2UxOTQ4ZWE5NmFkNzk5YmJiMDJiNTUxNThlNWNkOWQyMjI0NThkNCJ9', '2020-07-23 11:47:13'),
('exe8omaceht4dgoynizg1pxrn4m80sev', 'YzUwYjhlMGYzMDU5MzU4NGU4MWUyNDEwMDFmMGQ5MjY4MGViZTJmOTp7Il9hdXRoX3VzZXJfaWQiOiIzMSIsIl9hdXRoX3VzZXJfYmFja2VuZCI6ImRqYW5nby5jb250cmliLmF1dGguYmFja2VuZHMuTW9kZWxCYWNrZW5kIiwiX2F1dGhfdXNlcl9oYXNoIjoiM2Y1MmU2NzI3MDI5MDVlN2ZhMWEzNGNjOTdkYzQ1OGJmYmRiZDgzYiJ9', '2019-07-02 07:51:56'),
('f1uv9uqzuaxyv3gg892g443z8epvhq6x', 'YTg1ZjViZTg1ODJjOTY3YTI5YjczOWU5OTMzOGU3MDUyOTYxYjY3MTp7Il9hdXRoX3VzZXJfaWQiOiIxNjMiLCJfYXV0aF91c2VyX2JhY2tlbmQiOiJkamFuZ28uY29udHJpYi5hdXRoLmJhY2tlbmRzLk1vZGVsQmFja2VuZCIsIl9hdXRoX3VzZXJfaGFzaCI6Ijk3OWNhMGU1NTI0OTI4NmY3YzJlNzlhZTY1MGJmZTk3OGQwMDVhNDYifQ==', '2020-05-21 09:26:06'),
('f54k2bion3bg048zuawpfiz6ca2uex3b', 'OGUwMDk5NzJhYThlODQ5Y2UyYzdjNDk1MTJmMTNiNmYzZGQ0NWUxNDp7Il9hdXRoX3VzZXJfaWQiOiIzMSIsIl9hdXRoX3VzZXJfYmFja2VuZCI6ImRqYW5nby5jb250cmliLmF1dGguYmFja2VuZHMuTW9kZWxCYWNrZW5kIiwiX2F1dGhfdXNlcl9oYXNoIjoiM2UxOTQ4ZWE5NmFkNzk5YmJiMDJiNTUxNThlNWNkOWQyMjI0NThkNCJ9', '2020-05-22 13:33:17'),
('f5vyqi48wxqt7okb2kfd93ek5wxkevk0', 'YjczYjlhNDE1ZjcyYzc5MmNmNTg4OTU3MWM0ZWMyZWY0YTYyMzBmMTp7Il9hdXRoX3VzZXJfaWQiOiIzMSIsIl9hdXRoX3VzZXJfYmFja2VuZCI6ImRqYW5nby5jb250cmliLmF1dGguYmFja2VuZHMuTW9kZWxCYWNrZW5kIiwiX2F1dGhfdXNlcl9oYXNoIjoiMjIxZWMzYzVjMDg0MDU1MjE4Y2QwMmFiY2MyMTc1ODJiNDQ0OTY4MSJ9', '2019-02-26 15:50:31'),
('f8q8phh94jo7gbg70u170n4up6iq1qqm', 'NzQ0NjQxNDc3YTc0M2NiZThhMWQwNmU2MTU2NjkxODIyNTY5MjQ5Yzp7Il9hdXRoX3VzZXJfaWQiOiIzMSIsIl9hdXRoX3VzZXJfYmFja2VuZCI6ImRqYW5nby5jb250cmliLmF1dGguYmFja2VuZHMuTW9kZWxCYWNrZW5kIiwiX2F1dGhfdXNlcl9oYXNoIjoiYzlhNmQzMGZlMmQyNDYyYjAzNDc4Y2JiNmM4ZGUzYTc3Y2MyOTQ5MCJ9', '2019-04-10 15:05:19'),
('flukodakdggm4et4jkuyzmt834zi67de', 'YjA5OTU4ODg1OWRkOGU1OGVhN2EzNjRkMThmNDRhZmVkYzMzYWZiYTp7Il9hdXRoX3VzZXJfaWQiOiIxNTIiLCJfYXV0aF91c2VyX2JhY2tlbmQiOiJkamFuZ28uY29udHJpYi5hdXRoLmJhY2tlbmRzLk1vZGVsQmFja2VuZCIsIl9hdXRoX3VzZXJfaGFzaCI6IjA0NDViNjE0YzhlZWU4NGZkMDdjNDgwZjZkYTZmYTU5NmJjZDcxZjUifQ==', '2019-10-17 05:13:57'),
('fp754dz2wxs6agyppf1hud5441m5k1kc', 'YzUwYjhlMGYzMDU5MzU4NGU4MWUyNDEwMDFmMGQ5MjY4MGViZTJmOTp7Il9hdXRoX3VzZXJfaWQiOiIzMSIsIl9hdXRoX3VzZXJfYmFja2VuZCI6ImRqYW5nby5jb250cmliLmF1dGguYmFja2VuZHMuTW9kZWxCYWNrZW5kIiwiX2F1dGhfdXNlcl9oYXNoIjoiM2Y1MmU2NzI3MDI5MDVlN2ZhMWEzNGNjOTdkYzQ1OGJmYmRiZDgzYiJ9', '2019-06-25 12:47:46'),
('ftqhfx030gtmync9dx7etfc0csiw1xjc', 'OGUwMDk5NzJhYThlODQ5Y2UyYzdjNDk1MTJmMTNiNmYzZGQ0NWUxNDp7Il9hdXRoX3VzZXJfaWQiOiIzMSIsIl9hdXRoX3VzZXJfYmFja2VuZCI6ImRqYW5nby5jb250cmliLmF1dGguYmFja2VuZHMuTW9kZWxCYWNrZW5kIiwiX2F1dGhfdXNlcl9oYXNoIjoiM2UxOTQ4ZWE5NmFkNzk5YmJiMDJiNTUxNThlNWNkOWQyMjI0NThkNCJ9', '2019-10-15 10:20:39'),
('gb4163ji7l08kjkojnonfckfo6by3q5k', 'OGUwMDk5NzJhYThlODQ5Y2UyYzdjNDk1MTJmMTNiNmYzZGQ0NWUxNDp7Il9hdXRoX3VzZXJfaWQiOiIzMSIsIl9hdXRoX3VzZXJfYmFja2VuZCI6ImRqYW5nby5jb250cmliLmF1dGguYmFja2VuZHMuTW9kZWxCYWNrZW5kIiwiX2F1dGhfdXNlcl9oYXNoIjoiM2UxOTQ4ZWE5NmFkNzk5YmJiMDJiNTUxNThlNWNkOWQyMjI0NThkNCJ9', '2020-04-16 12:08:25'),
('gfl1ddv8icoih9eu8c8elmednn8xe3nm', 'OGUwMDk5NzJhYThlODQ5Y2UyYzdjNDk1MTJmMTNiNmYzZGQ0NWUxNDp7Il9hdXRoX3VzZXJfaWQiOiIzMSIsIl9hdXRoX3VzZXJfYmFja2VuZCI6ImRqYW5nby5jb250cmliLmF1dGguYmFja2VuZHMuTW9kZWxCYWNrZW5kIiwiX2F1dGhfdXNlcl9oYXNoIjoiM2UxOTQ4ZWE5NmFkNzk5YmJiMDJiNTUxNThlNWNkOWQyMjI0NThkNCJ9', '2020-05-04 13:00:53'),
('gipfh8b044hp8tgz4m04l4wy18wmo9f5', 'ZjQ0NzYzYmFhNjIxMWY4YWE0NDIyMDE3Njk0MjY3MWM3NDNmYWU2NTp7Il9hdXRoX3VzZXJfaWQiOiIyOCIsIl9hdXRoX3VzZXJfYmFja2VuZCI6ImRqYW5nby5jb250cmliLmF1dGguYmFja2VuZHMuTW9kZWxCYWNrZW5kIiwiX2F1dGhfdXNlcl9oYXNoIjoiYjM1YzA5MTlkNjdhMDNhNzhmMWFmOWZhM2QxMmNhMWQ2YjAwODdhYiJ9', '2018-08-28 11:21:15'),
('gm6n54nnmq7q7b3cm60u2ia8c0w8kxnx', 'YjA5OTU4ODg1OWRkOGU1OGVhN2EzNjRkMThmNDRhZmVkYzMzYWZiYTp7Il9hdXRoX3VzZXJfaWQiOiIxNTIiLCJfYXV0aF91c2VyX2JhY2tlbmQiOiJkamFuZ28uY29udHJpYi5hdXRoLmJhY2tlbmRzLk1vZGVsQmFja2VuZCIsIl9hdXRoX3VzZXJfaGFzaCI6IjA0NDViNjE0YzhlZWU4NGZkMDdjNDgwZjZkYTZmYTU5NmJjZDcxZjUifQ==', '2019-10-22 05:09:08'),
('gvqqu3so715njzyq9h6hhhgmdua9p338', 'YjE2MzE4MjVmNDdkMWJlMTNiZTc4MTU5MzM4MmZmNWM1Yjc2YTMzNzp7Il9hdXRoX3VzZXJfaWQiOiIxIiwiX2F1dGhfdXNlcl9iYWNrZW5kIjoiZGphbmdvLmNvbnRyaWIuYXV0aC5iYWNrZW5kcy5Nb2RlbEJhY2tlbmQiLCJfYXV0aF91c2VyX2hhc2giOiIzZjUyZTY3MjcwMjkwNWU3ZmExYTM0Y2M5N2RjNDU4YmZiZGJkODNiIn0=', '2019-03-18 13:19:29'),
('gyvnrwfppck0abhr2qmhiyagd5iq8t5o', 'NDBiODBkZDhmNzZkZTVjM2RhZDE4NDQwYTYwYjk3OTQ5YWI2NDUzMjp7Il9hdXRoX3VzZXJfaWQiOiIzMSIsIl9hdXRoX3VzZXJfYmFja2VuZCI6ImRqYW5nby5jb250cmliLmF1dGguYmFja2VuZHMuTW9kZWxCYWNrZW5kIiwiX2F1dGhfdXNlcl9oYXNoIjoiZWE5NjM1MTg5ODRjMzc3MDIxN2NmNTk3MTg0Nzc2ZjVlNWJlNzdjZSJ9', '2018-12-19 15:24:14'),
('h1ava6pi1zaflc1l4btjft5ojxed7ky4', 'YjczYjlhNDE1ZjcyYzc5MmNmNTg4OTU3MWM0ZWMyZWY0YTYyMzBmMTp7Il9hdXRoX3VzZXJfaWQiOiIzMSIsIl9hdXRoX3VzZXJfYmFja2VuZCI6ImRqYW5nby5jb250cmliLmF1dGguYmFja2VuZHMuTW9kZWxCYWNrZW5kIiwiX2F1dGhfdXNlcl9oYXNoIjoiMjIxZWMzYzVjMDg0MDU1MjE4Y2QwMmFiY2MyMTc1ODJiNDQ0OTY4MSJ9', '2019-03-05 07:49:28'),
('h9dcnxjudu1zeavbqjo6gefaqklw8xj9', 'NzQ0NjQxNDc3YTc0M2NiZThhMWQwNmU2MTU2NjkxODIyNTY5MjQ5Yzp7Il9hdXRoX3VzZXJfaWQiOiIzMSIsIl9hdXRoX3VzZXJfYmFja2VuZCI6ImRqYW5nby5jb250cmliLmF1dGguYmFja2VuZHMuTW9kZWxCYWNrZW5kIiwiX2F1dGhfdXNlcl9oYXNoIjoiYzlhNmQzMGZlMmQyNDYyYjAzNDc4Y2JiNmM4ZGUzYTc3Y2MyOTQ5MCJ9', '2019-03-28 08:14:22'),
('hc5xqzsn3lk89srcjhjfnfgux4myzhhy', 'YzUwYjhlMGYzMDU5MzU4NGU4MWUyNDEwMDFmMGQ5MjY4MGViZTJmOTp7Il9hdXRoX3VzZXJfaWQiOiIzMSIsIl9hdXRoX3VzZXJfYmFja2VuZCI6ImRqYW5nby5jb250cmliLmF1dGguYmFja2VuZHMuTW9kZWxCYWNrZW5kIiwiX2F1dGhfdXNlcl9oYXNoIjoiM2Y1MmU2NzI3MDI5MDVlN2ZhMWEzNGNjOTdkYzQ1OGJmYmRiZDgzYiJ9', '2019-07-08 07:34:27'),
('hnh5byilty94npxyp5s99le9gttpsn6l', 'ZmE4NjgxYjlmNjFkOGJmM2IxMTRmNjVmNjc3MDI5MTVjMjRiZjhjNjp7Il9hdXRoX3VzZXJfaWQiOiIzOCIsIl9hdXRoX3VzZXJfYmFja2VuZCI6ImRqYW5nby5jb250cmliLmF1dGguYmFja2VuZHMuTW9kZWxCYWNrZW5kIiwiX2F1dGhfdXNlcl9oYXNoIjoiOWVmNDM2ZGYyYjEzNTc1ZjdhNzYwMWJiZGZmNmM3Y2FlOTE0MDU3ZSJ9', '2019-07-16 11:42:31'),
('hs6ebkuacova53vu5dt54e3sxtzr7xr3', 'NDVmYzI5YmZkODU3MmJjNGJiZWUwMTM2YzNlODE1NTFmMmIwNDdhZjp7Il9hdXRoX3VzZXJfaWQiOiIxNjYiLCJfYXV0aF91c2VyX2JhY2tlbmQiOiJkamFuZ28uY29udHJpYi5hdXRoLmJhY2tlbmRzLk1vZGVsQmFja2VuZCIsIl9hdXRoX3VzZXJfaGFzaCI6ImIxOWIwMzVlNjU4YzM0MDQzOTllZWJmZDYwMmNlYjJiNGM1ODUwNTAifQ==', '2020-05-27 05:36:23'),
('hsjvi2koau26terhmvebi5jryj5g1kem', 'YjA5OTU4ODg1OWRkOGU1OGVhN2EzNjRkMThmNDRhZmVkYzMzYWZiYTp7Il9hdXRoX3VzZXJfaWQiOiIxNTIiLCJfYXV0aF91c2VyX2JhY2tlbmQiOiJkamFuZ28uY29udHJpYi5hdXRoLmJhY2tlbmRzLk1vZGVsQmFja2VuZCIsIl9hdXRoX3VzZXJfaGFzaCI6IjA0NDViNjE0YzhlZWU4NGZkMDdjNDgwZjZkYTZmYTU5NmJjZDcxZjUifQ==', '2019-10-18 05:11:42'),
('hxuolzho0smqn5qdm3wf2iib2tan0yez', 'OGUwMDk5NzJhYThlODQ5Y2UyYzdjNDk1MTJmMTNiNmYzZGQ0NWUxNDp7Il9hdXRoX3VzZXJfaWQiOiIzMSIsIl9hdXRoX3VzZXJfYmFja2VuZCI6ImRqYW5nby5jb250cmliLmF1dGguYmFja2VuZHMuTW9kZWxCYWNrZW5kIiwiX2F1dGhfdXNlcl9oYXNoIjoiM2UxOTQ4ZWE5NmFkNzk5YmJiMDJiNTUxNThlNWNkOWQyMjI0NThkNCJ9', '2020-05-04 13:00:49'),
('hy4bro0rtbevcqxv80rbmtlrclmwtrk3', 'YTg1ZjViZTg1ODJjOTY3YTI5YjczOWU5OTMzOGU3MDUyOTYxYjY3MTp7Il9hdXRoX3VzZXJfaWQiOiIxNjMiLCJfYXV0aF91c2VyX2JhY2tlbmQiOiJkamFuZ28uY29udHJpYi5hdXRoLmJhY2tlbmRzLk1vZGVsQmFja2VuZCIsIl9hdXRoX3VzZXJfaGFzaCI6Ijk3OWNhMGU1NTI0OTI4NmY3YzJlNzlhZTY1MGJmZTk3OGQwMDVhNDYifQ==', '2020-05-20 06:48:58'),
('i1cgqn5mq4l94kpt6ak9gdtw9kp19yq7', 'NzQ0NjQxNDc3YTc0M2NiZThhMWQwNmU2MTU2NjkxODIyNTY5MjQ5Yzp7Il9hdXRoX3VzZXJfaWQiOiIzMSIsIl9hdXRoX3VzZXJfYmFja2VuZCI6ImRqYW5nby5jb250cmliLmF1dGguYmFja2VuZHMuTW9kZWxCYWNrZW5kIiwiX2F1dGhfdXNlcl9oYXNoIjoiYzlhNmQzMGZlMmQyNDYyYjAzNDc4Y2JiNmM4ZGUzYTc3Y2MyOTQ5MCJ9', '2019-04-11 15:17:43'),
('i8cwwsxm7fzg65qkhbnud7f21b1yixqi', 'OGUwMDk5NzJhYThlODQ5Y2UyYzdjNDk1MTJmMTNiNmYzZGQ0NWUxNDp7Il9hdXRoX3VzZXJfaWQiOiIzMSIsIl9hdXRoX3VzZXJfYmFja2VuZCI6ImRqYW5nby5jb250cmliLmF1dGguYmFja2VuZHMuTW9kZWxCYWNrZW5kIiwiX2F1dGhfdXNlcl9oYXNoIjoiM2UxOTQ4ZWE5NmFkNzk5YmJiMDJiNTUxNThlNWNkOWQyMjI0NThkNCJ9', '2019-10-14 07:11:01'),
('ie79ajjjmv8gnq372ce1hvh402ur7doa', 'OGUwMDk5NzJhYThlODQ5Y2UyYzdjNDk1MTJmMTNiNmYzZGQ0NWUxNDp7Il9hdXRoX3VzZXJfaWQiOiIzMSIsIl9hdXRoX3VzZXJfYmFja2VuZCI6ImRqYW5nby5jb250cmliLmF1dGguYmFja2VuZHMuTW9kZWxCYWNrZW5kIiwiX2F1dGhfdXNlcl9oYXNoIjoiM2UxOTQ4ZWE5NmFkNzk5YmJiMDJiNTUxNThlNWNkOWQyMjI0NThkNCJ9', '2020-05-01 05:52:32'),
('ins05shnccra6lw5bkezj5r9cyo8sncv', 'NzQ0NjQxNDc3YTc0M2NiZThhMWQwNmU2MTU2NjkxODIyNTY5MjQ5Yzp7Il9hdXRoX3VzZXJfaWQiOiIzMSIsIl9hdXRoX3VzZXJfYmFja2VuZCI6ImRqYW5nby5jb250cmliLmF1dGguYmFja2VuZHMuTW9kZWxCYWNrZW5kIiwiX2F1dGhfdXNlcl9oYXNoIjoiYzlhNmQzMGZlMmQyNDYyYjAzNDc4Y2JiNmM4ZGUzYTc3Y2MyOTQ5MCJ9', '2019-04-15 06:52:12'),
('iuqoc7cl24e75lka7mpcri2i844pqymw', 'NzQ0NjQxNDc3YTc0M2NiZThhMWQwNmU2MTU2NjkxODIyNTY5MjQ5Yzp7Il9hdXRoX3VzZXJfaWQiOiIzMSIsIl9hdXRoX3VzZXJfYmFja2VuZCI6ImRqYW5nby5jb250cmliLmF1dGguYmFja2VuZHMuTW9kZWxCYWNrZW5kIiwiX2F1dGhfdXNlcl9oYXNoIjoiYzlhNmQzMGZlMmQyNDYyYjAzNDc4Y2JiNmM4ZGUzYTc3Y2MyOTQ5MCJ9', '2019-04-10 11:53:13'),
('j5t9ag370p15k7uh5fnpl0r6mok7fqjg', 'ZTcwNzYyNjJkODI1YmFjYzVlOWZmNWQ1ODc1MWZkMTM3ZWI3MTZhZjp7Il9hdXRoX3VzZXJfaWQiOiIzMSIsIl9hdXRoX3VzZXJfYmFja2VuZCI6ImRqYW5nby5jb250cmliLmF1dGguYmFja2VuZHMuTW9kZWxCYWNrZW5kIiwiX2F1dGhfdXNlcl9oYXNoIjoiYTgwNjk4MTIwZjIwMzhkMTZmYWE4YWY3Y2ZlNmFkNWQ3MWYyMmM5YyJ9', '2019-08-31 15:07:23'),
('j6qtgwv3nu63hewfuszvy6o45akhre0i', 'OGUwMDk5NzJhYThlODQ5Y2UyYzdjNDk1MTJmMTNiNmYzZGQ0NWUxNDp7Il9hdXRoX3VzZXJfaWQiOiIzMSIsIl9hdXRoX3VzZXJfYmFja2VuZCI6ImRqYW5nby5jb250cmliLmF1dGguYmFja2VuZHMuTW9kZWxCYWNrZW5kIiwiX2F1dGhfdXNlcl9oYXNoIjoiM2UxOTQ4ZWE5NmFkNzk5YmJiMDJiNTUxNThlNWNkOWQyMjI0NThkNCJ9', '2020-04-16 12:08:26'),
('j6rvp3941j1fr5b7f8j0aczv87stllxs', 'OGUwMDk5NzJhYThlODQ5Y2UyYzdjNDk1MTJmMTNiNmYzZGQ0NWUxNDp7Il9hdXRoX3VzZXJfaWQiOiIzMSIsIl9hdXRoX3VzZXJfYmFja2VuZCI6ImRqYW5nby5jb250cmliLmF1dGguYmFja2VuZHMuTW9kZWxCYWNrZW5kIiwiX2F1dGhfdXNlcl9oYXNoIjoiM2UxOTQ4ZWE5NmFkNzk5YmJiMDJiNTUxNThlNWNkOWQyMjI0NThkNCJ9', '2020-05-11 14:29:00'),
('jcfi7jwb8638mk4puq4i3hsqiai8xscp', 'OGUwMDk5NzJhYThlODQ5Y2UyYzdjNDk1MTJmMTNiNmYzZGQ0NWUxNDp7Il9hdXRoX3VzZXJfaWQiOiIzMSIsIl9hdXRoX3VzZXJfYmFja2VuZCI6ImRqYW5nby5jb250cmliLmF1dGguYmFja2VuZHMuTW9kZWxCYWNrZW5kIiwiX2F1dGhfdXNlcl9oYXNoIjoiM2UxOTQ4ZWE5NmFkNzk5YmJiMDJiNTUxNThlNWNkOWQyMjI0NThkNCJ9', '2020-05-10 08:24:46'),
('jrki127h5wkadd9y1junmz9vus69nzhj', 'NTIyMjk4ZTlkOWQ1MDE4YjZlY2VhZGRkNTFiNzgwYzRjMjQ4MDUyMzp7Il9hdXRoX3VzZXJfaWQiOiIxIiwiX2F1dGhfdXNlcl9iYWNrZW5kIjoiZGphbmdvLmNvbnRyaWIuYXV0aC5iYWNrZW5kcy5Nb2RlbEJhY2tlbmQiLCJfYXV0aF91c2VyX2hhc2giOiIxY2U4MmUzZTFkM2E5MzE3M2EzOTgzZWM2Mjg2M2E3MDhlNmFhODg5In0=', '2018-08-16 15:43:30'),
('k824xg73aibvarky2po66vwtjz2n36o1', 'ZmE4NjgxYjlmNjFkOGJmM2IxMTRmNjVmNjc3MDI5MTVjMjRiZjhjNjp7Il9hdXRoX3VzZXJfaWQiOiIzOCIsIl9hdXRoX3VzZXJfYmFja2VuZCI6ImRqYW5nby5jb250cmliLmF1dGguYmFja2VuZHMuTW9kZWxCYWNrZW5kIiwiX2F1dGhfdXNlcl9oYXNoIjoiOWVmNDM2ZGYyYjEzNTc1ZjdhNzYwMWJiZGZmNmM3Y2FlOTE0MDU3ZSJ9', '2019-06-22 03:46:25'),
('kc2i1yq6hpkzhid0e52x26epqeisqzdk', 'YjAxNWI4ZTY0ZDdlMjBmZjg5OGVhNjNmNDdlODhkOWMwOWNkZDk2Mjp7Il9hdXRoX3VzZXJfaWQiOiIzOCIsIl9hdXRoX3VzZXJfYmFja2VuZCI6ImRqYW5nby5jb250cmliLmF1dGguYmFja2VuZHMuTW9kZWxCYWNrZW5kIiwiX2F1dGhfdXNlcl9oYXNoIjoiMmZjYzZjY2E2ZDIxNGMzMTI4MTllZWE1ODA3YTg2NzgzZDcwYzgyMiJ9', '2019-09-30 14:25:52'),
('kg5tyg24uwmw77jiymj6wjf43jlfgms7', 'NDBiODBkZDhmNzZkZTVjM2RhZDE4NDQwYTYwYjk3OTQ5YWI2NDUzMjp7Il9hdXRoX3VzZXJfaWQiOiIzMSIsIl9hdXRoX3VzZXJfYmFja2VuZCI6ImRqYW5nby5jb250cmliLmF1dGguYmFja2VuZHMuTW9kZWxCYWNrZW5kIiwiX2F1dGhfdXNlcl9oYXNoIjoiZWE5NjM1MTg5ODRjMzc3MDIxN2NmNTk3MTg0Nzc2ZjVlNWJlNzdjZSJ9', '2018-10-19 13:40:54'),
('khh3rqpfii3f5mucxwk6ithez1gzh75s', 'NzJiMzk4MTA2M2I3ZjEwYTk3OGY2NzYyNzIwNmU0OWI5OGRhYjEzMzp7Il9hdXRoX3VzZXJfaWQiOiIxIiwiX2F1dGhfdXNlcl9iYWNrZW5kIjoiZGphbmdvLmNvbnRyaWIuYXV0aC5iYWNrZW5kcy5Nb2RlbEJhY2tlbmQiLCJfYXV0aF91c2VyX2hhc2giOiI3OTUyNjM5NTU4MGZhMjcxMGY2NWE5OTQ4NWNmYWE1ZDhhNTQ5ZDQ5In0=', '2019-06-10 07:12:30'),
('khusl0cpuc87hf77zinbxz11ulb4z345', 'NzgxYWQyYzA4YWMxZTljNDZlZDVhZTM2OTFmNTZhZmFjYmE2M2Q4ZDp7fQ==', '2019-03-22 13:31:23'),
('knpvr28lz6xlc2f04jviysjrm4s2wv5v', 'ZjNmOTcxZWQ4OWE3NDAwM2ZiZTZkODVkZDRmYzk0YzEyMmU5ZTVmMDp7Il9hdXRoX3VzZXJfaWQiOiIxNTUiLCJfYXV0aF91c2VyX2JhY2tlbmQiOiJkamFuZ28uY29udHJpYi5hdXRoLmJhY2tlbmRzLk1vZGVsQmFja2VuZCIsIl9hdXRoX3VzZXJfaGFzaCI6ImE4ODY3NjJlY2I1M2JhOWE1ZmRjOGU0N2Q2YmM3MTNjYzBhZTQ1NWUifQ==', '2019-11-18 06:07:55'),
('kqb7jc4kictajfpe04l410jwawi4pyyz', 'MDFkYjMyNDU0OWUwNmI3NTI0ZTlhNjM5ZDkzNjU5NjFiNzQyY2I4Mjp7Il9hdXRoX3VzZXJfaWQiOiIxIiwiX2F1dGhfdXNlcl9iYWNrZW5kIjoiZGphbmdvLmNvbnRyaWIuYXV0aC5iYWNrZW5kcy5Nb2RlbEJhY2tlbmQiLCJfYXV0aF91c2VyX2hhc2giOiJhMzI0YmQ0MjBiODFhM2IzZjFjNDMwZGI1ODAyOTYzOTg5MGE0MmIxIn0=', '2018-10-15 14:20:24'),
('kt3f8r4tu9uwue1xtc5linozqg1nmi7y', 'ZjViZTE5ZjgwY2Y3YjZhNzY0YzMyNDQ1OTQ0MzVkNmJjYWUwZWNhOTp7Il9hdXRoX3VzZXJfaWQiOiI5NyIsIl9hdXRoX3VzZXJfYmFja2VuZCI6ImRqYW5nby5jb250cmliLmF1dGguYmFja2VuZHMuTW9kZWxCYWNrZW5kIiwiX2F1dGhfdXNlcl9oYXNoIjoiM2Y1MmU2NzI3MDI5MDVlN2ZhMWEzNGNjOTdkYzQ1OGJmYmRiZDgzYiJ9', '2019-09-24 09:43:09'),
('kt64yd9vjdovtdggr6pdq67biqf4fem3', 'NDk0ZmZiM2I2NTc3ZmRmZGQ4ZjNiOTkyZGNhN2ZlYTY1ODdlMDY0Mzp7Il9hdXRoX3VzZXJfaWQiOiIxMzUiLCJfYXV0aF91c2VyX2JhY2tlbmQiOiJkamFuZ28uY29udHJpYi5hdXRoLmJhY2tlbmRzLk1vZGVsQmFja2VuZCIsIl9hdXRoX3VzZXJfaGFzaCI6IjU0YzFmYTlhMzJlZmUzYjNiYmNlMWQ0N2UyNTgxZGYwN2ZlMzQ5ZWUifQ==', '2019-08-30 06:15:16'),
('l8vogzyy61ae6bk0lno9lr22aadbqqe0', 'M2U1Zjc4OTVjMGVjODlmY2FlMGZkZWFmZTkyOWRjNmU5NzJhMjI3Mzp7Il9hdXRoX3VzZXJfaWQiOiI5NyIsIl9hdXRoX3VzZXJfYmFja2VuZCI6ImRqYW5nby5jb250cmliLmF1dGguYmFja2VuZHMuTW9kZWxCYWNrZW5kIiwiX2F1dGhfdXNlcl9oYXNoIjoiZTlkYmQ0MzY3NzdlZGRhYjFhNGYzN2VmMTJhYTYyMmE1MmU1YzQ1MyJ9', '2019-05-01 11:28:27'),
('lcebgaylreefkyvvg1i0r5gd7fggird3', 'ZmE4NjgxYjlmNjFkOGJmM2IxMTRmNjVmNjc3MDI5MTVjMjRiZjhjNjp7Il9hdXRoX3VzZXJfaWQiOiIzOCIsIl9hdXRoX3VzZXJfYmFja2VuZCI6ImRqYW5nby5jb250cmliLmF1dGguYmFja2VuZHMuTW9kZWxCYWNrZW5kIiwiX2F1dGhfdXNlcl9oYXNoIjoiOWVmNDM2ZGYyYjEzNTc1ZjdhNzYwMWJiZGZmNmM3Y2FlOTE0MDU3ZSJ9', '2019-06-22 03:38:34'),
('lgibnw0m21f9826tx8rdx0sai970ry6f', 'NzQ0NjQxNDc3YTc0M2NiZThhMWQwNmU2MTU2NjkxODIyNTY5MjQ5Yzp7Il9hdXRoX3VzZXJfaWQiOiIzMSIsIl9hdXRoX3VzZXJfYmFja2VuZCI6ImRqYW5nby5jb250cmliLmF1dGguYmFja2VuZHMuTW9kZWxCYWNrZW5kIiwiX2F1dGhfdXNlcl9oYXNoIjoiYzlhNmQzMGZlMmQyNDYyYjAzNDc4Y2JiNmM4ZGUzYTc3Y2MyOTQ5MCJ9', '2019-03-28 09:04:05'),
('lmx86hufvd6m4u9vv4dnuy87dl8z4074', 'ZTcwNzYyNjJkODI1YmFjYzVlOWZmNWQ1ODc1MWZkMTM3ZWI3MTZhZjp7Il9hdXRoX3VzZXJfaWQiOiIzMSIsIl9hdXRoX3VzZXJfYmFja2VuZCI6ImRqYW5nby5jb250cmliLmF1dGguYmFja2VuZHMuTW9kZWxCYWNrZW5kIiwiX2F1dGhfdXNlcl9oYXNoIjoiYTgwNjk4MTIwZjIwMzhkMTZmYWE4YWY3Y2ZlNmFkNWQ3MWYyMmM5YyJ9', '2019-09-10 15:00:59'),
('m4firtsq5djtiznvnk4d2pzu3ef46gq4', 'NDBiODBkZDhmNzZkZTVjM2RhZDE4NDQwYTYwYjk3OTQ5YWI2NDUzMjp7Il9hdXRoX3VzZXJfaWQiOiIzMSIsIl9hdXRoX3VzZXJfYmFja2VuZCI6ImRqYW5nby5jb250cmliLmF1dGguYmFja2VuZHMuTW9kZWxCYWNrZW5kIiwiX2F1dGhfdXNlcl9oYXNoIjoiZWE5NjM1MTg5ODRjMzc3MDIxN2NmNTk3MTg0Nzc2ZjVlNWJlNzdjZSJ9', '2018-10-19 14:07:58'),
('mfprkdvwzgpzx6otp71ne2nym1m6f5rp', 'OGUwMDk5NzJhYThlODQ5Y2UyYzdjNDk1MTJmMTNiNmYzZGQ0NWUxNDp7Il9hdXRoX3VzZXJfaWQiOiIzMSIsIl9hdXRoX3VzZXJfYmFja2VuZCI6ImRqYW5nby5jb250cmliLmF1dGguYmFja2VuZHMuTW9kZWxCYWNrZW5kIiwiX2F1dGhfdXNlcl9oYXNoIjoiM2UxOTQ4ZWE5NmFkNzk5YmJiMDJiNTUxNThlNWNkOWQyMjI0NThkNCJ9', '2019-10-24 14:34:10'),
('mszjf032mc6j8244la3xam68fp8ivw9n', 'OGUwMDk5NzJhYThlODQ5Y2UyYzdjNDk1MTJmMTNiNmYzZGQ0NWUxNDp7Il9hdXRoX3VzZXJfaWQiOiIzMSIsIl9hdXRoX3VzZXJfYmFja2VuZCI6ImRqYW5nby5jb250cmliLmF1dGguYmFja2VuZHMuTW9kZWxCYWNrZW5kIiwiX2F1dGhfdXNlcl9oYXNoIjoiM2UxOTQ4ZWE5NmFkNzk5YmJiMDJiNTUxNThlNWNkOWQyMjI0NThkNCJ9', '2020-05-25 11:13:25'),
('mzut5nc8sbtbjsk3i9zcdmlgmgg1bm25', 'OGUwMDk5NzJhYThlODQ5Y2UyYzdjNDk1MTJmMTNiNmYzZGQ0NWUxNDp7Il9hdXRoX3VzZXJfaWQiOiIzMSIsIl9hdXRoX3VzZXJfYmFja2VuZCI6ImRqYW5nby5jb250cmliLmF1dGguYmFja2VuZHMuTW9kZWxCYWNrZW5kIiwiX2F1dGhfdXNlcl9oYXNoIjoiM2UxOTQ4ZWE5NmFkNzk5YmJiMDJiNTUxNThlNWNkOWQyMjI0NThkNCJ9', '2020-04-16 12:02:49'),
('n1pwox7efu5d86ls4eg9lk1si7esrgio', 'ZTcwNzYyNjJkODI1YmFjYzVlOWZmNWQ1ODc1MWZkMTM3ZWI3MTZhZjp7Il9hdXRoX3VzZXJfaWQiOiIzMSIsIl9hdXRoX3VzZXJfYmFja2VuZCI6ImRqYW5nby5jb250cmliLmF1dGguYmFja2VuZHMuTW9kZWxCYWNrZW5kIiwiX2F1dGhfdXNlcl9oYXNoIjoiYTgwNjk4MTIwZjIwMzhkMTZmYWE4YWY3Y2ZlNmFkNWQ3MWYyMmM5YyJ9', '2019-08-27 11:08:15'),
('n8sxgcd6ak4zghqkqb5b0rye0ezgo5q8', 'NzQ0NjQxNDc3YTc0M2NiZThhMWQwNmU2MTU2NjkxODIyNTY5MjQ5Yzp7Il9hdXRoX3VzZXJfaWQiOiIzMSIsIl9hdXRoX3VzZXJfYmFja2VuZCI6ImRqYW5nby5jb250cmliLmF1dGguYmFja2VuZHMuTW9kZWxCYWNrZW5kIiwiX2F1dGhfdXNlcl9oYXNoIjoiYzlhNmQzMGZlMmQyNDYyYjAzNDc4Y2JiNmM4ZGUzYTc3Y2MyOTQ5MCJ9', '2019-04-19 07:26:03'),
('nbvchpxudqycguy14w2vyaoyl1yz0iuo', 'OGUwMDk5NzJhYThlODQ5Y2UyYzdjNDk1MTJmMTNiNmYzZGQ0NWUxNDp7Il9hdXRoX3VzZXJfaWQiOiIzMSIsIl9hdXRoX3VzZXJfYmFja2VuZCI6ImRqYW5nby5jb250cmliLmF1dGguYmFja2VuZHMuTW9kZWxCYWNrZW5kIiwiX2F1dGhfdXNlcl9oYXNoIjoiM2UxOTQ4ZWE5NmFkNzk5YmJiMDJiNTUxNThlNWNkOWQyMjI0NThkNCJ9', '2019-10-23 13:52:56'),
('nlvg0d3mb7u94qd1igntzdct6ede52s1', 'YzUwYjhlMGYzMDU5MzU4NGU4MWUyNDEwMDFmMGQ5MjY4MGViZTJmOTp7Il9hdXRoX3VzZXJfaWQiOiIzMSIsIl9hdXRoX3VzZXJfYmFja2VuZCI6ImRqYW5nby5jb250cmliLmF1dGguYmFja2VuZHMuTW9kZWxCYWNrZW5kIiwiX2F1dGhfdXNlcl9oYXNoIjoiM2Y1MmU2NzI3MDI5MDVlN2ZhMWEzNGNjOTdkYzQ1OGJmYmRiZDgzYiJ9', '2019-06-07 15:02:09'),
('nu8x11fmfc9z3ti4368tfr3hy496hcgm', 'YzUwYjhlMGYzMDU5MzU4NGU4MWUyNDEwMDFmMGQ5MjY4MGViZTJmOTp7Il9hdXRoX3VzZXJfaWQiOiIzMSIsIl9hdXRoX3VzZXJfYmFja2VuZCI6ImRqYW5nby5jb250cmliLmF1dGguYmFja2VuZHMuTW9kZWxCYWNrZW5kIiwiX2F1dGhfdXNlcl9oYXNoIjoiM2Y1MmU2NzI3MDI5MDVlN2ZhMWEzNGNjOTdkYzQ1OGJmYmRiZDgzYiJ9', '2019-06-24 07:19:44'),
('nv28th1p93baphzjqhy9tamhlilsijof', 'MDFkYjMyNDU0OWUwNmI3NTI0ZTlhNjM5ZDkzNjU5NjFiNzQyY2I4Mjp7Il9hdXRoX3VzZXJfaWQiOiIxIiwiX2F1dGhfdXNlcl9iYWNrZW5kIjoiZGphbmdvLmNvbnRyaWIuYXV0aC5iYWNrZW5kcy5Nb2RlbEJhY2tlbmQiLCJfYXV0aF91c2VyX2hhc2giOiJhMzI0YmQ0MjBiODFhM2IzZjFjNDMwZGI1ODAyOTYzOTg5MGE0MmIxIn0=', '2018-12-20 09:58:54'),
('o7gmhoy0r0dw0z5kyjpfsyaxl8deeag5', 'MTdlNjc2OWFiYmE4YTVlNGQ2NmQ4YjU0MmU2ODA5MzM5MGI0YjMzNjp7Il9hdXRoX3VzZXJfaWQiOiI4OCIsIl9hdXRoX3VzZXJfYmFja2VuZCI6ImRqYW5nby5jb250cmliLmF1dGguYmFja2VuZHMuTW9kZWxCYWNrZW5kIiwiX2F1dGhfdXNlcl9oYXNoIjoiYjg1OTMwNGVjNTQ1NjNhNTlmNzhkODRkNzZlMmEwZDAyN2RjNGZiZCJ9', '2019-04-22 12:51:28'),
('ofzorjwo8rzqhfmozmpqmqe1l1qfyiov', 'YTlkN2JlZWZlMmMyMDZlNzU3YjY3NTQyOWYxY2U3ZjNjNTZjODk5ZDp7Il9hdXRoX3VzZXJfaWQiOiIxNjAiLCJfYXV0aF91c2VyX2JhY2tlbmQiOiJkamFuZ28uY29udHJpYi5hdXRoLmJhY2tlbmRzLk1vZGVsQmFja2VuZCIsIl9hdXRoX3VzZXJfaGFzaCI6IjI1MDJmM2Y0YWRiMjI1ZTE1YzNjN2U0YTQzY2E0NTNjNTUxMWExNWUifQ==', '2020-05-13 05:42:26'),
('oj1pel6rz18o8xnex7ca2jnuwh80kwsm', 'YjczYjlhNDE1ZjcyYzc5MmNmNTg4OTU3MWM0ZWMyZWY0YTYyMzBmMTp7Il9hdXRoX3VzZXJfaWQiOiIzMSIsIl9hdXRoX3VzZXJfYmFja2VuZCI6ImRqYW5nby5jb250cmliLmF1dGguYmFja2VuZHMuTW9kZWxCYWNrZW5kIiwiX2F1dGhfdXNlcl9oYXNoIjoiMjIxZWMzYzVjMDg0MDU1MjE4Y2QwMmFiY2MyMTc1ODJiNDQ0OTY4MSJ9', '2019-03-21 13:54:13'),
('oktq6f5tc7yo6gecjf7a169yzhvh68ur', 'NTA3MjhiY2QyYTMzYzNjZjViOGQzODAyN2JlNDAxMWQyMjZiZGQwMTp7Il9hdXRoX3VzZXJfaWQiOiIxIiwiX2F1dGhfdXNlcl9iYWNrZW5kIjoiZGphbmdvLmNvbnRyaWIuYXV0aC5iYWNrZW5kcy5Nb2RlbEJhY2tlbmQiLCJfYXV0aF91c2VyX2hhc2giOiIyNGM2NmQ1MjcyZDM5YzRjNGI2NTc5NzBlNDU5NjFkNjQ2OWFiMTllIn0=', '2019-01-23 11:40:33'),
('oxzfn2chcd7mothg0nht77dwlce5frq4', 'NzgxYWQyYzA4YWMxZTljNDZlZDVhZTM2OTFmNTZhZmFjYmE2M2Q4ZDp7fQ==', '2019-03-22 13:31:42'),
('ozojvgan8dc166pv1cntn4zo7yalnjha', 'NzQ0NjQxNDc3YTc0M2NiZThhMWQwNmU2MTU2NjkxODIyNTY5MjQ5Yzp7Il9hdXRoX3VzZXJfaWQiOiIzMSIsIl9hdXRoX3VzZXJfYmFja2VuZCI6ImRqYW5nby5jb250cmliLmF1dGguYmFja2VuZHMuTW9kZWxCYWNrZW5kIiwiX2F1dGhfdXNlcl9oYXNoIjoiYzlhNmQzMGZlMmQyNDYyYjAzNDc4Y2JiNmM4ZGUzYTc3Y2MyOTQ5MCJ9', '2019-04-11 15:09:50'),
('p4ljjuvobiipyuxakgu2qx3ywp4fpe1c', 'OGUwMDk5NzJhYThlODQ5Y2UyYzdjNDk1MTJmMTNiNmYzZGQ0NWUxNDp7Il9hdXRoX3VzZXJfaWQiOiIzMSIsIl9hdXRoX3VzZXJfYmFja2VuZCI6ImRqYW5nby5jb250cmliLmF1dGguYmFja2VuZHMuTW9kZWxCYWNrZW5kIiwiX2F1dGhfdXNlcl9oYXNoIjoiM2UxOTQ4ZWE5NmFkNzk5YmJiMDJiNTUxNThlNWNkOWQyMjI0NThkNCJ9', '2020-05-12 12:47:52'),
('pmlvrqn138tl4yej5sszpxallza71kro', 'ZTcwNzYyNjJkODI1YmFjYzVlOWZmNWQ1ODc1MWZkMTM3ZWI3MTZhZjp7Il9hdXRoX3VzZXJfaWQiOiIzMSIsIl9hdXRoX3VzZXJfYmFja2VuZCI6ImRqYW5nby5jb250cmliLmF1dGguYmFja2VuZHMuTW9kZWxCYWNrZW5kIiwiX2F1dGhfdXNlcl9oYXNoIjoiYTgwNjk4MTIwZjIwMzhkMTZmYWE4YWY3Y2ZlNmFkNWQ3MWYyMmM5YyJ9', '2019-08-30 10:03:32'),
('pmmzd4wb5riuv0n786f4g2fvelgt78d1', 'NzJiMzk4MTA2M2I3ZjEwYTk3OGY2NzYyNzIwNmU0OWI5OGRhYjEzMzp7Il9hdXRoX3VzZXJfaWQiOiIxIiwiX2F1dGhfdXNlcl9iYWNrZW5kIjoiZGphbmdvLmNvbnRyaWIuYXV0aC5iYWNrZW5kcy5Nb2RlbEJhY2tlbmQiLCJfYXV0aF91c2VyX2hhc2giOiI3OTUyNjM5NTU4MGZhMjcxMGY2NWE5OTQ4NWNmYWE1ZDhhNTQ5ZDQ5In0=', '2019-07-05 07:15:08'),
('pqjgpqsfas91ghnd1z76ltmsv1l30frp', 'YjczYjlhNDE1ZjcyYzc5MmNmNTg4OTU3MWM0ZWMyZWY0YTYyMzBmMTp7Il9hdXRoX3VzZXJfaWQiOiIzMSIsIl9hdXRoX3VzZXJfYmFja2VuZCI6ImRqYW5nby5jb250cmliLmF1dGguYmFja2VuZHMuTW9kZWxCYWNrZW5kIiwiX2F1dGhfdXNlcl9oYXNoIjoiMjIxZWMzYzVjMDg0MDU1MjE4Y2QwMmFiY2MyMTc1ODJiNDQ0OTY4MSJ9', '2019-03-07 07:02:42'),
('py2kdf7mpvjb4rirev8fwxds6x5lm7fl', 'OGUwMDk5NzJhYThlODQ5Y2UyYzdjNDk1MTJmMTNiNmYzZGQ0NWUxNDp7Il9hdXRoX3VzZXJfaWQiOiIzMSIsIl9hdXRoX3VzZXJfYmFja2VuZCI6ImRqYW5nby5jb250cmliLmF1dGguYmFja2VuZHMuTW9kZWxCYWNrZW5kIiwiX2F1dGhfdXNlcl9oYXNoIjoiM2UxOTQ4ZWE5NmFkNzk5YmJiMDJiNTUxNThlNWNkOWQyMjI0NThkNCJ9', '2020-05-25 13:41:24'),
('q2qi8m94jqx3xpbmsfb4stfw7glyzba2', 'YzUwYjhlMGYzMDU5MzU4NGU4MWUyNDEwMDFmMGQ5MjY4MGViZTJmOTp7Il9hdXRoX3VzZXJfaWQiOiIzMSIsIl9hdXRoX3VzZXJfYmFja2VuZCI6ImRqYW5nby5jb250cmliLmF1dGguYmFja2VuZHMuTW9kZWxCYWNrZW5kIiwiX2F1dGhfdXNlcl9oYXNoIjoiM2Y1MmU2NzI3MDI5MDVlN2ZhMWEzNGNjOTdkYzQ1OGJmYmRiZDgzYiJ9', '2019-08-02 11:32:50'),
('q92cepvwhp7nuxhnc4tdqngaz1u2k6kj', 'MDFkYjMyNDU0OWUwNmI3NTI0ZTlhNjM5ZDkzNjU5NjFiNzQyY2I4Mjp7Il9hdXRoX3VzZXJfaWQiOiIxIiwiX2F1dGhfdXNlcl9iYWNrZW5kIjoiZGphbmdvLmNvbnRyaWIuYXV0aC5iYWNrZW5kcy5Nb2RlbEJhY2tlbmQiLCJfYXV0aF91c2VyX2hhc2giOiJhMzI0YmQ0MjBiODFhM2IzZjFjNDMwZGI1ODAyOTYzOTg5MGE0MmIxIn0=', '2018-11-09 15:13:25'),
('qt5rww8ugopydkcb3qnf12b3yx6pxbu7', 'YjczYjlhNDE1ZjcyYzc5MmNmNTg4OTU3MWM0ZWMyZWY0YTYyMzBmMTp7Il9hdXRoX3VzZXJfaWQiOiIzMSIsIl9hdXRoX3VzZXJfYmFja2VuZCI6ImRqYW5nby5jb250cmliLmF1dGguYmFja2VuZHMuTW9kZWxCYWNrZW5kIiwiX2F1dGhfdXNlcl9oYXNoIjoiMjIxZWMzYzVjMDg0MDU1MjE4Y2QwMmFiY2MyMTc1ODJiNDQ0OTY4MSJ9', '2019-02-26 10:31:56'),
('r36bfz78bm6v6b6e944jgpun49zbfsnk', 'YTlkN2JlZWZlMmMyMDZlNzU3YjY3NTQyOWYxY2U3ZjNjNTZjODk5ZDp7Il9hdXRoX3VzZXJfaWQiOiIxNjAiLCJfYXV0aF91c2VyX2JhY2tlbmQiOiJkamFuZ28uY29udHJpYi5hdXRoLmJhY2tlbmRzLk1vZGVsQmFja2VuZCIsIl9hdXRoX3VzZXJfaGFzaCI6IjI1MDJmM2Y0YWRiMjI1ZTE1YzNjN2U0YTQzY2E0NTNjNTUxMWExNWUifQ==', '2020-05-12 07:12:46'),
('r7pgvk4sgg70dq36cjzk87caccldf0vz', 'OGUwMDk5NzJhYThlODQ5Y2UyYzdjNDk1MTJmMTNiNmYzZGQ0NWUxNDp7Il9hdXRoX3VzZXJfaWQiOiIzMSIsIl9hdXRoX3VzZXJfYmFja2VuZCI6ImRqYW5nby5jb250cmliLmF1dGguYmFja2VuZHMuTW9kZWxCYWNrZW5kIiwiX2F1dGhfdXNlcl9oYXNoIjoiM2UxOTQ4ZWE5NmFkNzk5YmJiMDJiNTUxNThlNWNkOWQyMjI0NThkNCJ9', '2020-03-23 17:18:39'),
('ra6fcmh44zmjsa1miz21bhnhtqrs6nbh', 'NzQ0NjQxNDc3YTc0M2NiZThhMWQwNmU2MTU2NjkxODIyNTY5MjQ5Yzp7Il9hdXRoX3VzZXJfaWQiOiIzMSIsIl9hdXRoX3VzZXJfYmFja2VuZCI6ImRqYW5nby5jb250cmliLmF1dGguYmFja2VuZHMuTW9kZWxCYWNrZW5kIiwiX2F1dGhfdXNlcl9oYXNoIjoiYzlhNmQzMGZlMmQyNDYyYjAzNDc4Y2JiNmM4ZGUzYTc3Y2MyOTQ5MCJ9', '2019-04-09 06:52:25'),
('rbsym2z731723y00toq4fz8j2ukorjvp', 'NTIyMjk4ZTlkOWQ1MDE4YjZlY2VhZGRkNTFiNzgwYzRjMjQ4MDUyMzp7Il9hdXRoX3VzZXJfaWQiOiIxIiwiX2F1dGhfdXNlcl9iYWNrZW5kIjoiZGphbmdvLmNvbnRyaWIuYXV0aC5iYWNrZW5kcy5Nb2RlbEJhY2tlbmQiLCJfYXV0aF91c2VyX2hhc2giOiIxY2U4MmUzZTFkM2E5MzE3M2EzOTgzZWM2Mjg2M2E3MDhlNmFhODg5In0=', '2018-10-03 14:48:08'),
('remiavj8to1ls3x23diaq4iovbl2ze5n', 'YWVkYTRkZDIzZDkwODE3OWEwM2E3ZTg5MjBmNmYxZTYxZDRkN2U1Yjp7Il9hdXRoX3VzZXJfaWQiOiIxNDYiLCJfYXV0aF91c2VyX2JhY2tlbmQiOiJkamFuZ28uY29udHJpYi5hdXRoLmJhY2tlbmRzLk1vZGVsQmFja2VuZCIsIl9hdXRoX3VzZXJfaGFzaCI6ImQ0M2M5YmJjMDcyNDNiZmU5NzA0NzIwM2EzMDY1OTFhMDM2ZmJhMjUifQ==', '2019-09-18 11:14:37'),
('rf4ddv1b4q391q96k9ztrvj39ltc99ej', 'ZDJlNmJhYWU3OThlZjg2ZGY5ZWJlOTQwMzZlZGZlOGIxMmQwNTBiZjp7Il9hdXRoX3VzZXJfaWQiOiIzOCIsIl9hdXRoX3VzZXJfYmFja2VuZCI6ImRqYW5nby5jb250cmliLmF1dGguYmFja2VuZHMuTW9kZWxCYWNrZW5kIiwiX2F1dGhfdXNlcl9oYXNoIjoiM2Y1MmU2NzI3MDI5MDVlN2ZhMWEzNGNjOTdkYzQ1OGJmYmRiZDgzYiJ9', '2019-07-17 14:40:46'),
('riuol31fxv8xlwhqiga4ff61uw7zaa9q', 'OGUwMDk5NzJhYThlODQ5Y2UyYzdjNDk1MTJmMTNiNmYzZGQ0NWUxNDp7Il9hdXRoX3VzZXJfaWQiOiIzMSIsIl9hdXRoX3VzZXJfYmFja2VuZCI6ImRqYW5nby5jb250cmliLmF1dGguYmFja2VuZHMuTW9kZWxCYWNrZW5kIiwiX2F1dGhfdXNlcl9oYXNoIjoiM2UxOTQ4ZWE5NmFkNzk5YmJiMDJiNTUxNThlNWNkOWQyMjI0NThkNCJ9', '2020-05-25 16:31:10'),
('rj1n3dhkjow2if5as9zyiekmadcr3wcr', 'ZmE4NjgxYjlmNjFkOGJmM2IxMTRmNjVmNjc3MDI5MTVjMjRiZjhjNjp7Il9hdXRoX3VzZXJfaWQiOiIzOCIsIl9hdXRoX3VzZXJfYmFja2VuZCI6ImRqYW5nby5jb250cmliLmF1dGguYmFja2VuZHMuTW9kZWxCYWNrZW5kIiwiX2F1dGhfdXNlcl9oYXNoIjoiOWVmNDM2ZGYyYjEzNTc1ZjdhNzYwMWJiZGZmNmM3Y2FlOTE0MDU3ZSJ9', '2019-06-25 12:30:48'),
('rp4ijglpovwoixkk010jcfvv4r117f5k', 'ZTcwNzYyNjJkODI1YmFjYzVlOWZmNWQ1ODc1MWZkMTM3ZWI3MTZhZjp7Il9hdXRoX3VzZXJfaWQiOiIzMSIsIl9hdXRoX3VzZXJfYmFja2VuZCI6ImRqYW5nby5jb250cmliLmF1dGguYmFja2VuZHMuTW9kZWxCYWNrZW5kIiwiX2F1dGhfdXNlcl9oYXNoIjoiYTgwNjk4MTIwZjIwMzhkMTZmYWE4YWY3Y2ZlNmFkNWQ3MWYyMmM5YyJ9', '2019-09-20 08:04:51'),
('rt0zo9kvr5tjkgqk0kpzhfvjcqvwfzs1', 'ZTcwNzYyNjJkODI1YmFjYzVlOWZmNWQ1ODc1MWZkMTM3ZWI3MTZhZjp7Il9hdXRoX3VzZXJfaWQiOiIzMSIsIl9hdXRoX3VzZXJfYmFja2VuZCI6ImRqYW5nby5jb250cmliLmF1dGguYmFja2VuZHMuTW9kZWxCYWNrZW5kIiwiX2F1dGhfdXNlcl9oYXNoIjoiYTgwNjk4MTIwZjIwMzhkMTZmYWE4YWY3Y2ZlNmFkNWQ3MWYyMmM5YyJ9', '2019-09-20 08:17:06'),
('rvkzo00ijqt0s8qqxon3q0vshnypsjbl', 'ZjViZTE5ZjgwY2Y3YjZhNzY0YzMyNDQ1OTQ0MzVkNmJjYWUwZWNhOTp7Il9hdXRoX3VzZXJfaWQiOiI5NyIsIl9hdXRoX3VzZXJfYmFja2VuZCI6ImRqYW5nby5jb250cmliLmF1dGguYmFja2VuZHMuTW9kZWxCYWNrZW5kIiwiX2F1dGhfdXNlcl9oYXNoIjoiM2Y1MmU2NzI3MDI5MDVlN2ZhMWEzNGNjOTdkYzQ1OGJmYmRiZDgzYiJ9', '2019-08-09 07:08:18'),
('rx7w6zupjfoerjlpnbyy86fxnk8e52vl', 'OGUwMDk5NzJhYThlODQ5Y2UyYzdjNDk1MTJmMTNiNmYzZGQ0NWUxNDp7Il9hdXRoX3VzZXJfaWQiOiIzMSIsIl9hdXRoX3VzZXJfYmFja2VuZCI6ImRqYW5nby5jb250cmliLmF1dGguYmFja2VuZHMuTW9kZWxCYWNrZW5kIiwiX2F1dGhfdXNlcl9oYXNoIjoiM2UxOTQ4ZWE5NmFkNzk5YmJiMDJiNTUxNThlNWNkOWQyMjI0NThkNCJ9', '2020-05-20 08:07:06'),
('s7tvoy03labamswd7u544tdrl1u9ic8k', 'YTg1ZjViZTg1ODJjOTY3YTI5YjczOWU5OTMzOGU3MDUyOTYxYjY3MTp7Il9hdXRoX3VzZXJfaWQiOiIxNjMiLCJfYXV0aF91c2VyX2JhY2tlbmQiOiJkamFuZ28uY29udHJpYi5hdXRoLmJhY2tlbmRzLk1vZGVsQmFja2VuZCIsIl9hdXRoX3VzZXJfaGFzaCI6Ijk3OWNhMGU1NTI0OTI4NmY3YzJlNzlhZTY1MGJmZTk3OGQwMDVhNDYifQ==', '2020-05-19 14:03:48'),
('sjwyhxg2gjobc57tkvcf01tkyu5ygmvk', 'YzUwYjhlMGYzMDU5MzU4NGU4MWUyNDEwMDFmMGQ5MjY4MGViZTJmOTp7Il9hdXRoX3VzZXJfaWQiOiIzMSIsIl9hdXRoX3VzZXJfYmFja2VuZCI6ImRqYW5nby5jb250cmliLmF1dGguYmFja2VuZHMuTW9kZWxCYWNrZW5kIiwiX2F1dGhfdXNlcl9oYXNoIjoiM2Y1MmU2NzI3MDI5MDVlN2ZhMWEzNGNjOTdkYzQ1OGJmYmRiZDgzYiJ9', '2019-07-16 11:51:58'),
('sn6f5mqj1i1y16xntir7kxwibtw3p28x', 'YjAxNWI4ZTY0ZDdlMjBmZjg5OGVhNjNmNDdlODhkOWMwOWNkZDk2Mjp7Il9hdXRoX3VzZXJfaWQiOiIzOCIsIl9hdXRoX3VzZXJfYmFja2VuZCI6ImRqYW5nby5jb250cmliLmF1dGguYmFja2VuZHMuTW9kZWxCYWNrZW5kIiwiX2F1dGhfdXNlcl9oYXNoIjoiMmZjYzZjY2E2ZDIxNGMzMTI4MTllZWE1ODA3YTg2NzgzZDcwYzgyMiJ9', '2019-08-10 17:14:09'),
('sq3b0t7edtisbsijkt4umgnp5idrw23c', 'NzJiMzk4MTA2M2I3ZjEwYTk3OGY2NzYyNzIwNmU0OWI5OGRhYjEzMzp7Il9hdXRoX3VzZXJfaWQiOiIxIiwiX2F1dGhfdXNlcl9iYWNrZW5kIjoiZGphbmdvLmNvbnRyaWIuYXV0aC5iYWNrZW5kcy5Nb2RlbEJhY2tlbmQiLCJfYXV0aF91c2VyX2hhc2giOiI3OTUyNjM5NTU4MGZhMjcxMGY2NWE5OTQ4NWNmYWE1ZDhhNTQ5ZDQ5In0=', '2019-08-27 13:14:22'),
('tp9f1zk9d01mkdzx9f3cyeuesbuzndif', 'NDBiODBkZDhmNzZkZTVjM2RhZDE4NDQwYTYwYjk3OTQ5YWI2NDUzMjp7Il9hdXRoX3VzZXJfaWQiOiIzMSIsIl9hdXRoX3VzZXJfYmFja2VuZCI6ImRqYW5nby5jb250cmliLmF1dGguYmFja2VuZHMuTW9kZWxCYWNrZW5kIiwiX2F1dGhfdXNlcl9oYXNoIjoiZWE5NjM1MTg5ODRjMzc3MDIxN2NmNTk3MTg0Nzc2ZjVlNWJlNzdjZSJ9', '2018-10-19 14:59:11'),
('tstrtkzu7wqaefxc6hn3d8nw90czpfwn', 'ZmE4NjgxYjlmNjFkOGJmM2IxMTRmNjVmNjc3MDI5MTVjMjRiZjhjNjp7Il9hdXRoX3VzZXJfaWQiOiIzOCIsIl9hdXRoX3VzZXJfYmFja2VuZCI6ImRqYW5nby5jb250cmliLmF1dGguYmFja2VuZHMuTW9kZWxCYWNrZW5kIiwiX2F1dGhfdXNlcl9oYXNoIjoiOWVmNDM2ZGYyYjEzNTc1ZjdhNzYwMWJiZGZmNmM3Y2FlOTE0MDU3ZSJ9', '2019-07-09 21:47:30'),
('tv8i9zvf4d35ffe8spebj7yupnn0jnhg', 'OGUwMDk5NzJhYThlODQ5Y2UyYzdjNDk1MTJmMTNiNmYzZGQ0NWUxNDp7Il9hdXRoX3VzZXJfaWQiOiIzMSIsIl9hdXRoX3VzZXJfYmFja2VuZCI6ImRqYW5nby5jb250cmliLmF1dGguYmFja2VuZHMuTW9kZWxCYWNrZW5kIiwiX2F1dGhfdXNlcl9oYXNoIjoiM2UxOTQ4ZWE5NmFkNzk5YmJiMDJiNTUxNThlNWNkOWQyMjI0NThkNCJ9', '2020-05-14 20:43:52');
INSERT INTO `django_session` (`session_key`, `session_data`, `expire_date`) VALUES
('tw3iikpewdrhxsy3f3t8ex3ven6wrmab', 'NzQ0NjQxNDc3YTc0M2NiZThhMWQwNmU2MTU2NjkxODIyNTY5MjQ5Yzp7Il9hdXRoX3VzZXJfaWQiOiIzMSIsIl9hdXRoX3VzZXJfYmFja2VuZCI6ImRqYW5nby5jb250cmliLmF1dGguYmFja2VuZHMuTW9kZWxCYWNrZW5kIiwiX2F1dGhfdXNlcl9oYXNoIjoiYzlhNmQzMGZlMmQyNDYyYjAzNDc4Y2JiNmM4ZGUzYTc3Y2MyOTQ5MCJ9', '2019-04-09 15:02:24'),
('tzc3tl1u57xj93tww0rlfs9kg9akqiq9', 'NDQ4YjM5YWQ2MTZkNTQxNTBmZmQ3ZmJhOWQ5YmEwOWI5YTc0NjkxMzp7Il9hdXRoX3VzZXJfaGFzaCI6IjBlNmRhNjRkZjRiYjM1Y2Q3NzFjYTE4NGIzODdjMDU3ZDA4OWU5NDEiLCJfYXV0aF91c2VyX2JhY2tlbmQiOiJkamFuZ28uY29udHJpYi5hdXRoLmJhY2tlbmRzLk1vZGVsQmFja2VuZCIsIl9hdXRoX3VzZXJfaWQiOiIxNSJ9', '2018-08-22 07:37:24'),
('ui2jp03xejy3jfed8trvzo3d1jfgu8op', 'YTBiZjRmMGE0MGUwOTY5OTllNWFmYTI0MmZjZTQzZTQzNmZhOTg0OTp7Il9hdXRoX3VzZXJfaWQiOiIxNTYiLCJfYXV0aF91c2VyX2JhY2tlbmQiOiJkamFuZ28uY29udHJpYi5hdXRoLmJhY2tlbmRzLk1vZGVsQmFja2VuZCIsIl9hdXRoX3VzZXJfaGFzaCI6IjNjNGZkNjA1MmUzNDczNTg5MTZiOGQyZTFiZTE3Mzk2ZTFkNzRkOTUifQ==', '2019-11-18 07:40:39'),
('ukkvn47rtbw5kppckhwx78krhcbec9if', 'NzJiMzk4MTA2M2I3ZjEwYTk3OGY2NzYyNzIwNmU0OWI5OGRhYjEzMzp7Il9hdXRoX3VzZXJfaWQiOiIxIiwiX2F1dGhfdXNlcl9iYWNrZW5kIjoiZGphbmdvLmNvbnRyaWIuYXV0aC5iYWNrZW5kcy5Nb2RlbEJhY2tlbmQiLCJfYXV0aF91c2VyX2hhc2giOiI3OTUyNjM5NTU4MGZhMjcxMGY2NWE5OTQ4NWNmYWE1ZDhhNTQ5ZDQ5In0=', '2019-10-23 13:45:54'),
('uopb7ch3tozesbvejpov3bjgzw4z517r', 'NzQ0NjQxNDc3YTc0M2NiZThhMWQwNmU2MTU2NjkxODIyNTY5MjQ5Yzp7Il9hdXRoX3VzZXJfaWQiOiIzMSIsIl9hdXRoX3VzZXJfYmFja2VuZCI6ImRqYW5nby5jb250cmliLmF1dGguYmFja2VuZHMuTW9kZWxCYWNrZW5kIiwiX2F1dGhfdXNlcl9oYXNoIjoiYzlhNmQzMGZlMmQyNDYyYjAzNDc4Y2JiNmM4ZGUzYTc3Y2MyOTQ5MCJ9', '2019-04-10 12:07:39'),
('wh3x217u9zzvq0ltz2p5ha9nj943ehx2', 'ZmE4NjgxYjlmNjFkOGJmM2IxMTRmNjVmNjc3MDI5MTVjMjRiZjhjNjp7Il9hdXRoX3VzZXJfaWQiOiIzOCIsIl9hdXRoX3VzZXJfYmFja2VuZCI6ImRqYW5nby5jb250cmliLmF1dGguYmFja2VuZHMuTW9kZWxCYWNrZW5kIiwiX2F1dGhfdXNlcl9oYXNoIjoiOWVmNDM2ZGYyYjEzNTc1ZjdhNzYwMWJiZGZmNmM3Y2FlOTE0MDU3ZSJ9', '2019-06-22 14:15:24'),
('wq3vm2m59seymkotkwto91reyvapgvpl', 'YzUwYjhlMGYzMDU5MzU4NGU4MWUyNDEwMDFmMGQ5MjY4MGViZTJmOTp7Il9hdXRoX3VzZXJfaWQiOiIzMSIsIl9hdXRoX3VzZXJfYmFja2VuZCI6ImRqYW5nby5jb250cmliLmF1dGguYmFja2VuZHMuTW9kZWxCYWNrZW5kIiwiX2F1dGhfdXNlcl9oYXNoIjoiM2Y1MmU2NzI3MDI5MDVlN2ZhMWEzNGNjOTdkYzQ1OGJmYmRiZDgzYiJ9', '2019-08-02 12:11:34'),
('wqvycak8ovcwi3tfvru9vpz9qo39hrfv', 'ZmE4NjgxYjlmNjFkOGJmM2IxMTRmNjVmNjc3MDI5MTVjMjRiZjhjNjp7Il9hdXRoX3VzZXJfaWQiOiIzOCIsIl9hdXRoX3VzZXJfYmFja2VuZCI6ImRqYW5nby5jb250cmliLmF1dGguYmFja2VuZHMuTW9kZWxCYWNrZW5kIiwiX2F1dGhfdXNlcl9oYXNoIjoiOWVmNDM2ZGYyYjEzNTc1ZjdhNzYwMWJiZGZmNmM3Y2FlOTE0MDU3ZSJ9', '2019-02-26 21:48:42'),
('x051k7j0petao9fis94oizpnl9sg4zma', 'ZjU5MWU3NzMyYjE2MDE4NWM4NjlhY2NmZWNhZmVjNjNkM2Y4N2Y5Yzp7Il9hdXRoX3VzZXJfaWQiOiI5OCIsIl9hdXRoX3VzZXJfYmFja2VuZCI6ImRqYW5nby5jb250cmliLmF1dGguYmFja2VuZHMuTW9kZWxCYWNrZW5kIiwiX2F1dGhfdXNlcl9oYXNoIjoiYmI4NTZkZTczZmNiYmQyODhkOTQyNDYxYTlhZDIxZGY5M2VkOWQ4NiJ9', '2019-06-11 10:06:15'),
('x283hc8dhk2mkhu0d9i6dxlnn4kvs0bw', 'OGUwMDk5NzJhYThlODQ5Y2UyYzdjNDk1MTJmMTNiNmYzZGQ0NWUxNDp7Il9hdXRoX3VzZXJfaWQiOiIzMSIsIl9hdXRoX3VzZXJfYmFja2VuZCI6ImRqYW5nby5jb250cmliLmF1dGguYmFja2VuZHMuTW9kZWxCYWNrZW5kIiwiX2F1dGhfdXNlcl9oYXNoIjoiM2UxOTQ4ZWE5NmFkNzk5YmJiMDJiNTUxNThlNWNkOWQyMjI0NThkNCJ9', '2019-10-28 12:01:56'),
('x9cwnbb4g3xcbu2o8gm9fbzi4tzw2i21', 'OGUwMDk5NzJhYThlODQ5Y2UyYzdjNDk1MTJmMTNiNmYzZGQ0NWUxNDp7Il9hdXRoX3VzZXJfaWQiOiIzMSIsIl9hdXRoX3VzZXJfYmFja2VuZCI6ImRqYW5nby5jb250cmliLmF1dGguYmFja2VuZHMuTW9kZWxCYWNrZW5kIiwiX2F1dGhfdXNlcl9oYXNoIjoiM2UxOTQ4ZWE5NmFkNzk5YmJiMDJiNTUxNThlNWNkOWQyMjI0NThkNCJ9', '2020-05-12 12:47:52'),
('xak26ow5saywzfkpfsgy2j6pdvnna47u', 'NzJiMzk4MTA2M2I3ZjEwYTk3OGY2NzYyNzIwNmU0OWI5OGRhYjEzMzp7Il9hdXRoX3VzZXJfaWQiOiIxIiwiX2F1dGhfdXNlcl9iYWNrZW5kIjoiZGphbmdvLmNvbnRyaWIuYXV0aC5iYWNrZW5kcy5Nb2RlbEJhY2tlbmQiLCJfYXV0aF91c2VyX2hhc2giOiI3OTUyNjM5NTU4MGZhMjcxMGY2NWE5OTQ4NWNmYWE1ZDhhNTQ5ZDQ5In0=', '2020-03-24 19:28:03'),
('xe73xahvq99sceypc8v6n6bogl64rlr8', 'ZTcwNzYyNjJkODI1YmFjYzVlOWZmNWQ1ODc1MWZkMTM3ZWI3MTZhZjp7Il9hdXRoX3VzZXJfaWQiOiIzMSIsIl9hdXRoX3VzZXJfYmFja2VuZCI6ImRqYW5nby5jb250cmliLmF1dGguYmFja2VuZHMuTW9kZWxCYWNrZW5kIiwiX2F1dGhfdXNlcl9oYXNoIjoiYTgwNjk4MTIwZjIwMzhkMTZmYWE4YWY3Y2ZlNmFkNWQ3MWYyMmM5YyJ9', '2019-08-27 10:43:29'),
('xpft8ulr188znhjs3uy6yyal7s897cbq', 'YjczYjlhNDE1ZjcyYzc5MmNmNTg4OTU3MWM0ZWMyZWY0YTYyMzBmMTp7Il9hdXRoX3VzZXJfaWQiOiIzMSIsIl9hdXRoX3VzZXJfYmFja2VuZCI6ImRqYW5nby5jb250cmliLmF1dGguYmFja2VuZHMuTW9kZWxCYWNrZW5kIiwiX2F1dGhfdXNlcl9oYXNoIjoiMjIxZWMzYzVjMDg0MDU1MjE4Y2QwMmFiY2MyMTc1ODJiNDQ0OTY4MSJ9', '2019-02-07 07:07:41'),
('xtr7kpc3btizu41cderczdzp61ob9g6q', 'OGUwMDk5NzJhYThlODQ5Y2UyYzdjNDk1MTJmMTNiNmYzZGQ0NWUxNDp7Il9hdXRoX3VzZXJfaWQiOiIzMSIsIl9hdXRoX3VzZXJfYmFja2VuZCI6ImRqYW5nby5jb250cmliLmF1dGguYmFja2VuZHMuTW9kZWxCYWNrZW5kIiwiX2F1dGhfdXNlcl9oYXNoIjoiM2UxOTQ4ZWE5NmFkNzk5YmJiMDJiNTUxNThlNWNkOWQyMjI0NThkNCJ9', '2019-10-02 08:26:35'),
('y1iosy8lo1fajwue2sjhkkf9rsdm6rk3', 'YzUwYjhlMGYzMDU5MzU4NGU4MWUyNDEwMDFmMGQ5MjY4MGViZTJmOTp7Il9hdXRoX3VzZXJfaWQiOiIzMSIsIl9hdXRoX3VzZXJfYmFja2VuZCI6ImRqYW5nby5jb250cmliLmF1dGguYmFja2VuZHMuTW9kZWxCYWNrZW5kIiwiX2F1dGhfdXNlcl9oYXNoIjoiM2Y1MmU2NzI3MDI5MDVlN2ZhMWEzNGNjOTdkYzQ1OGJmYmRiZDgzYiJ9', '2019-06-24 10:35:47'),
('ydo603ctnxkitadu2znqh12ydulv039q', 'M2U1Zjc4OTVjMGVjODlmY2FlMGZkZWFmZTkyOWRjNmU5NzJhMjI3Mzp7Il9hdXRoX3VzZXJfaWQiOiI5NyIsIl9hdXRoX3VzZXJfYmFja2VuZCI6ImRqYW5nby5jb250cmliLmF1dGguYmFja2VuZHMuTW9kZWxCYWNrZW5kIiwiX2F1dGhfdXNlcl9oYXNoIjoiZTlkYmQ0MzY3NzdlZGRhYjFhNGYzN2VmMTJhYTYyMmE1MmU1YzQ1MyJ9', '2019-04-26 11:47:51'),
('yennllq3cu7fqs0lu5hqov5docurm6qe', 'MTM1ZTYyMDVkNDU2NDk5NGIwZmYzMGJkZWQ4ZjExMTMwMjFjZTBkMDp7Il9hdXRoX3VzZXJfaWQiOiIxMzMiLCJfYXV0aF91c2VyX2JhY2tlbmQiOiJkamFuZ28uY29udHJpYi5hdXRoLmJhY2tlbmRzLk1vZGVsQmFja2VuZCIsIl9hdXRoX3VzZXJfaGFzaCI6ImM0OTBmNWYyMDhhY2IzZDNiY2MyNDkzYWE4ZGQ0MmNjMzMxZDZiZTUifQ==', '2019-08-23 07:28:01'),
('yox0etsbd1n6mh6cm27npfsdi6bvssgp', 'NTIyMjk4ZTlkOWQ1MDE4YjZlY2VhZGRkNTFiNzgwYzRjMjQ4MDUyMzp7Il9hdXRoX3VzZXJfaWQiOiIxIiwiX2F1dGhfdXNlcl9iYWNrZW5kIjoiZGphbmdvLmNvbnRyaWIuYXV0aC5iYWNrZW5kcy5Nb2RlbEJhY2tlbmQiLCJfYXV0aF91c2VyX2hhc2giOiIxY2U4MmUzZTFkM2E5MzE3M2EzOTgzZWM2Mjg2M2E3MDhlNmFhODg5In0=', '2018-08-15 06:47:24'),
('z3uoykx9dy51n0a5fll9j3x2t4k6u9yi', 'M2U1Zjc4OTVjMGVjODlmY2FlMGZkZWFmZTkyOWRjNmU5NzJhMjI3Mzp7Il9hdXRoX3VzZXJfaWQiOiI5NyIsIl9hdXRoX3VzZXJfYmFja2VuZCI6ImRqYW5nby5jb250cmliLmF1dGguYmFja2VuZHMuTW9kZWxCYWNrZW5kIiwiX2F1dGhfdXNlcl9oYXNoIjoiZTlkYmQ0MzY3NzdlZGRhYjFhNGYzN2VmMTJhYTYyMmE1MmU1YzQ1MyJ9', '2019-04-26 11:46:50'),
('z79d998mgvh838gdomd8ceprxkdgn9g5', 'NWQwZDEzNzk5MmM5ZDQwNjk4MWYzNjVmYzk2YjZjZjA1Mzk3NjY1Njp7Il9hdXRoX3VzZXJfaWQiOiIxNjIiLCJfYXV0aF91c2VyX2JhY2tlbmQiOiJkamFuZ28uY29udHJpYi5hdXRoLmJhY2tlbmRzLk1vZGVsQmFja2VuZCIsIl9hdXRoX3VzZXJfaGFzaCI6ImYyOGZmYzNmNjY4ZWUyMjY1ZTZiZDgzMjdmNGI0NjEwZTJhZjAzMDUifQ==', '2020-05-15 06:32:44'),
('z8giseox9mdq89m3sjerhknqpd2fgg74', 'ZWYxNmI5ZTY0MjYyN2NhODlkYTdiODlhZDliMWZhYWU1Y2JhZTc5MDp7Il9hdXRoX3VzZXJfaWQiOiIxMjgiLCJfYXV0aF91c2VyX2JhY2tlbmQiOiJkamFuZ28uY29udHJpYi5hdXRoLmJhY2tlbmRzLk1vZGVsQmFja2VuZCIsIl9hdXRoX3VzZXJfaGFzaCI6IjY4YzZjNDc2NGQyOWRmZTVmYmIxODVhY2U3MjExZWZmYzNjMGMzZDgifQ==', '2019-08-13 18:35:25'),
('za56k196nzmrlehm5mbr65ypqmc1tegi', 'NTIyMjk4ZTlkOWQ1MDE4YjZlY2VhZGRkNTFiNzgwYzRjMjQ4MDUyMzp7Il9hdXRoX3VzZXJfaWQiOiIxIiwiX2F1dGhfdXNlcl9iYWNrZW5kIjoiZGphbmdvLmNvbnRyaWIuYXV0aC5iYWNrZW5kcy5Nb2RlbEJhY2tlbmQiLCJfYXV0aF91c2VyX2hhc2giOiIxY2U4MmUzZTFkM2E5MzE3M2EzOTgzZWM2Mjg2M2E3MDhlNmFhODg5In0=', '2018-08-15 09:39:38'),
('zbd7cc0ruyw6c8ovxa9islk8vbvdqhy6', 'NzQ0NjQxNDc3YTc0M2NiZThhMWQwNmU2MTU2NjkxODIyNTY5MjQ5Yzp7Il9hdXRoX3VzZXJfaWQiOiIzMSIsIl9hdXRoX3VzZXJfYmFja2VuZCI6ImRqYW5nby5jb250cmliLmF1dGguYmFja2VuZHMuTW9kZWxCYWNrZW5kIiwiX2F1dGhfdXNlcl9oYXNoIjoiYzlhNmQzMGZlMmQyNDYyYjAzNDc4Y2JiNmM4ZGUzYTc3Y2MyOTQ5MCJ9', '2019-04-10 12:18:20'),
('zdn4pvrner6d8wkyfciq9oju7oyb1b1l', 'YzUwYjhlMGYzMDU5MzU4NGU4MWUyNDEwMDFmMGQ5MjY4MGViZTJmOTp7Il9hdXRoX3VzZXJfaWQiOiIzMSIsIl9hdXRoX3VzZXJfYmFja2VuZCI6ImRqYW5nby5jb250cmliLmF1dGguYmFja2VuZHMuTW9kZWxCYWNrZW5kIiwiX2F1dGhfdXNlcl9oYXNoIjoiM2Y1MmU2NzI3MDI5MDVlN2ZhMWEzNGNjOTdkYzQ1OGJmYmRiZDgzYiJ9', '2019-07-17 10:31:05'),
('zrkqekl893k35ljtnxl4orhts0v3gquc', 'OGUwMDk5NzJhYThlODQ5Y2UyYzdjNDk1MTJmMTNiNmYzZGQ0NWUxNDp7Il9hdXRoX3VzZXJfaWQiOiIzMSIsIl9hdXRoX3VzZXJfYmFja2VuZCI6ImRqYW5nby5jb250cmliLmF1dGguYmFja2VuZHMuTW9kZWxCYWNrZW5kIiwiX2F1dGhfdXNlcl9oYXNoIjoiM2UxOTQ4ZWE5NmFkNzk5YmJiMDJiNTUxNThlNWNkOWQyMjI0NThkNCJ9', '2020-04-22 10:50:42'),
('zspasbsdh45b5o3fr5qxpjgjdszmxpqx', 'ZmE4NjgxYjlmNjFkOGJmM2IxMTRmNjVmNjc3MDI5MTVjMjRiZjhjNjp7Il9hdXRoX3VzZXJfaWQiOiIzOCIsIl9hdXRoX3VzZXJfYmFja2VuZCI6ImRqYW5nby5jb250cmliLmF1dGguYmFja2VuZHMuTW9kZWxCYWNrZW5kIiwiX2F1dGhfdXNlcl9oYXNoIjoiOWVmNDM2ZGYyYjEzNTc1ZjdhNzYwMWJiZGZmNmM3Y2FlOTE0MDU3ZSJ9', '2019-06-24 17:14:17'),
('zwu4p43hy7frhnuf6y0bhee7hnutee1r', 'ZTcwNzYyNjJkODI1YmFjYzVlOWZmNWQ1ODc1MWZkMTM3ZWI3MTZhZjp7Il9hdXRoX3VzZXJfaWQiOiIzMSIsIl9hdXRoX3VzZXJfYmFja2VuZCI6ImRqYW5nby5jb250cmliLmF1dGguYmFja2VuZHMuTW9kZWxCYWNrZW5kIiwiX2F1dGhfdXNlcl9oYXNoIjoiYTgwNjk4MTIwZjIwMzhkMTZmYWE4YWY3Y2ZlNmFkNWQ3MWYyMmM5YyJ9', '2019-09-10 11:24:11'),
('zy4l3cvc2j50xts50te8aaj87tsi2l5d', 'YzkxNTFkMjFkM2NmNTc2YmMyM2NhM2YyZTg3NzRkYWFhMzYzOGMxMTp7Il9hdXRoX3VzZXJfaWQiOiIxNjUiLCJfYXV0aF91c2VyX2JhY2tlbmQiOiJkamFuZ28uY29udHJpYi5hdXRoLmJhY2tlbmRzLk1vZGVsQmFja2VuZCIsIl9hdXRoX3VzZXJfaGFzaCI6ImU0MGRkOWQyYTZiOTAyZGQ0ZmIyYmIwNDM3NGMzZGI2ZGFiYmExMDQifQ==', '2020-05-26 14:04:43');

-- --------------------------------------------------------

--
-- Table structure for table `fcm_django_fcmdevice`
--

DROP TABLE IF EXISTS `fcm_django_fcmdevice`;
CREATE TABLE `fcm_django_fcmdevice` (
  `id` int(11) NOT NULL,
  `user_id` int(11) DEFAULT NULL,
  `registration_id` longtext NOT NULL,
  `device_id` varchar(150) DEFAULT NULL,
  `type` varchar(10) NOT NULL,
  `name` varchar(255) DEFAULT NULL,
  `active` tinyint(1) NOT NULL,
  `date_created` datetime DEFAULT NULL
) ENGINE=InnoDB DEFAULT CHARSET=utf8;

--
-- Dumping data for table `fcm_django_fcmdevice`
--

INSERT INTO `fcm_django_fcmdevice` (`id`, `user_id`, `registration_id`, `device_id`, `type`, `name`, `active`, `date_created`) VALUES
(6, 146, 'dxcG_k6Jhmk:APA91bFmsN2ixrJk1KIgjFzJ00-i1-SfjXgvVRUNYw-rg0-LNLKJWVkql3OPU7U_CaM4c4s2Ju3FhaKnjEgLWiCszRuT_ItTN_jvUhZwsVrkSQryI6D7J5L8dctYCNy_YaSmtT5rsw0R', 'ABF5D3B4-B7BB-4DCD-8E89-278909E07B5B', 'ios', 'Tuetrip', 1, '2019-09-03 07:51:18'),
(30, 149, 'e039VJQAIR8:APA91bFWfAHMTJ_5JWsU44xBfysibauD0NIFrja8w7Tg25WIiwB7ci8Qc5ZvFBgrZwBb3j6bjUzGsqbOpj96SM4If-HwF308UGzf0wnjeG_SbZopmev_-W5-ravZleUsWcRPJOWPCe0T', 'b90be865f20cf8b7', 'ios', 'Rahul', 1, '2019-09-11 09:44:55'),
(47, 97, 'ezzVYg3O49o:APA91bE1AGNkVwEFTVnFT6RWxMMIh2LC_rBd87_7mBNHyeLpoPamPRwll8JNT5byoNYNtjNTv515q5YTO_HlK9dGsf-cjNjqGI7PJ1Hd0HZEPoTMyf_FVpxjc_f5lMhXxi5j5VSOCnM_', 'b90be865f20cf8b7', 'ios', 'Pravin', 1, '2019-09-17 09:30:21'),
(49, 31, 'dSRqMjKK4Qw:APA91bHrnwh2T1ICv-guiTx4QMRBJTNIgUjdLIHfTaoj_RuCMTtz-0_kv22eoQRLTPiQrjRlpkE0KIa2sy5xHR8Yp5lDbze3A7IMzRBZKakbpA_1MK32avef1sjDRYP8UoC8d_dzfc86', '7A30B678-39A8-4DC2-B3B0-74A25248CB75', 'ios', 'Pravin', 0, '2019-09-18 07:32:28'),
(51, 153, 'fLtjjV-eATA:APA91bEpZz_ZMdAJxbZFNh6_v1d-L11baVkSTMXv7GUU2HVL-0s02Hh1tRjZP2NmRCbo116yJGtc1GDYVTX2RDrqOHVp1IRxIxa-U0oSP6ZrfBJyMjVo8J2xEzo6nTF-__QXvhButLAu', 'f14489941eed1e1e', 'ios', 'Test', 1, '2019-10-15 13:08:37'),
(57, 154, 'cPJkYCaWU2U:APA91bFgs5s3R9p0yR383ogXzyIxstwooI_YNQ_Ctv9U9Yz7rHYjVb1d9hTFm4qj1XHBoFiXVJUmn8mckV6cYah7gBJTxwQeBtwo9p1o3gVuh9LQeAnOPwNkfS4qBcDBELSZ_k1Kfp0f', 'ABF5D3B4-B7BB-4DCD-8E89-278909E07B5B', 'ios', 'Ashish', 1, '2019-10-21 12:42:37'),
(58, 158, 'c7IBp7h0T28:APA91bHM-Mp8jeS8cGVAIT-o60W-DZKSUzBfnEDPPoRydTWsNQyFtxdeGKznZi_sslMJcoGWVizDr7lbGbpxIdL_gKP2kulOymWI7Uzeu8vvZwZu8x3ndrY8wX7KECLAsE4CTSYuDLkr', '1c930d86b83d218c', 'ios', 'Bhuppi', 1, '2020-03-06 07:46:17'),
(59, 151, 'dB7weR_6KkM:APA91bG-vrJVT0a7K4bt1oOBeqPCxhHHzwfKJCZP26wPDJ_nzNtGI9V183RIbf8Qhe5xiXajWU7LnUTzu1tnkaNT37Yu9ZUUgCIN-IbJPBC27ovfInV_bz1lqXo4yHa2vVHt4niN2vvu', '601e15813a130b3e', 'ios', 'Thrusday october', 1, '2020-03-18 07:51:18'),
(60, 151, 'eL7OZUeTSiI:APA91bFl819WqLijFGSEWRJC-SgFyOxjIVD0YfEMfsJ5XlZ6d-Socih-3KbK06S6HvrtvcyFKgIea7zwKP0Qhpa_02DfCyKgWZCqyhO7K8cIj6dY_Jm83myJ_32fvUz5X5zqX956-_Ny', '0996b2805f83f17f', 'ios', 'Thrusday october', 1, '2020-03-18 12:37:00');

-- --------------------------------------------------------

--
-- Table structure for table `inspiration_inspcomment`
--

DROP TABLE IF EXISTS `inspiration_inspcomment`;
CREATE TABLE `inspiration_inspcomment` (
  `comment_id` int(11) NOT NULL,
  `insp_id` int(11) DEFAULT NULL,
  `user_id` int(11) DEFAULT NULL,
  `comment` longtext,
  `created_at` datetime NOT NULL,
  `updated_at` datetime NOT NULL
) ENGINE=InnoDB DEFAULT CHARSET=utf8;

--
-- Dumping data for table `inspiration_inspcomment`
--

INSERT INTO `inspiration_inspcomment` (`comment_id`, `insp_id`, `user_id`, `comment`, `created_at`, `updated_at`) VALUES
(1, 6, 31, 'good', '2019-08-07 13:11:42', '2019-08-07 13:11:42'),
(2, 4, 31, 'good', '2019-08-07 13:57:27', '2019-08-07 13:57:27'),
(3, 8, 31, 'Good', '2019-08-08 07:58:33', '2019-08-08 07:58:33'),
(4, 9, 133, 'My inspiration comment', '2019-08-09 11:05:25', '2019-08-09 11:05:25'),
(5, 3, 136, 'Gggg', '2019-08-26 13:10:51', '2019-08-26 13:10:51'),
(6, 15, 136, 'Xbxhhx', '2019-08-27 11:07:00', '2019-08-27 11:07:00'),
(7, 16, 136, 'Inspiration comment by android', '2019-08-28 06:28:15', '2019-08-28 06:28:15'),
(8, 2, 97, 'This is a comment data.', '2019-08-29 06:45:53', '2019-08-29 06:45:53'),
(9, 2, 97, 'This is a comment data.', '2019-08-29 07:09:18', '2019-08-29 07:09:18'),
(10, 2, 97, 'This is a comment data.', '2019-08-29 07:50:12', '2019-08-29 07:50:12'),
(11, 2, 97, 'This is a comment data. Thanks', '2019-08-29 07:50:26', '2019-08-29 07:50:26'),
(12, 2, 97, 'This is a comment data. Thanks', '2019-08-29 11:44:12', '2019-08-29 11:44:12'),
(13, 2, 97, 'This is a comment data. Thanks', '2019-08-29 14:30:50', '2019-08-29 14:30:50'),
(14, 2, 97, 'This is a comment data. Thanks', '2019-08-30 07:38:59', '2019-08-30 07:38:59'),
(15, 2, 97, 'This is a comment data. Thanks', '2019-08-30 07:39:49', '2019-08-30 07:39:49'),
(16, 2, 97, 'This is a comment data. Thanks', '2019-08-30 07:40:08', '2019-08-30 07:40:08'),
(17, 2, 97, 'This is a comment data. Thanks', '2019-08-30 07:51:34', '2019-08-30 07:51:34'),
(18, 2, 97, 'This is a comment data. Thanks', '2019-08-30 08:04:55', '2019-08-30 08:04:55'),
(19, 2, 97, 'This is a comment data. Thanks', '2019-08-30 08:05:21', '2019-08-30 08:05:21'),
(20, 2, 97, 'This is a comment data. Thanks', '2019-08-30 08:06:30', '2019-08-30 08:06:30'),
(21, 2, 97, 'This is a comment data. Thanks', '2019-08-30 08:06:41', '2019-08-30 08:06:41'),
(22, 2, 97, 'This is a comment data. Thanks', '2019-08-30 08:07:03', '2019-08-30 08:07:03'),
(23, 2, 97, 'This is a comment data. Thanks', '2019-08-30 08:22:06', '2019-08-30 08:22:06'),
(24, 2, 97, 'This is a comment data. Thanks', '2019-08-30 08:33:29', '2019-08-30 08:33:29'),
(25, 2, 97, 'This is a comment data. Thanks', '2019-08-30 08:42:14', '2019-08-30 08:42:14'),
(26, 2, 97, 'This is a comment data. Thanks', '2019-08-30 08:43:43', '2019-08-30 08:43:43'),
(27, 2, 97, 'This is a comment data. Thanks', '2019-08-30 08:45:47', '2019-08-30 08:45:47'),
(28, 2, 97, 'This is a comment data. Thanks', '2019-08-30 08:46:09', '2019-08-30 08:46:09'),
(29, 2, 97, 'This is a comment data. Thanks', '2019-08-30 08:46:59', '2019-08-30 08:46:59'),
(30, 2, 97, 'This is a comment data. Thanks', '2019-08-30 08:47:23', '2019-08-30 08:47:23'),
(31, 2, 97, 'This is a comment data. Thanks', '2019-08-30 08:48:08', '2019-08-30 08:48:08'),
(32, 2, 97, 'This is a comment data. Thanks', '2019-08-30 08:48:33', '2019-08-30 08:48:33'),
(33, 2, 97, 'This is a comment data. Thanks', '2019-08-30 08:48:52', '2019-08-30 08:48:52'),
(34, 2, 97, 'This is a comment data. Thanks', '2019-08-30 08:49:02', '2019-08-30 08:49:02'),
(35, 2, 97, 'This is a comment data. Thanks', '2019-08-30 08:49:24', '2019-08-30 08:49:24'),
(36, 2, 97, 'This is a comment data. Thanks', '2019-08-30 08:52:33', '2019-08-30 08:52:33'),
(37, 2, 97, 'This is a comment data. Thanks', '2019-08-30 08:53:26', '2019-08-30 08:53:26'),
(38, 2, 97, 'This is a comment data. Thanks', '2019-08-30 08:54:42', '2019-08-30 08:54:42'),
(39, 2, 97, 'This is a comment data. Thanks', '2019-09-02 08:28:19', '2019-09-02 08:28:19'),
(40, 2, 97, 'This is a comment data. Thanks', '2019-09-02 08:28:28', '2019-09-02 08:28:28'),
(41, 2, 97, 'This is a comment data. Thanks', '2019-09-02 08:28:38', '2019-09-02 08:28:38'),
(42, 2, 97, 'This is a comment data. Thanks', '2019-09-02 08:28:49', '2019-09-02 08:28:49'),
(43, 2, 97, 'This is a comment data. Thanks', '2019-09-02 08:33:02', '2019-09-02 08:33:02'),
(44, 2, 97, 'This is a comment data. Thanks', '2019-09-02 08:34:05', '2019-09-02 08:34:05'),
(45, 2, 97, 'This is a comment data. Thanks', '2019-09-02 08:34:23', '2019-09-02 08:34:23'),
(46, 2, 97, 'This is a comment data. Thanks', '2019-09-02 08:36:18', '2019-09-02 08:36:18'),
(47, 2, 97, 'This is a comment data. Thanks', '2019-09-02 08:36:28', '2019-09-02 08:36:28'),
(48, 2, 97, 'This is a comment data. Thanks', '2019-09-02 08:36:38', '2019-09-02 08:36:38'),
(49, 2, 97, 'This is a comment data. Thanks', '2019-09-02 08:36:44', '2019-09-02 08:36:44'),
(50, 2, 97, 'This is a comment data. Thanks', '2019-09-02 08:44:39', '2019-09-02 08:44:39'),
(51, 2, 97, 'This is a comment data. Thanks', '2019-09-02 10:32:53', '2019-09-02 10:32:53'),
(52, 2, 97, 'This is a comment data. Thanks', '2019-09-02 10:34:16', '2019-09-02 10:34:16'),
(53, 2, 97, 'This is a comment data. Thanks', '2019-09-02 10:34:35', '2019-09-02 10:34:35'),
(54, 2, 97, 'This is a comment data. Thanks', '2019-09-02 11:42:13', '2019-09-02 11:42:13'),
(55, 2, 97, 'This is a comment data. Thanks', '2019-09-02 11:42:44', '2019-09-02 11:42:44'),
(56, 2, 97, 'This is a comment data. Thanks', '2019-09-02 11:51:23', '2019-09-02 11:51:23'),
(57, 2, 97, 'This is a comment data. Thanks', '2019-09-02 11:51:38', '2019-09-02 11:51:38'),
(58, 2, 97, 'This is a comment data. Thanks', '2019-09-02 11:59:29', '2019-09-02 11:59:29'),
(59, 2, 97, 'This is a comment data. Thanks', '2019-09-02 12:00:19', '2019-09-02 12:00:19'),
(60, 2, 97, 'This is a comment data. Thanks', '2019-09-02 12:00:57', '2019-09-02 12:00:57'),
(61, 2, 97, 'This is a comment data. Thanks', '2019-09-02 12:02:35', '2019-09-02 12:02:35'),
(62, 2, 97, 'This is a comment data. Thanks', '2019-09-02 12:03:01', '2019-09-02 12:03:01'),
(63, 2, 97, 'This is a comment data. Thanks', '2019-09-02 12:03:38', '2019-09-02 12:03:38'),
(64, 2, 97, 'This is a comment data. Thanks', '2019-09-02 12:03:43', '2019-09-02 12:03:43'),
(65, 2, 97, 'This is a comment data. Thanks', '2019-09-02 12:04:15', '2019-09-02 12:04:15'),
(66, 2, 97, 'This is a comment data. Thanks', '2019-09-02 12:04:29', '2019-09-02 12:04:29'),
(67, 2, 97, 'This is a comment data. Thanks', '2019-09-02 12:04:42', '2019-09-02 12:04:42'),
(68, 2, 97, 'This is a comment data. Thanks', '2019-09-02 12:05:00', '2019-09-02 12:05:00'),
(69, 2, 97, 'This is a comment data. Thanks', '2019-09-02 12:05:06', '2019-09-02 12:05:06'),
(70, 2, 97, 'This is a comment data. Thanks', '2019-09-02 12:09:34', '2019-09-02 12:09:34'),
(71, 2, 97, 'This is a comment data. Thanks', '2019-09-02 12:09:51', '2019-09-02 12:09:51'),
(72, 2, 97, 'This is a comment data. Thanks', '2019-09-02 12:10:09', '2019-09-02 12:10:09'),
(73, 2, 97, 'This is a comment data. Thanks', '2019-09-02 12:10:16', '2019-09-02 12:10:16'),
(74, 2, 97, 'This is a comment data. Thanks', '2019-09-02 12:10:22', '2019-09-02 12:10:22'),
(75, 2, 97, 'This is a comment data. Thanks', '2019-09-02 12:10:25', '2019-09-02 12:10:25'),
(76, 2, 97, 'This is a comment data. Thanks', '2019-09-02 12:10:27', '2019-09-02 12:10:27'),
(77, 2, 97, 'This is a comment data. Thanks', '2019-09-02 12:11:51', '2019-09-02 12:11:51'),
(78, 2, 97, 'This is a comment data. Thanks', '2019-09-02 12:13:44', '2019-09-02 12:13:44'),
(79, 2, 97, 'This is a comment data. Thanks', '2019-09-02 12:13:48', '2019-09-02 12:13:48'),
(80, 2, 97, 'This is a comment data. Thanks', '2019-09-02 12:13:58', '2019-09-02 12:13:58'),
(81, 2, 97, 'This is a comment data. Thanks', '2019-09-02 12:14:02', '2019-09-02 12:14:02'),
(82, 2, 97, 'This is a comment data. Thanks', '2019-09-02 12:14:06', '2019-09-02 12:14:06'),
(83, 2, 97, 'This is a comment data. Thanks', '2019-09-02 12:14:10', '2019-09-02 12:14:10'),
(84, 2, 97, 'This is a comment data. Thanks', '2019-09-02 12:14:15', '2019-09-02 12:14:15'),
(85, 2, 97, 'This is a comment data. Thanks', '2019-09-02 12:14:18', '2019-09-02 12:14:18'),
(86, 2, 97, 'This is a comment data. Thanks', '2019-09-02 12:14:21', '2019-09-02 12:14:21'),
(87, 2, 97, 'This is a comment data. Thanks', '2019-09-02 12:14:25', '2019-09-02 12:14:25'),
(88, 2, 97, 'This is a comment data. Thanks', '2019-09-02 12:15:05', '2019-09-02 12:15:05'),
(89, 2, 97, 'This is a comment data. Thanks', '2019-09-02 12:15:19', '2019-09-02 12:15:19'),
(90, 2, 97, 'This is a comment data. Thanks', '2019-09-02 12:15:33', '2019-09-02 12:15:33'),
(91, 2, 97, 'This is a comment data. Thanks', '2019-09-02 12:15:35', '2019-09-02 12:15:35'),
(92, 2, 97, 'This is a comment data. Thanks', '2019-09-02 12:15:38', '2019-09-02 12:15:38'),
(93, 2, 97, 'This is a comment data. Thanks', '2019-09-02 12:17:48', '2019-09-02 12:17:48'),
(94, 2, 97, 'This is a comment data. Thanks', '2019-09-02 12:18:02', '2019-09-02 12:18:02'),
(95, 2, 97, 'This is a comment data. Thanks', '2019-09-02 12:18:03', '2019-09-02 12:18:03'),
(96, 2, 97, 'This is a comment data. Thanks', '2019-09-02 12:18:05', '2019-09-02 12:18:05'),
(97, 2, 97, 'This is a comment data. Thanks', '2019-09-02 12:18:06', '2019-09-02 12:18:06'),
(98, 2, 97, 'This is a comment data. Thanks', '2019-09-02 12:18:08', '2019-09-02 12:18:08'),
(99, 2, 97, 'This is a comment data. Thanks', '2019-09-02 12:18:09', '2019-09-02 12:18:09'),
(100, 2, 97, 'This is a comment data. Thanks', '2019-09-02 12:18:25', '2019-09-02 12:18:25'),
(101, 2, 97, 'This is a comment data. Thanks', '2019-09-02 12:18:45', '2019-09-02 12:18:45'),
(102, 2, 97, 'This is a comment data. Thanks', '2019-09-02 12:18:48', '2019-09-02 12:18:48'),
(103, 2, 97, 'This is a comment data. Thanks', '2019-09-02 12:18:52', '2019-09-02 12:18:52'),
(104, 2, 97, 'This is a comment data. Thanks', '2019-09-02 12:19:08', '2019-09-02 12:19:08'),
(105, 2, 97, 'This is a comment data. Thanks', '2019-09-02 12:19:58', '2019-09-02 12:19:58'),
(106, 2, 97, 'This is a comment data. Thanks', '2019-09-02 12:20:02', '2019-09-02 12:20:02'),
(107, 2, 97, 'This is a comment data. Thanks', '2019-09-02 12:20:04', '2019-09-02 12:20:04'),
(108, 2, 97, 'This is a comment data. Thanks', '2019-09-02 12:20:08', '2019-09-02 12:20:08'),
(109, 2, 97, 'This is a comment data. Thanks', '2019-09-02 12:20:10', '2019-09-02 12:20:10'),
(110, 2, 97, 'This is a comment data. Thanks', '2019-09-02 12:20:18', '2019-09-02 12:20:18'),
(111, 2, 97, 'This is a comment data. Thanks', '2019-09-02 12:20:23', '2019-09-02 12:20:23'),
(112, 2, 97, 'This is a comment data. Thanks', '2019-09-02 14:32:34', '2019-09-02 14:32:34'),
(113, 2, 97, 'This is a comment data. Thanks', '2019-09-02 14:33:34', '2019-09-02 14:33:34'),
(114, 2, 97, 'This is a comment data. Thanks', '2019-09-02 14:33:40', '2019-09-02 14:33:40'),
(115, 2, 97, 'This is a comment data. Thanks', '2019-09-02 14:33:42', '2019-09-02 14:33:42'),
(116, 2, 97, 'This is a comment data. Thanks', '2019-09-02 14:33:47', '2019-09-02 14:33:47'),
(117, 2, 97, 'This is a comment data. Thanks', '2019-09-02 14:33:50', '2019-09-02 14:33:50'),
(118, 2, 97, 'This is a comment data. Thanks', '2019-09-02 14:39:33', '2019-09-02 14:39:33'),
(119, 2, 97, 'This is a comment data. Thanks', '2019-09-02 14:43:03', '2019-09-02 14:43:03'),
(120, 2, 97, 'This is a comment data. Thanks', '2019-09-02 14:43:12', '2019-09-02 14:43:12'),
(121, 2, 97, 'This is a comment data. Thanks', '2019-09-02 14:43:25', '2019-09-02 14:43:25'),
(122, 2, 97, 'This is a comment data. Thanks', '2019-09-02 14:43:56', '2019-09-02 14:43:56'),
(123, 2, 97, 'This is a comment data. Thanks', '2019-09-02 14:44:46', '2019-09-02 14:44:46'),
(124, 2, 97, 'This is a comment data. Thanks', '2019-09-02 14:44:55', '2019-09-02 14:44:55'),
(125, 2, 97, 'This is a comment data. Thanks', '2019-09-02 14:45:03', '2019-09-02 14:45:03'),
(126, 2, 97, 'This is a comment data. Thanks', '2019-09-02 14:45:18', '2019-09-02 14:45:18'),
(127, 2, 97, 'This is a comment data. Thanks', '2019-09-02 14:48:29', '2019-09-02 14:48:29'),
(128, 2, 97, 'This is a comment data. Thanks', '2019-09-02 14:48:42', '2019-09-02 14:48:42'),
(129, 2, 97, 'This is a comment data. Thanks', '2019-09-02 14:48:49', '2019-09-02 14:48:49'),
(130, 2, 97, 'This is a comment data. Thanks', '2019-09-02 14:50:24', '2019-09-02 14:50:24'),
(131, 2, 97, 'This is a comment data. Thanks', '2019-09-02 14:50:34', '2019-09-02 14:50:34'),
(132, 2, 97, 'This is a comment data. Thanks', '2019-09-02 14:50:43', '2019-09-02 14:50:43'),
(133, 2, 97, 'This is a comment data. Thanks', '2019-09-02 14:50:48', '2019-09-02 14:50:48'),
(134, 2, 97, 'This is a comment data. Thanks', '2019-09-02 14:52:24', '2019-09-02 14:52:24'),
(135, 2, 97, 'This is a comment data. Thanks', '2019-09-02 14:52:34', '2019-09-02 14:52:34'),
(136, 2, 97, 'This is a comment data. Thanks', '2019-09-02 14:52:40', '2019-09-02 14:52:40'),
(137, 2, 97, 'This is a comment data. Thanks', '2019-09-02 14:57:08', '2019-09-02 14:57:08'),
(138, 2, 97, 'This is a comment data. Thanks', '2019-09-02 14:57:15', '2019-09-02 14:57:15'),
(139, 2, 97, 'This is a comment data. Thanks', '2019-09-02 15:00:05', '2019-09-02 15:00:05'),
(140, 2, 97, 'This is a comment data. Thanks', '2019-09-02 15:00:12', '2019-09-02 15:00:12'),
(141, 2, 97, 'This is a comment data. Thanks', '2019-09-02 15:00:18', '2019-09-02 15:00:18'),
(142, 2, 97, 'This is a comment data. Thanks', '2019-09-02 15:00:46', '2019-09-02 15:00:46'),
(143, 2, 97, 'This is a comment data. Thanks', '2019-09-02 15:00:55', '2019-09-02 15:00:55'),
(144, 2, 97, 'This is a comment data. Thanks', '2019-09-02 15:01:05', '2019-09-02 15:01:05'),
(145, 2, 97, 'This is a comment data. Thanks', '2019-09-02 15:01:10', '2019-09-02 15:01:10'),
(146, 2, 97, 'This is a comment data. Thanks', '2019-09-02 15:01:48', '2019-09-02 15:01:48'),
(147, 2, 97, 'This is a comment data. Thanks', '2019-09-02 15:01:54', '2019-09-02 15:01:54'),
(148, 2, 97, 'This is a comment data. Thanks', '2019-09-02 15:01:57', '2019-09-02 15:01:57'),
(149, 2, 97, 'This is a comment data. Thanks', '2019-09-02 15:02:05', '2019-09-02 15:02:05'),
(150, 2, 97, 'This is a comment data. Thanks', '2019-09-02 15:02:08', '2019-09-02 15:02:08'),
(151, 2, 97, 'This is a comment data. Thanks', '2019-09-02 15:04:45', '2019-09-02 15:04:45'),
(152, 2, 97, 'This is a comment data. Thanks', '2019-09-02 15:04:50', '2019-09-02 15:04:50'),
(153, 2, 97, 'This is a comment data. Thanks', '2019-09-02 15:07:48', '2019-09-02 15:07:48'),
(154, 2, 97, 'This is a comment data. Thanks', '2019-09-02 15:07:55', '2019-09-02 15:07:55'),
(155, 2, 97, 'This is a comment data. Thanks', '2019-09-02 15:07:59', '2019-09-02 15:07:59'),
(156, 2, 97, 'This is a comment data. Thanks', '2019-09-02 15:08:13', '2019-09-02 15:08:13'),
(157, 2, 97, 'This is a comment data. Thanks', '2019-09-02 15:08:18', '2019-09-02 15:08:18'),
(158, 2, 97, 'This is a comment data. Thanks', '2019-09-02 15:08:26', '2019-09-02 15:08:26'),
(159, 2, 97, 'This is a comment data. Thanks', '2019-09-02 15:08:46', '2019-09-02 15:08:46'),
(160, 2, 97, 'This is a comment data. Thanks', '2019-09-02 15:08:57', '2019-09-02 15:08:57'),
(161, 2, 97, 'This is a comment data. Thanks', '2019-09-02 15:09:06', '2019-09-02 15:09:06'),
(162, 2, 97, 'This is a comment data. Thanks', '2019-09-02 15:09:13', '2019-09-02 15:09:13'),
(163, 2, 97, 'This is a comment data. Thanks', '2019-09-02 15:27:17', '2019-09-02 15:27:17'),
(164, 2, 97, 'This is a comment data. Thanks', '2019-09-02 15:27:22', '2019-09-02 15:27:22'),
(165, 2, 97, 'This is a comment data. Thanks', '2019-09-02 15:27:28', '2019-09-02 15:27:28'),
(166, 2, 97, 'This is a comment data. Thanks', '2019-09-02 15:27:33', '2019-09-02 15:27:33'),
(167, 2, 97, 'This is a comment data. Thanks', '2019-09-02 15:27:36', '2019-09-02 15:27:36'),
(168, 2, 97, 'This is a comment data. Thanks', '2019-09-02 15:27:38', '2019-09-02 15:27:38'),
(169, 17, 146, 'Comment inspiration', '2019-09-03 10:21:10', '2019-09-03 10:21:10'),
(170, 10, 146, 'Comment ', '2019-09-03 10:46:16', '2019-09-03 10:46:16'),
(171, 10, 146, 'Comment ', '2019-09-03 10:46:17', '2019-09-03 10:46:17'),
(172, 10, 146, 'Test', '2019-09-03 10:46:33', '2019-09-03 10:46:33'),
(173, 10, 146, 'Demo', '2019-09-03 10:46:51', '2019-09-03 10:46:51'),
(174, 8, 31, 'good', '2019-09-09 10:40:04', '2019-09-09 10:40:04'),
(175, 8, 31, 'good', '2019-09-09 10:40:12', '2019-09-09 10:40:12'),
(176, 8, 31, 'good', '2019-09-09 10:40:25', '2019-09-09 10:40:25'),
(177, 8, 31, 'good', '2019-09-09 10:40:26', '2019-09-09 10:40:26'),
(178, 8, 31, 'good', '2019-09-09 10:40:28', '2019-09-09 10:40:28'),
(179, 8, 31, 'good', '2019-09-09 10:40:29', '2019-09-09 10:40:29'),
(180, 8, 31, 'good', '2019-09-09 10:40:30', '2019-09-09 10:40:30'),
(181, 8, 31, 'good', '2019-09-09 10:40:30', '2019-09-09 10:40:30'),
(182, 8, 31, 'good', '2019-09-09 10:40:32', '2019-09-09 10:40:32'),
(183, 8, 31, 'good1', '2019-09-09 10:42:12', '2019-09-09 10:42:12'),
(184, 8, 31, 'good1', '2019-09-09 10:42:55', '2019-09-09 10:42:55'),
(185, 18, 31, 'good1', '2019-09-09 10:43:28', '2019-09-09 10:43:28'),
(186, 7, 31, 'Fgg', '2019-09-09 10:46:37', '2019-09-09 10:46:37'),
(187, 14, 31, 'Fgg', '2019-09-09 10:47:13', '2019-09-09 10:47:13'),
(188, 14, 31, 'Fgg', '2019-09-09 10:47:17', '2019-09-09 10:47:17'),
(189, 2, 97, 'This is a comment data. Thanks', '2019-09-09 11:49:22', '2019-09-09 11:49:22'),
(190, 2, 97, 'This is a comment data. Thanks', '2019-09-09 11:53:10', '2019-09-09 11:53:10'),
(191, 2, 97, 'This is a comment data. Thanks', '2019-09-09 11:53:23', '2019-09-09 11:53:23'),
(192, 2, 97, 'This is a comment data. Thanks', '2019-09-09 11:53:27', '2019-09-09 11:53:27'),
(193, 2, 97, 'This is a comment data. Thanks', '2019-09-09 11:54:19', '2019-09-09 11:54:19'),
(194, 14, 31, 'Fgg', '2019-09-09 11:54:58', '2019-09-09 11:54:58'),
(195, 18, 31, 'Good', '2019-09-09 13:28:43', '2019-09-09 13:28:43'),
(196, 18, 97, 'testing', '2019-09-16 14:42:20', '2019-09-16 14:42:20'),
(197, 22, 151, 'COMMENT', '2019-10-03 06:58:05', '2019-10-03 06:58:05'),
(198, 1, 31, 'This is a comment data. Thanks', '2019-10-10 11:40:08', '2019-10-10 11:40:08'),
(199, 1, 31, 'This is a comment data. Thanks', '2019-10-10 11:42:01', '2019-10-10 11:42:01'),
(200, 24, 156, 'vvv', '2019-11-04 10:04:46', '2019-11-04 10:04:46'),
(201, 25, 160, 'good', '2020-04-29 08:08:10', '2020-04-29 08:08:10'),
(202, 27, 161, 'KKKK', '2020-04-30 11:36:17', '2020-04-30 11:36:17'),
(203, 34, 162, 'super', '2020-05-01 06:49:40', '2020-05-01 06:49:40');

-- --------------------------------------------------------

--
-- Table structure for table `inspiration_inspiration`
--

DROP TABLE IF EXISTS `inspiration_inspiration`;
CREATE TABLE `inspiration_inspiration` (
  `insp_id` int(11) NOT NULL,
  `user_id` int(11) DEFAULT NULL,
  `title` longtext,
  `description` longtext,
  `inspiration_img` varchar(100) DEFAULT NULL,
  `created_at` datetime NOT NULL,
  `updated_at` datetime NOT NULL,
  `latitude` varchar(255) DEFAULT NULL,
  `longitude` varchar(255) DEFAULT NULL,
  `place_name` varchar(255) DEFAULT NULL
) ENGINE=InnoDB DEFAULT CHARSET=utf8;

--
-- Dumping data for table `inspiration_inspiration`
--

INSERT INTO `inspiration_inspiration` (`insp_id`, `user_id`, `title`, `description`, `inspiration_img`, `created_at`, `updated_at`, `latitude`, `longitude`, `place_name`) VALUES
(1, 97, 'Were always working to improve the Trips&Itineraries experience, so wed love to hear whats working and how we can do better.', 'What is Lorem Ipsum?\r\nLorem Ipsum is simply dummy text of the printing and typesetting industry. Lorem Ipsum has been the industry\'s standard dummy text ever since the 1500s, when an unknown printer took a galley of type and scrambled it to make a type specimen book. It has survived not only five centuries, but also the leap into electronic typesetting, remaining essentially unchanged. It was popularised in the 1960s with the release of Letraset sheets containing Lorem Ipsum passages, and more recently with desktop publishing software like Aldus PageMaker including versions of Lorem Ipsum.', 'inspiration_image/blog1.jpeg', '2019-04-18 00:00:00', '0000-00-00 00:00:00', NULL, NULL, NULL),
(2, 97, 'Were always working to improve the Trips&Itineraries experience.', 'Why do we use it?\r\nIt is a long established fact that a reader will be distracted by the readable content of a page when looking at its layout. The point of using Lorem Ipsum is that it has a more-or-less normal distribution of letters, as opposed to using \'Content here, content here\', making it look like readable English. Many desktop publishing packages and web page editors now use Lorem Ipsum as their default model text, and a search for \'lorem ipsum\' will uncover many web sites still in their infancy. Various versions have evolved over the years, sometimes by accident,', 'inspiration_image/blog2.jpeg', '2019-04-18 06:25:22', '0000-00-00 00:00:00', NULL, NULL, NULL),
(3, 97, 'Trips&Itineraries experience.', 'Contrary to popular belief, Lorem Ipsum is not simply random text. It has roots in a piece of classical Latin literature from 45 BC, making it over 2000 years old. Richard McClintock, a Latin professor at Hampden-Sydney College in Virginia, looked up one of the more obscure Latin words, consectetur, from a Lorem Ipsum passage, and going through the cites of the word in classical literature,', 'inspiration_image/blogs3.jpeg', '2019-04-18 09:22:32', '0000-00-00 00:00:00', NULL, NULL, NULL),
(4, 31, 'Trips&Itineraries experiencee.', '<p>Keyboard is used for typing</p>\r\n', 'inspiration_image/photo_RwShjFy.png', '2019-08-07 10:55:18', '2020-04-29 17:02:55', '28.5355161', '77.3910265', 'Noida, Uttar Pradesh, India'),
(5, 31, 'street lights', '<p>lighting is important.</p>\r\n\r\n<p>lighting is important.</p>\r\n', 'inspiration_image/photo_PYWW5Xu.png', '2019-08-07 13:04:36', '2019-10-29 12:53:46', '28.5355161', '77.3910265', 'Noida, Uttar Pradesh, India'),
(6, 31, 'trees', 'it is important', 'inspiration_image/photo_tC8IAsh.png', '2019-08-07 13:10:15', '2019-08-07 13:10:15', '28.5355161', '77.3910265', 'Noida, Uttar Pradesh, India'),
(7, 31, 'Fish', 'fishes live in water', 'inspiration_image/photo_7j6od6d.png', '2019-08-07 13:13:14', '2019-08-07 13:13:14', '22.9454033', '90.8341624', 'Lakshmipur, Bangladesh'),
(8, 31, 'form example', 'it is an example form', 'inspiration_image/photo_y07ys2b.png', '2019-08-07 13:28:17', '2019-08-07 13:28:17', '28.5355161', '77.3910265', 'Noida, Uttar Pradesh, India'),
(9, 133, 'Inspiration android', 'Demo\n\n', 'inspiration_image/photo_HgX4plv.png', '2019-08-09 11:03:16', '2019-08-09 11:03:16', '28.5355161', '77.3910265', 'Noida, Uttar Pradesh, India'),
(10, 133, 'Inspiration android 2', 'Demo inspiration', 'inspiration_image/photo_jRzI1VY.png', '2019-08-09 11:20:32', '2019-08-09 11:20:32', '28.68627380000001', '77.2217831', 'Delhi, India'),
(11, 135, 'Inspiration ios tuesday', 'Demo\n', 'inspiration_image/photo_FKPyTMD.png', '2019-08-13 09:59:50', '2019-08-13 09:59:50', '', '', ''),
(12, 135, 'Ispiration 2', 'Demo\n', 'inspiration_image/photo_quBqbQm.png', '2019-08-13 10:05:15', '2019-08-13 10:05:15', '', '', ''),
(13, 97, 'chair', 'made of plastic', 'inspiration_image/photo_aAix3CY.png', '2019-08-16 07:39:44', '2019-08-16 07:39:44', '28.5355161', '77.3910265', 'Noida, Uttar Pradesh, India'),
(14, 97, 'form', 'it is an html form', 'inspiration_image/photo_NTGPEt7.png', '2019-08-16 07:45:31', '2019-08-16 07:45:31', '28.68627380000001', '77.2217831', 'Delhi, India'),
(15, 136, 'Inspiration tuesday aug', 'Demo', 'inspiration_image/photo_W1jwPIB.png', '2019-08-27 07:24:55', '2019-08-27 07:24:55', '28.5355161', '77.3910265', 'Noida, Uttar Pradesh, India'),
(16, 138, 'Inspiration io', 'Demo\n\n', 'inspiration_image/photo_lc6Tffg.png', '2019-08-28 05:10:25', '2019-08-28 05:10:25', '31.1048294', '77.17339009999999', 'Himachal Pradesh, India'),
(17, 146, 'Tuesday September inspiration edit', 'Demo inspiration test qa\n', 'inspiration_image/photo_Wedx8OL.png', '2019-09-03 10:20:37', '2019-09-04 06:23:06', '28.68627380000001', '77.2217831', 'Delhi, India'),
(18, 146, 'Tuesday September inspiration ', 'Demo inspiration test qa\n', 'inspiration_image/photo_lXIWNBu.png', '2019-09-03 10:44:28', '2019-09-03 10:44:28', '37.09024', '-95.712891', 'United States'),
(19, 31, 'Topic 2', 'Description 2\n', 'inspiration_image/photo_tUgrXkQ.png', '2019-09-09 13:44:36', '2019-09-09 13:44:36', '28.574814', '77.3557123', 'Sector 32, Noida, Uttar Pradesh 201301, India'),
(20, 97, 'Test', 'this inspiration is for testing', 'inspiration_image/photo_08O9Zyi.png', '2019-09-16 14:41:38', '2019-09-16 14:41:38', '30.0869281', '78.2676116', 'Rishikesh, Uttarakhand, India'),
(21, 38, 'Trip to Dubai', '', 'None', '2019-09-16 15:00:05', '2019-09-16 15:00:05', NULL, NULL, 'Dubai'),
(22, 151, 'october inspiration', '<p>Lorem Ipsum is simply dummy text of the printing and typesetting industryLorem Ipsum is simply dummy text of the printing and typesetting industryLorem Ipsum is simply dummy text of the printing and typesetting industryLorem Ipsum is simply dummy text of the printing and typesetting industryLorem Ipsum is simply dummy text of the printing and typesetting industryLorem Ipsum is simply dummy text of the printing and typesetting industry</p>\n', 'inspiration_image/4.jpg', '2019-10-03 06:57:20', '2019-10-04 12:56:43', '28.5355161', '77.39102649999995', 'Noida, Uttar Pradesh, India'),
(23, 151, 'Inspiration topic tuesday edit', '<p>The WordPress&nbsp;<strong>Demo Content</strong>&nbsp;for each theme is an xml file. This is a text file that describes the site&nbsp;<strong>data</strong>&nbsp;in a way that can be imported by WordPress. The&nbsp;<strong>demo content</strong>&nbsp;does not include image files however, once the import process has completed, the image files will have been loaded onto your site</p>\n', 'inspiration_image/3p_g03IXpF.jpg', '2019-10-08 06:32:34', '2019-10-08 06:48:24', '28.5355161', '77.39102649999995', 'Delhi, India'),
(24, 155, 'inspiration topic by novembertrip', '<p>Demoooooooooooooooooooooooooooooooooooooooooooooooooooooooooooooooooooooooooooooooooooooooooooooooooooooooooooooooooooooooooooooooooooooooooooooooooooooooooooooooooooooooooooooooooooooqa</p>\r\n', 'inspiration_image/auli1.jpg', '2019-11-04 09:59:36', '2019-11-06 06:36:37', '-8.783195', '34.50852299999997', 'Africa'),
(25, 160, 'First Topic1', '<p><strong>Lorem Ipsum</strong>&nbsp;is simply dummy text of the printing and typesetting industry. Lorem Ipsum has been the industry&#39;s standard dummy text ever since the 1500s, when an unknown printer took a galley of type and sc<strong>Lorem Ipsum</strong>&nbsp;is simply dummy text of the printing and typesetting industry. Lorem Ipsum has been the industry&#39;s standard dummy text ever since the 1500s, when an unknown printer took a galley of type and scrambled it to make a type specimen book. It has survived not only five centuries, but also the leap into electronic typesetting, remaining essentially unchanged. It was popularised in the 1960s with the release of Letraset sheets containing Lorem Ipsum passages, and more recently with desktop publishing software&nbsp;<strong>Lorem Ipsum</strong>&nbsp;is simply dummy text of the printing and typesetting industry. Lorem Ipsum has been the industry&#39;s standard dummy text ever since the 1500s, when an unknown printer took a galley of type and scrambled it to make a type specimen book. It has survived not only five centuries, but also the leap into electronic typesetting, remaining essentially unchanged. It was popularised in the 1960s with the release of Letraset sheets containing Lorem Ipsum passages, and more recently with desktop publishing software&nbsp;<strong>Lorem Ipsum</strong>&nbsp;is simply dummy text of the printing and typesetting industry. Lorem Ipsum has been the industry&#39;s standard dummy text ever since the 1500s, when an unknown printer took a galley of type and scrambled it to make a type specimen book. It has survived not only five centuries, but also the leap into electronic typesetting, remaining essentially unchanged. It was popularised in the 1960s with the release of Letraset sheets containing Lorem Ipsum passages, and more recently with desktop publishing software&nbsp;<strong>Lorem Ipsum</strong>&nbsp;is simply dummy text of the printing and typesetting industry. Lorem Ipsum has been the industry&#39;s standard dummy text ever since the 1500s, when an unknown printer took a galley of type and scrambled it to make a type specimen book. It has survived not only five centuries, but also the leap into electronic typesetting, remaining essentially unchanged. It was popularised in the 1960s with the release of Letraset sheets containing Lorem Ipsum passages, and more recently with desktop publishing software&nbsp;<strong>Lorem Ipsum</strong>&nbsp;is simply dummy text of the printing and typesetting industry. Lorem Ipsum has been the industry&#39;s standard dummy text ever since the 1500s, when an unknown printer took a galley of type and scrambled it to make a type specimen book. It has survived not only five centuries, but also the leap into electronic typesetting, remaining essentially unchanged. It was popularised in the 1960s with the release of Letraset sheets containing Lorem Ipsum passages, and more recently with desktop publishing software&nbsp;rambled it to make a type specimen book. It has survived not only five centuries, but also the leap into electronic typesetting, remaining essentially unchanged. It was popularised in the 1960s with the release of Letraset sheets containing Lorem Ipsum passages, and more recently with desktop publishing software&nbsp;</p>\r\n', 'inspiration_image/download1.jpg', '2020-04-29 08:06:22', '2020-05-01 06:12:11', '', '', 'Noida, Uttar Pradesh, India'),
(26, 31, 'Trips&Itineraries experiencee.', '<h2>What is Lorem Ipsum?</h2>\n\n<p><strong>Lorem Ipsum</strong>&nbsp;is simply dummy text of the printing and typesetting industry. Lorem Ipsum has been the industry&#39;s standard dummy text ever since the 1500s, when an unknown printer took a galley of type and scrambled it to make a type specimen book. It has survived not only five centuries, but also the leap into electronic typesetting, remaining essentially unchanged. It was popularised in the 1960s with the release of Letraset sheets containing Lorem Ipsum passages, and more recently with desktop publishing software like Aldus PageMaker including versions of Lorem Ipsum.</p>\n', 'inspiration_image/image_trips_1.jpg', '2020-04-29 17:03:56', '2020-04-29 17:03:56', '28.4927663', '77.3273956', 'Sai Nagar, Meethapur Extension, Mithapur, New Delhi, Haryana, India'),
(27, 161, 'HYDERABAD INSP', '<p><strong>Lorem Ipsum</strong>&nbsp;is simply dummy text of the printing and typesetting industry. Lorem Ipsum has been the industry&#39;s standard dummy text ever since the 1500s, when an unknown printer took a galley of type and scrambled it to make a type specimen book. It has survived not only five centuries, but also the leap into electronic typesetting, remaining essentially unchanged. It was popularised in the 1960s with the release of Letraset sheets containing Lorem Ipsum passages, and more recently with desktop publishing software like Aldus PageMaker including versions of Lorem Ipsum.</p>\n', 'inspiration_image/download3.jpg', '2020-04-30 11:34:21', '2020-04-30 11:34:21', '26.9124336', '75.7872709', 'Jaipur, Rajasthan, India'),
(28, 161, 'HYDERABAD INSP', '<p><strong>Lorem Ipsum</strong>&nbsp;is simply dummy text of the printing and typesetting industry. Lorem Ipsum has been the industry&#39;s standard dummy text ever since the 1500s, when an unknown printer took a galley of type and scrambled it to make a type specimen book. It has survived not only five centuries, but also the leap into electronic typesetting, remaining essentially unchanged. It was popularised in the 1960s with the release of Letraset sheets containing Lorem Ipsum passages, and more recently with desktop publishing software like Aldus PageMaker including versions of Lorem Ipsum.</p>\n', 'inspiration_image/download3_C6W7hJj.jpg', '2020-04-30 11:34:21', '2020-04-30 11:34:21', '26.9124336', '75.7872709', 'Jaipur, Rajasthan, India'),
(29, 161, 'HYDERABAD INSP', '<p><strong>Lorem Ipsum</strong>&nbsp;is simply dummy text of the printing and typesetting industry. Lorem Ipsum has been the industry&#39;s standard dummy text ever since the 1500s, when an unknown printer took a galley of type and scrambled it to make a type specimen book. It has survived not only five centuries, but also the leap into electronic typesetting, remaining essentially unchanged. It was popularised in the 1960s with the release of Letraset sheets containing Lorem Ipsum passages, and more recently with desktop publishing software like Aldus PageMaker including versions of Lorem Ipsum.</p>\n', 'inspiration_image/download3_nHlhKsD.jpg', '2020-04-30 11:34:21', '2020-04-30 11:34:21', '26.9124336', '75.7872709', 'Jaipur, Rajasthan, India'),
(30, 161, 'HYDERABAD INSP', '<p><strong>Lorem Ipsum</strong>&nbsp;is simply dummy text of the printing and typesetting industry. Lorem Ipsum has been the industry&#39;s standard dummy text ever since the 1500s, when an unknown printer took a galley of type and scrambled it to make a type specimen book. It has survived not only five centuries, but also the leap into electronic typesetting, remaining essentially unchanged. It was popularised in the 1960s with the release of Letraset sheets containing Lorem Ipsum passages, and more recently with desktop publishing software like Aldus PageMaker including versions of Lorem Ipsum.</p>\n', 'inspiration_image/download3_ZK1XSHb.jpg', '2020-04-30 11:34:21', '2020-04-30 11:34:21', '26.9124336', '75.7872709', 'Jaipur, Rajasthan, India'),
(31, 161, 'java ', '<p>HH</p>\n', 'inspiration_image/download3_ZRZFyHY.jpg', '2020-04-30 11:37:52', '2020-04-30 11:37:52', '28.5355161', '77.3910265', 'Noida, Uttar Pradesh, India'),
(32, 161, 'java ', '<p>HH</p>\n', 'inspiration_image/download3_pcgXbBw.jpg', '2020-04-30 11:37:52', '2020-04-30 11:37:52', '28.5355161', '77.3910265', 'Noida, Uttar Pradesh, India'),
(33, 161, 'java ', '<p>HH</p>\n', 'inspiration_image/download3_xAh3b2Q.jpg', '2020-04-30 11:37:52', '2020-04-30 11:37:52', '28.5355161', '77.3910265', 'Noida, Uttar Pradesh, India'),
(34, 162, 'test1', '<p>good</p>\r\n', 'inspiration_image/download2.jpg', '2020-05-01 06:48:21', '2020-05-01 06:48:53', '26.9124336', '75.7872709', 'Jaipur, Rajasthan, India'),
(35, 163, 'noida', '<p>good</p>\n', 'inspiration_image/download9.jpg', '2020-05-06 12:33:11', '2020-05-06 12:33:11', '28.5355161', '77.3910265', 'Noida, Uttar Pradesh, India'),
(36, 163, 'noida', '<p>good</p>\n', 'inspiration_image/download9_K9smhht.jpg', '2020-05-06 12:33:11', '2020-05-06 12:33:11', '28.5355161', '77.3910265', 'Noida, Uttar Pradesh, India'),
(37, 165, 'good trip1', '<p><strong>m Ipsum</strong>&nbsp;is simply dummy text of the printing and typesetting industry. Lorem Ipsum has been the industry&#39;s standard dummy text ever since the 1500s, when an unknown printer took a galley of type and scrambled it to make a type specimen book. It has survived not only five centuries, but also the leap into electronic typesetting, remaining essentially unchanged. It was popularised in the 1960s with the release of Letraset sheets containing Lorem Ipsum passages, and more recently with desktop publishing software like&nbsp;</p>\r\n', 'inspiration_image/download5.jpg', '2020-05-12 07:39:52', '2020-05-12 07:40:37', '26.8466937', '80.94616599999999', 'Lucknow, Uttar Pradesh, India');

-- --------------------------------------------------------

--
-- Table structure for table `inspiration_inspirationfavorites`
--

DROP TABLE IF EXISTS `inspiration_inspirationfavorites`;
CREATE TABLE `inspiration_inspirationfavorites` (
  `favid` int(11) NOT NULL,
  `inspiration_id` int(11) DEFAULT NULL,
  `user_id` int(11) DEFAULT NULL,
  `created_at` datetime NOT NULL,
  `updated_at` datetime NOT NULL
) ENGINE=InnoDB DEFAULT CHARSET=utf8;

--
-- Dumping data for table `inspiration_inspirationfavorites`
--

INSERT INTO `inspiration_inspirationfavorites` (`favid`, `inspiration_id`, `user_id`, `created_at`, `updated_at`) VALUES
(4, 9, 133, '2019-08-09 11:16:17', '2019-08-09 11:16:17'),
(5, 12, 135, '2019-08-13 10:16:36', '2019-08-13 10:16:36'),
(9, 14, 138, '2019-08-27 13:09:30', '2019-08-27 13:09:30'),
(10, 16, 136, '2019-08-28 06:26:06', '2019-08-28 06:26:06'),
(12, 18, 146, '2019-09-04 06:08:25', '2019-09-04 06:08:25'),
(16, 6, 31, '2019-09-04 12:32:52', '2019-09-04 12:32:52'),
(17, 11, 31, '2019-09-05 11:56:39', '2019-09-05 11:56:39'),
(18, 10, 31, '2019-09-05 11:57:19', '2019-09-05 11:57:19'),
(22, 7, 31, '2019-09-06 07:07:47', '2019-09-06 07:07:47'),
(23, 18, 141, '2019-09-06 11:28:34', '2019-09-06 11:28:34'),
(25, 18, 31, '2019-09-09 11:08:47', '2019-09-09 11:08:47'),
(26, 15, 31, '2019-09-09 11:10:08', '2019-09-09 11:10:08'),
(28, 22, 152, '2019-10-04 05:38:26', '2019-10-04 05:38:26'),
(29, 22, 151, '2019-10-04 05:45:56', '2019-10-04 05:45:56'),
(31, 24, 156, '2019-11-04 10:04:55', '2019-11-04 10:04:55'),
(32, 24, 155, '2019-11-04 10:17:00', '2019-11-04 10:17:00'),
(34, 25, 160, '2020-04-29 10:28:36', '2020-04-29 10:28:36'),
(35, 34, 162, '2020-05-01 06:48:37', '2020-05-01 06:48:37'),
(36, 37, 165, '2020-05-12 07:41:44', '2020-05-12 07:41:44');

-- --------------------------------------------------------

--
-- Table structure for table `inspiration_inspirationlikes`
--

DROP TABLE IF EXISTS `inspiration_inspirationlikes`;
CREATE TABLE `inspiration_inspirationlikes` (
  `likeid` int(11) NOT NULL,
  `user_id` int(11) DEFAULT NULL,
  `inspiration_id` int(11) DEFAULT NULL,
  `created_at` datetime NOT NULL,
  `updated_at` datetime NOT NULL,
  `like` varchar(1) NOT NULL
) ENGINE=InnoDB DEFAULT CHARSET=utf8;

--
-- Dumping data for table `inspiration_inspirationlikes`
--

INSERT INTO `inspiration_inspirationlikes` (`likeid`, `user_id`, `inspiration_id`, `created_at`, `updated_at`, `like`) VALUES
(1, 31, 4, '2019-08-07 11:09:05', '2019-08-07 13:47:48', '1'),
(2, 136, 15, '2019-08-27 07:26:31', '2019-08-27 11:06:30', '0'),
(3, 97, 14, '2019-08-27 08:13:38', '2019-08-27 08:22:59', '1'),
(4, 97, 13, '2019-08-27 08:14:29', '2019-08-27 08:16:23', '1'),
(5, 97, 15, '2019-08-27 08:22:24', '2019-08-27 10:54:22', '1'),
(6, 138, 14, '2019-08-27 13:09:14', '2019-08-27 13:09:24', '1'),
(7, 138, 16, '2019-08-28 05:11:43', '2019-08-28 05:28:52', '1'),
(8, 136, 16, '2019-08-28 06:32:14', '2019-08-28 06:32:14', '1'),
(9, 146, 17, '2019-09-03 10:20:48', '2019-09-03 10:20:48', '1'),
(10, 146, 18, '2019-09-04 06:23:55', '2019-09-04 06:23:55', '1'),
(11, 151, 22, '2019-10-03 06:58:00', '2019-10-03 06:58:00', '1'),
(12, 152, 22, '2019-10-04 05:37:38', '2019-10-04 05:37:38', '1'),
(13, 31, 1, '2019-10-10 10:40:08', '2019-10-10 11:02:20', '1'),
(14, 156, 24, '2019-11-04 10:04:43', '2019-11-04 10:28:31', '1'),
(15, 155, 24, '2019-11-04 10:59:07', '2019-11-04 10:59:07', '1'),
(16, 160, 25, '2020-04-29 08:07:57', '2020-04-29 08:07:57', '1'),
(17, 161, 27, '2020-04-30 11:35:57', '2020-04-30 11:35:57', '1'),
(18, 161, 28, '2020-04-30 11:36:03', '2020-04-30 11:36:03', '1'),
(19, 161, 29, '2020-04-30 11:36:08', '2020-04-30 11:36:08', '1'),
(20, 162, 34, '2020-05-01 06:49:24', '2020-05-01 06:49:24', '1'),
(21, 165, 37, '2020-05-12 07:43:06', '2020-05-12 07:43:06', '1');

-- --------------------------------------------------------

--
-- Table structure for table `inspiration_inspirationreview`
--

DROP TABLE IF EXISTS `inspiration_inspirationreview`;
CREATE TABLE `inspiration_inspirationreview` (
  `review_id` int(11) NOT NULL,
  `inspiration_id` int(11) DEFAULT NULL,
  `user_id` int(11) DEFAULT NULL,
  `rating` int(11) DEFAULT NULL,
  `comment` longtext,
  `status` varchar(1) NOT NULL,
  `created_at` datetime NOT NULL,
  `updated_at` datetime NOT NULL
) ENGINE=InnoDB DEFAULT CHARSET=utf8;

--
-- Dumping data for table `inspiration_inspirationreview`
--

INSERT INTO `inspiration_inspirationreview` (`review_id`, `inspiration_id`, `user_id`, `rating`, `comment`, `status`, `created_at`, `updated_at`) VALUES
(1, 4, 31, 4, 'testing\r\n', '1', '2019-08-07 11:44:11', '2019-09-06 07:11:34'),
(2, 8, 31, 5, 'testing 123\r\n', '1', '2019-08-08 08:47:02', '2019-09-05 12:13:07'),
(3, 12, 135, 2, 'Demo\n', '1', '2019-08-13 10:05:59', '2019-08-13 10:06:08'),
(4, 3, 136, 3, '', '1', '2019-08-26 13:10:45', '2019-08-26 13:10:45'),
(5, 15, 136, 4, 'Demo', '1', '2019-08-27 07:25:21', '2019-08-27 07:25:27'),
(6, 2, 31, 3, 'This is testing', '1', '2019-08-27 10:41:56', '2019-08-27 10:41:56'),
(7, 13, 138, 2, 'Review \n', '1', '2019-08-28 05:29:51', '2019-08-28 05:29:51'),
(8, 17, 146, 2, '', '1', '2019-09-03 10:40:49', '2019-09-03 10:40:49'),
(9, 10, 146, 2, 'Rating\n', '1', '2019-09-03 10:47:09', '2019-09-03 10:47:09'),
(10, 22, 152, 5, 'inspiration rewview by 1', '1', '2019-10-04 05:38:00', '2019-10-04 05:38:00'),
(11, 1, 31, 3, 'This is testing', '1', '2019-10-10 11:37:41', '2019-10-10 11:37:41'),
(12, 24, 156, 5, 'Submit Review\r\n', '1', '2019-11-04 10:05:26', '2019-11-04 10:05:26'),
(13, 37, 165, 2, 'poor', '1', '2020-05-12 07:42:54', '2020-05-12 07:42:54');

-- --------------------------------------------------------

--
-- Table structure for table `itinerary_activities`
--

DROP TABLE IF EXISTS `itinerary_activities`;
CREATE TABLE `itinerary_activities` (
  `id` int(11) NOT NULL,
  `activity_rating_id` int(11) DEFAULT NULL,
  `activity_title` varchar(255) NOT NULL,
  `activity_price` int(11) NOT NULL,
  `activity_website` varchar(255) DEFAULT NULL,
  `created_at` datetime NOT NULL,
  `updated_at` datetime NOT NULL
) ENGINE=InnoDB DEFAULT CHARSET=utf8;

-- --------------------------------------------------------

--
-- Table structure for table `itinerary_comment`
--

DROP TABLE IF EXISTS `itinerary_comment`;
CREATE TABLE `itinerary_comment` (
  `comment_id` int(11) NOT NULL,
  `user_id` int(11) DEFAULT NULL,
  `it_id` int(11) DEFAULT NULL,
  `comment` longtext,
  `created_at` datetime NOT NULL,
  `updated_at` datetime NOT NULL
) ENGINE=InnoDB DEFAULT CHARSET=utf8;

--
-- Dumping data for table `itinerary_comment`
--

INSERT INTO `itinerary_comment` (`comment_id`, `user_id`, `it_id`, `comment`, `created_at`, `updated_at`) VALUES
(1, 31, 256, 'sss', '2019-08-31 05:48:12', '2019-08-31 05:48:12'),
(2, 146, 260, 'Comment test', '2019-09-03 10:05:42', '2019-09-03 10:05:42'),
(3, 146, 259, 'Demo', '2019-09-03 10:13:26', '2019-09-03 10:13:26'),
(4, 146, 260, 'Demo', '2019-09-04 10:07:40', '2019-09-04 10:07:40'),
(5, 31, 279, 'good', '2019-09-09 10:41:13', '2019-09-09 10:41:13'),
(6, 31, 279, 'good1', '2019-09-09 10:48:38', '2019-09-09 10:48:38'),
(7, 97, 307, 'Testing', '2019-09-18 10:53:13', '2019-09-18 10:53:13'),
(8, 151, 313, 'oct trip ready', '2019-10-03 06:34:09', '2019-10-03 06:34:09'),
(9, 151, 313, 'ohk', '2019-10-03 06:34:29', '2019-10-03 06:34:29'),
(10, 151, 314, 'comment by october 1', '2019-10-04 05:34:04', '2019-10-04 05:34:04'),
(11, 151, 314, 'ohk', '2019-10-04 05:34:25', '2019-10-04 05:34:25'),
(12, 31, 256, 'This is a comment data. Thanks', '2019-10-10 13:48:15', '2019-10-10 13:48:15'),
(13, 31, 256, 'This is a comment data. Thanks', '2019-10-10 13:48:52', '2019-10-10 13:48:52'),
(14, 31, 256, 'This is a comment data. Thanks', '2019-10-10 13:50:28', '2019-10-10 13:50:28'),
(15, 155, 318, 'COMMENT', '2019-11-04 07:54:24', '2019-11-04 07:54:24'),
(16, 155, 318, 'comment bp treip1', '2019-11-04 07:58:35', '2019-11-04 07:58:35'),
(17, 155, 318, 'cp', '2019-11-04 08:03:18', '2019-11-04 08:03:18'),
(18, 155, 318, 'COMMENT', '2019-11-05 07:53:35', '2019-11-05 07:53:35'),
(19, 31, 311, 'THi sis testing.', '2019-11-05 11:21:10', '2019-11-05 11:21:10'),
(20, 151, 316, 'This is testing.', '2019-11-05 11:21:57', '2019-11-05 11:21:57'),
(21, 151, 316, 'Testing..', '2019-11-05 11:59:36', '2019-11-05 11:59:36'),
(22, 31, 316, 'Tested data', '2019-11-05 12:32:23', '2019-11-05 12:32:23'),
(23, 156, 270, 'COMMENT', '2019-11-06 10:03:37', '2019-11-06 10:03:37'),
(24, 160, 316, 'm', '2020-04-28 10:03:08', '2020-04-28 10:03:08'),
(25, 160, 328, 'good', '2020-04-28 10:06:29', '2020-04-28 10:06:29'),
(26, 31, 315, 'good', '2020-04-29 06:31:58', '2020-04-29 06:31:58'),
(27, 161, 332, 'super', '2020-04-30 07:26:20', '2020-04-30 07:26:20'),
(28, 31, 333, 'super', '2020-04-30 09:02:13', '2020-04-30 09:02:13'),
(29, 161, 333, 'good', '2020-04-30 09:03:36', '2020-04-30 09:03:36'),
(30, 162, 335, 'good', '2020-04-30 14:48:50', '2020-04-30 14:48:50'),
(31, 163, 343, 'good', '2020-05-06 08:29:47', '2020-05-06 08:29:47');

-- --------------------------------------------------------

--
-- Table structure for table `itinerary_daybydayactivities`
--

DROP TABLE IF EXISTS `itinerary_daybydayactivities`;
CREATE TABLE `itinerary_daybydayactivities` (
  `id` int(11) NOT NULL,
  `itinerary_id` int(11) DEFAULT NULL,
  `day_id` int(11) DEFAULT NULL,
  `activity_rating_id` int(11) DEFAULT NULL,
  `country_id` int(11) DEFAULT NULL,
  `city_id` int(11) DEFAULT NULL,
  `activity_title` varchar(255) NOT NULL,
  `activity_price` varchar(15) DEFAULT NULL,
  `activity_website` varchar(255) DEFAULT NULL,
  `activity_date` varchar(255) DEFAULT NULL,
  `latitude` varchar(255) DEFAULT NULL,
  `longitude` varchar(255) DEFAULT NULL,
  `place_name` varchar(255) DEFAULT NULL
) ENGINE=InnoDB DEFAULT CHARSET=utf8;

--
-- Dumping data for table `itinerary_daybydayactivities`
--

INSERT INTO `itinerary_daybydayactivities` (`id`, `itinerary_id`, `day_id`, `activity_rating_id`, `country_id`, `city_id`, `activity_title`, `activity_price`, `activity_website`, `activity_date`, `latitude`, `longitude`, `place_name`) VALUES
(1, 254, 115, 4, NULL, NULL, 'Ride the duck', '25', 'Ride the duck.com', '08/22/2019', '47.6214467', '-122.3469911', '516 Broad St, Seattle, WA 98109, USA'),
(2, 254, 115, 4, NULL, NULL, 'Space Needle', '25', '', '08/22/1978', '47.6205063', '-122.3492774', '400 Broad St, Seattle, WA 98109, USA'),
(3, 255, 116, 5, NULL, NULL, 'Day 1 activity', '1000', 'www.makemytrip.com', '25/08/2019', '28.5867145', '77.3727779', 'Block E, Sector 52, Noida, Uttar Pradesh 201301, India'),
(5, 258, 119, 5, NULL, NULL, 'Fun type', '125', '', '12/4/20', '-8.783195', '34.50852299999999', 'Africa'),
(6, 260, 121, 5, NULL, NULL, 'Day1 activity ', '1000', 'Www.makemytrip.com', '25/08/2019', '28.5355161', '77.3910265', 'Noida, Uttar Pradesh, India'),
(7, 264, 125, 5, NULL, NULL, 'Activity day1', '1000', 'Www.makemytrip.com', '28/08/209', '28.5355161', '77.3910265', 'Noida, Uttar Pradesh, India'),
(10, 268, 132, 3, NULL, NULL, 'Rafting', '25', 'www.google.com', '12/09/2018', '30.0869281', '78.2676116', 'Rishikesh, Uttarakhand, India'),
(11, 269, 133, 3, NULL, NULL, 'Rafting', '25', 'www.google.com', '12/09/2018', '30.0869281', '78.2676116', 'Rishikesh, Uttarakhand, India'),
(15, 278, 145, 3, NULL, NULL, 'Rafting', '25', 'www.google.com', '12/09/2019', '30.0869281', '78.2676116', 'Rishikesh, Uttarakhand, India'),
(16, 279, 146, 5, NULL, NULL, 'Activity 1', '123', '', '23/10/2020', '', '', ''),
(17, 279, 146, 3, NULL, NULL, 'Activity 2', '456', '', '25/10/2020', '', '', ''),
(20, 280, 149, 3, NULL, NULL, 'Trekking', '258', 'www.google.com', '12/09/2019', '30.72804', '79.605303', 'Uttarakhand 246443, India'),
(21, 280, 149, 3, NULL, NULL, 'Paragliding', '25', 'www.google.com', '12/02019', '30.0869281', '78.2676116', 'Rishikesh, Uttarakhand, India'),
(22, 281, 150, 4, NULL, NULL, 'Activity 1', '123', '', '23/12/2020', '28.5324428', '77.4052229', 'Noida Phase-2, Noida, Uttar Pradesh 201305, India'),
(23, 281, 150, 4, NULL, NULL, 'Activity 2', '234', '', '22/12/2021', '19.0759837', '72.8776559', 'Mumbai, Maharashtra, India'),
(24, 282, 151, NULL, NULL, NULL, '', '', '', '', '', '', ''),
(25, 283, 152, NULL, NULL, NULL, '', '', '', '', '', '', ''),
(26, 284, 153, NULL, NULL, NULL, '', '', '', '', '', '', ''),
(27, 285, 154, NULL, NULL, NULL, '', '', '', '', '', '', ''),
(28, 286, 155, NULL, NULL, NULL, '', '', '', '', '', '', ''),
(29, 287, 156, NULL, NULL, NULL, '', '', '', '', '', '', ''),
(32, 288, 159, NULL, NULL, NULL, '', '', '', '', '', '', ''),
(33, 289, 160, NULL, NULL, NULL, '', '', '', '', '', '', ''),
(34, 290, 161, NULL, NULL, NULL, '', '', '', '', '', '', ''),
(35, 291, 162, NULL, NULL, NULL, '', '', '', '', '', '', ''),
(36, 292, 163, NULL, NULL, NULL, '', '', '', '', '', '', ''),
(37, 293, 164, NULL, NULL, NULL, '', '', '', '', '', '', ''),
(38, 294, 165, NULL, NULL, NULL, '', '', '', '', '', '', ''),
(57, 298, 188, NULL, NULL, NULL, '', '', '', '', '', '', ''),
(66, 297, 202, 3, NULL, NULL, 'paragliding', '25', 'www.google.com', '12/09/2018', '30.0869281', '78.2676116', 'Rishikesh, Uttarakhand, India'),
(70, 300, 208, NULL, NULL, NULL, '', '', '', '', '', '', ''),
(71, 304, 209, NULL, NULL, NULL, '', '', '', '', '', '', ''),
(72, 307, 213, 4, 7, 148, 'Wednesday Activity', '157', 'www.google.com', '18-09-2019', '28.574814', '77.35571230000005', 'Wave City Center Noida, Sector 39A, Sector 32, Noida, Uttar Pradesh 201303, India'),
(73, 307, 213, 4, 7, 149, 'Thursday Activity', '157', 'www.google.com', '18-09-2019', '26.449923', '80.3318736', 'Wave City Center Noida, Sector 39A, Sector 32, Noida, Uttar Pradesh 201303, India'),
(74, 307, 214, 2, 7, 149, 'Thursday & Saturday Activity', '200', 'www.google.com', '18-09-2019', '26.449923', '80.3318736', 'Wave City Center Noida, Sector 39A, Sector 32, Noida, Uttar Pradesh 201303, India'),
(75, 310, 216, 4, 7, 148, 'Wednesday Activity', '1571', 'www.google.com', '18-09-2019', '28.574814', '77.35571230000005', 'Wave City Center Noida, Sector 39A, Sector 32, Noida, Uttar Pradesh 201303, India'),
(76, 309, 215, 4, 7, 148, 'Wednesday Activity', '1571', 'www.google.com', '18-09-2019', '28.5324428', '77.4052229', 'Noida Phase-2, Noida, Uttar Pradesh 201305, India'),
(78, 312, 221, 5, 7, 148, 'ActivitiesAdd  day1 ', '1000', 'www.makemytrip.com', '03-10-2019', '28.5355161', '77.39102649999995', 'Dadri Main Rd, Bhangel, Sector - 106, Noida, Uttar Pradesh 201304, India'),
(81, 313, 224, 5, 7, 170, 'OCT ACTIVITY', '1000', 'www.makemytrip.com', '03-10-2019', '28.5355161', '77.39102649999995', NULL),
(82, 314, 225, 4, 7, 150, 'Leh trip activity', '2000', 'www.makemytrip.com', '04-10-2019', '28.7086489', '77.11341399999992', '3, G Block Rd, Pocket 24, Sector 7F, Rohini, Delhi, 110085, India'),
(84, 315, 230, NULL, 7, 148, '', '', '', '', '28.5355161', '77.39102649999995', 'Dadri Main Rd, Bhangel, Sector - 106, Noida, Uttar Pradesh 201304, India'),
(92, 316, 238, 3, 7, 170, 'monday activity', '1100', 'www.makemytrip.com', '07-10-2019', '28.5355161', '77.39102649999995', 'Dadri Main Rd, Bhangel, Sector - 106, Noida, Uttar Pradesh 201304, India'),
(95, 317, 241, 5, 7, 169, 'day 1 activity', '2000', 'www.makemytrip.com', '08-10-2019', '28.5355161', '77.39102649999995', 'Dadri Main Rd, Bhangel, Sector - 106, Noida, Uttar Pradesh 201304, India'),
(96, 317, 242, 5, 7, 171, 'day 2 activity', '3000', 'www.makemytrip.com', '09-10-2019', '28.68627380000001', '77.22178310000004', 'Vidhan Sabha,  ,  ,  ,  , Delhi 110054, India'),
(97, 311, 243, NULL, NULL, NULL, '', '', '', '', '0', '0', ''),
(98, 318, 244, 5, 1, 172, 'day 1 activity', '1000', 'www.makemytrip.com', '05-11-2019', '-30.559482', '22.937505999999985', 'Unnamed Road, South Africa'),
(99, 319, 245, 1, 2, 173, 'day 1 activity', '1000', 'www.makemytrip.com', '06-11-2019', '7.946527', '-1.0231939999999895', 'Pru, Ghana'),
(100, 320, 246, 3, 7, 148, 'activity day 1', '11', 'www.makemytrip.com', '07-11-2019', '28.5355161', '77.39102649999995', '14, Sector 125, Noida, Uttar Pradesh, India'),
(101, 321, 247, 2, 7, 148, 'activ', '11', 'www.makemytrip.com', '14-11-2019', '28.5355161', '77.39102649999995', '14, Sector 125, Noida, Uttar Pradesh, India'),
(102, 326, 248, NULL, NULL, NULL, '', '', '', '', '0', '0', ''),
(103, 327, 249, NULL, NULL, NULL, '', '', '', '', '0', '0', ''),
(109, 332, 256, NULL, NULL, NULL, '', '', '', '', '0', '0', ''),
(118, 333, 265, NULL, 7, 174, '', '', '', '', '26.9124336', '75.7872709', '172, Gomes Defence Colony, Vaishali Nagar, Jaipur, Rajasthan 302006, India'),
(119, 331, 266, 4, 7, 155, 'Rafting', '130', 'http://148.76.75.203:8001/create_itinerary/', '29-04-2020', '28.4931355', '77.3034871', 'Badarpur Border, Block B, Block E, Mohan Cooperative Industrial Estate, Badarpur, New Delhi, Delhi 110044, India'),
(120, 331, 266, 4, 7, 148, 'Rafting', '5000', 'http://148.76.75.203:8001/', '30-04-2020', '28.5265765', '77.4006292', '67, Sector 83 Block A Rd, A Block, Sector 83, Noida, Uttar Pradesh 201305, India'),
(125, 335, 271, 5, 7, 175, 'my first activity', '20', 'https://www.google.com/', '24-04-2020', '31.1048145', '77.17340329999999', '7833079848 7833079848, Middle Bazar, The Mall, Shimla, Himachal Pradesh 174026, India'),
(126, 336, 272, 4, NULL, NULL, 'NotreDam Cathedtral', '10', 'https://notredamecathedralparis.com/', '16-04-2020', '0', '0', 'notre Dame Cathedral'),
(127, 330, 273, NULL, NULL, NULL, '', '', '', '', '0', '0', ''),
(129, 338, 275, 5, 7, 176, 'indore activety', '222', 'https://www.google.com/', '01-05-2020', '22.7195687', '75.8577258', '156, Risi Nagar, Ada Bazar, Indore, Madhya Pradesh 452007, India'),
(132, 339, 278, NULL, NULL, NULL, '', '', '', '', '0', '0', ''),
(134, 340, 280, NULL, NULL, NULL, '', '', '', '', '0', '0', ''),
(135, 256, 281, NULL, NULL, NULL, '', '', '', '', '0', '0', ''),
(138, 329, 284, NULL, NULL, NULL, '', '', '', '', '0', '0', ''),
(140, 342, 286, NULL, NULL, NULL, '', '', '', '', '0', '0', ''),
(146, 343, 292, NULL, NULL, NULL, '', '', '', '', '0', '0', ''),
(148, 344, 294, NULL, NULL, NULL, '', '', '', '', '0', '0', ''),
(153, 345, 299, NULL, NULL, NULL, '', '', '', '', '0', '0', ''),
(154, 346, 300, 5, 7, 154, 'My Activity ', '20', 'https://www.google.com/', '4/5/2020', '26.8466937', '80.94616599999999', 'barelib.k.varanasi.jeyparkash.nagar.221010, Azar collage, Lalbagh, Lucknow, Uttar Pradesh 226001, India'),
(160, 347, 306, 5, 7, 149, 'Today activity', '20', 'google.com', '05-06-2020', '26.449923', '80.3318736', '14/121, The Mall, Dhaka Purwa, Parade, Kanpur, Uttar Pradesh 208001, India'),
(161, 349, 307, 5, 7, 149, 'kanpur activity', '20', 'google.com', '05-06-2020', '26.449923', '80.3318736', '14/121, The Mall, Dhaka Purwa, Parade, Kanpur, Uttar Pradesh 208001, India'),
(162, 350, 308, 3, 202, 177, 'Speed boat ride', '150', 'speedboatrides.com', '02-04-2020', '14.089372', '-60.954758', 'Unnamed Road, Gros Islet, St Lucia'),
(163, 350, 308, 4, 202, 178, 'Mud Baths', '30', 'mudbaths.com', '02-04-2020', '13.8380021', '-61.0463908', 'sulphur springs access road Soufriere, Malgretoute, St Lucia'),
(164, 341, 309, 4, 7, 155, 'Rafting', '125', 'http://tripsanditineraries.com/', '12-05-2020', '28.4931355', '77.3034871', 'Badarpur Border, Block B, Block E, Mohan Cooperative Industrial Estate, Badarpur, New Delhi, Delhi 110044, India'),
(174, 351, 313, 5, 7, 179, 'act1', '20', 'google.com', '05-12-2020', '25.5940947', '85.1375645', '171-C, S K, Danapur Nizamat, Mithapur, Puri, Bihar 800001, India'),
(175, 351, 313, 4, 7, 182, 'act1', '30', 'google.com', '05-13-2020', '27.1766701', '78.00807449999999', '28/256, Pathwari, Belanganj, Civil Lines, Agra, Uttar Pradesh 282001, India'),
(176, 351, 313, 3, 7, 181, 'act2', '10', 'google.com', '05-14-2020', '28.9844618', '77.7064137', '358, Pragati Nagar, Meerut, Uttar Pradesh 250002, India'),
(179, 352, 315, 4, 7, 183, 'Activity 1', '125', 'http://tripsanditineraries.com/', '05-11-2020', '28.3858823', '77.0607728', '009, Ramgarh, Sector 67, Gurugram, Haryana 122002, India'),
(180, 352, 315, 4, NULL, NULL, 'Rafting', '5000', 'http://148.76.75.203:8001/', '05-27-2020', '18.33576499999999', '-64.896335', '4406 Weymouth Rhymer Hwy, St Thomas 00802, USVI'),
(181, 353, 316, 3, 7, 148, 'Rafting', '125', 'http://tripsanditineraries.com/', '05-12-2020', '28.5729847', '77.32490430000001', 'Budha Tower, Captain Vijyant Thapar Marg, Noida Sector 18, Atta Market, Pocket E, Sector 27, Noida, Uttar Pradesh 201301, India'),
(182, 353, 316, 2, 7, 149, 'Rafting', '5000', 'http://148.76.75.203:8001/', '05-20-2020', '26.449923', '80.3318736', '14/121, The Mall, Dhaka Purwa, Parade, Kanpur, Uttar Pradesh 208001, India'),
(183, 353, 316, 3, 50, 184, 'Rafting 3', '120', 'http://148.76.75.203:8001/create_itinerary/', '05-13-2020', '39.09205310000001', '-76.8177498', '331 Vale Summit S, Laurel, MD 20724, USA'),
(196, 355, 321, 5, 7, 154, 'act1', '10', 'google.com', '05-13-2020', '26.8466937', '80.94616599999999', 'barelib.k.varanasi.jeyparkash.nagar.221010, Azar collage, Lalbagh, Lucknow, Uttar Pradesh 226001, India'),
(197, 355, 321, 4, 7, 183, 'act2', '20', 'google.com', '05-14-2020', '28.4594965', '77.0266383', '4302, DLF Phase IV, DLF, Gurugram, Haryana 122001, India'),
(198, 355, 321, 3, 7, 187, 'act3', '30', 'google.com', '05-15-2020', '23.2599333', '77.412615', '3/35, MATA MANDIR, Kewra Bagh, AMBEDKAR NAGAR, Bhopal, Madhya Pradesh 462003, India'),
(199, 354, 322, 1, 7, 185, 'act1', '11', 'google.com', '06-01-2020', '27.4924134', '77.673673', '148, KRISHNA TOWN, Mathura, Uttar Pradesh 281001, India'),
(200, 354, 322, 3, 7, 186, 'act2', '12', 'google.com', '06-02-2020', '32.1757606', '75.5640593', 'Unnamed Road, Jakrawar, Punjab 145025, India'),
(201, 354, 322, 3, 7, 149, 'act3', '14', 'google.com', '06-03-2020', '26.449923', '80.3318736', '14/121, The Mall, Dhaka Purwa, Parade, Kanpur, Uttar Pradesh 208001, India'),
(202, 354, 322, 4, 7, 188, 'act4', '20', 'google.com', '05-30-2020', '23.838805', '78.7378068', '5, Civil Lines, Sagar, Madhya Pradesh 470001, India'),
(203, 354, 322, 2, 7, 189, 'act5', '12', 'google.com', '05-21-2020', '23.2599333', '77.412615', '3/35, MATA MANDIR, Kewra Bagh, AMBEDKAR NAGAR, Bhopal, Madhya Pradesh 462003, India'),
(204, 354, 322, 2, 7, 190, 'act6', '99', 'google.com', '05-16-2020', '28.5355161', '77.3910265', '14, Bhangel, Sector 125, Noida, Uttar Pradesh, India'),
(209, 357, 327, 3, 7, 181, 'act1', '44', 'google.com', '05-13-2020', '28.9844618', '77.7064137', '358, Pragati Nagar, Meerut, Uttar Pradesh 250002, India'),
(210, 358, 328, 3, 7, 148, 'Rafting Sunday', '125', 'http://tripsanditineraries.com/', '05-27-2020', '28.5729847', '77.32490430000001', 'Budha Tower, Captain Vijyant Thapar Marg, Noida Sector 18, Atta Market, Pocket E, Sector 27, Noida, Uttar Pradesh 201301, India'),
(211, 358, 328, 4, 7, 149, 'Rafting', '5000', 'http://148.76.75.203:8001/', '05-27-2020', '26.449923', '80.3318736', '14/121, The Mall, Dhaka Purwa, Parade, Kanpur, Uttar Pradesh 208001, India'),
(213, 359, 331, 5, 7, 191, 'act', '20', 'google.com', '05-07-2020', '30.71952799999999', '76.809856', 'Plot No. 5, Madhya Marg, 28B, Sector 28 B, Chandigarh, 160028, India'),
(214, 361, 333, 4, 7, 148, 'Rafting Monday', '120000', 'https://tripsanditineraries.com/', '05-19-2020', '28.5355161', '77.3910265', '14, Bhangel, Sector 125, Noida, Uttar Pradesh, India'),
(219, 364, 339, 3, 50, 133, 'act1', '11', 'google.com', '05-13-2020', '29.7604267', '-95.3698028', '900 Bagby St, Houston, TX 77002, USA'),
(220, 364, 340, 3, 23, 192, 'acr', '20', 'google.com', '05-27-2020', '20.65969879999999', '-103.3496092', 'Loma Mazamitla Sur, La Aurora, 44790 Guadalajara, Jal., Mexico'),
(225, 365, 345, 4, 7, 189, 'bhopal act', '21', 'google.com', '05-13-2020', '23.2599333', '77.412615', '3/35, MATA MANDIR, Kewra Bagh, AMBEDKAR NAGAR, Bhopal, Madhya Pradesh 462003, India'),
(227, 366, 347, 3, 7, 176, 'act2', '12', 'google.com', '05-15-2020', '22.7195687', '75.8577258', '156, Risi Nagar, Ada Bazar, Indore, Madhya Pradesh 452007, India'),
(232, 367, 351, 3, 7, 148, 'act1', '11', 'google.com', '05-30-2020', '28.5355161', '77.3910265', '14, Bhangel, Sector 125, Noida, Uttar Pradesh, India');

-- --------------------------------------------------------

--
-- Table structure for table `itinerary_daybydayactivitytips`
--

DROP TABLE IF EXISTS `itinerary_daybydayactivitytips`;
CREATE TABLE `itinerary_daybydayactivitytips` (
  `id` int(11) NOT NULL,
  `itinerary_id` int(11) DEFAULT NULL,
  `day_id` int(11) DEFAULT NULL,
  `activity_id` int(11) DEFAULT NULL,
  `dayactivity_tips` longtext
) ENGINE=InnoDB DEFAULT CHARSET=utf8;

--
-- Dumping data for table `itinerary_daybydayactivitytips`
--

INSERT INTO `itinerary_daybydayactivitytips` (`id`, `itinerary_id`, `day_id`, `activity_id`, `dayactivity_tips`) VALUES
(6, 278, 145, 15, 'Good1'),
(7, 278, 145, 15, 'Good2'),
(8, 279, 146, 16, 'Tips 1\n'),
(9, 279, 146, 17, 'Tips 2\n'),
(12, 280, 149, 20, 'Good'),
(13, 280, 149, 21, 'Good trip'),
(14, 280, 149, 21, 'Good trip1'),
(15, 281, 150, 22, 'Tips 1'),
(16, 281, 150, 22, 'Tips 2'),
(17, 281, 150, 22, 'Tips 3\n'),
(18, 281, 150, 23, 'Trip 11'),
(19, 281, 150, 23, 'Trip 12\n'),
(20, 282, 151, 24, ''),
(21, 283, 152, 25, ''),
(22, 284, 153, 26, ''),
(23, 285, 154, 27, ''),
(24, 286, 155, 28, ''),
(25, 287, 156, 29, ''),
(28, 288, 159, 32, ''),
(29, 289, 160, 33, ''),
(30, 290, 161, 34, ''),
(31, 291, 162, 35, ''),
(32, 292, 163, 36, ''),
(33, 293, 164, 37, ''),
(34, 294, 165, 38, ''),
(53, 298, 188, 57, ''),
(62, 297, 202, 66, 'good'),
(66, 300, 208, 70, ''),
(67, 304, 209, 71, ''),
(68, 307, 213, NULL, 'Here is a list of websites, blogs, vlogs, and other materials I leveraged to ensure this trip was perfect...'),
(69, 310, 216, NULL, 'Here is a list of websites, blogs, vlogs, and other materials I leveraged to ensure this trip was perfect..'),
(71, 312, 221, 78, 'ActivitiesAdd '),
(74, 313, 224, 81, 'tIPS & TRIK 1'),
(75, 314, 225, 82, 'Tip & trick 1'),
(76, 314, 225, 82, 'Tip & trick 2'),
(84, 316, 238, 92, 'Tips & Tricks1'),
(87, 317, 241, 95, 'Tips & Tricks 1'),
(88, 317, 241, 95, 'Tips & Tricks 2'),
(89, 318, 244, 98, 'Tips & Tricks\r\n'),
(90, 319, 245, 99, 'Tips & Tricks1\r\n'),
(91, 319, 245, 99, 'Tips & Tricks2\r\n'),
(92, 321, 247, 101, 'Tips & Tricks\r\n'),
(97, 331, 266, 119, 'Contrary to popular belief, Lorem Ipsum is not simply random text. It has roots in a piece of classical Latin literature from 45 BC,'),
(98, 331, 266, 120, 'What is Lorem Ipsum?\r\nLorem Ipsum is simply dummy text of the printing and typesetting industry. Lorem Ipsum has been the industry\'s standard dummy text ever'),
(103, 345, 299, 153, 'he printing and typesetting industry. Lorem Ipsum has been the industry\'s standard dummy text ever since the 1500s, when an unknown printer took a galley of type and scrambled it to make a type specimen book. It has survived not only five centuries, but also the leap into electronic typesetting, remaining essentially unchanged. It was popularised in the 1960s with the release of Letraset sheets containing Lorem Ipsum passages, and more recently with desktop publishing software like Aldus PageMaker including'),
(104, 350, 308, 162, 'They pick you up at the hotel which was great.  Boat ride is a bit bumpy and you may get sea sick if you\'re easily prone.'),
(105, 350, 308, 162, 'Bring a towel and lots of sun screen.  They do provide water and rum punch on the boat ride, but that is it.'),
(106, 350, 308, 162, 'You\'ll make several stops along the way --- like a bat cave, where the Pirates of the Caribbean was filmed, etc.'),
(107, 350, 308, 163, 'It is really stinky, so be prepared.  Also, there are numerous vendors on the walk to the baths that may get a little aggressive in trying to sell you things.  There is a little snack shop but not much as far as food, so be prepared to eat prior to arriving.  It\'s about a 20 minute car ride from the dock to the springs.  '),
(108, 341, 309, 164, 'There are many variations of passages of Lorem Ipsum available, but the majority have suffered alteration in some form, by injected humou.'),
(109, 358, 328, 210, 'Tips & Tricks\r\n'),
(110, 358, 328, 211, 'Tips & Tricks\r\n');

-- --------------------------------------------------------

--
-- Table structure for table `itinerary_daybydayadddays`
--

DROP TABLE IF EXISTS `itinerary_daybydayadddays`;
CREATE TABLE `itinerary_daybydayadddays` (
  `id` int(11) NOT NULL,
  `itinerary_id` int(11) DEFAULT NULL,
  `mealsprice_id` int(11) DEFAULT NULL,
  `dining_rating_id` int(11) DEFAULT NULL,
  `day_title` varchar(255) NOT NULL,
  `dining_title` varchar(255) DEFAULT NULL,
  `dining_website` varchar(255) DEFAULT NULL
) ENGINE=InnoDB DEFAULT CHARSET=utf8;

--
-- Dumping data for table `itinerary_daybydayadddays`
--

INSERT INTO `itinerary_daybydayadddays` (`id`, `itinerary_id`, `mealsprice_id`, `dining_rating_id`, `day_title`, `dining_title`, `dining_website`) VALUES
(115, 254, 7, 4, 'Sightseeing in the city', 'Space Needle', ''),
(116, 255, 7, 5, 'Day 1 name', 'Restaurant name', 'www.makemytrip.com'),
(119, 258, NULL, NULL, 'Day Activity', '', ''),
(120, 259, 5, 4, 'Arrival', 'Frankies Modern Diner', ''),
(121, 260, 7, 5, 'Day 1', 'Restaurant name', 'Www.makemytrip.com'),
(122, 261, NULL, NULL, '', '', ''),
(123, 262, NULL, NULL, '', '', ''),
(124, 263, NULL, NULL, '', '', ''),
(125, 264, 7, 5, 'Day 1', 'Meal resturant', 'Www.makemytrip.com'),
(127, 265, NULL, NULL, '', '', ''),
(128, 266, NULL, NULL, '', '', ''),
(129, 267, NULL, NULL, '', '', ''),
(132, 268, 6, 4, 'Friday', 'Mithaas', 'www.google.com'),
(133, 269, 6, 4, 'Friday', 'Mithaas', 'www.google.com'),
(135, 270, NULL, NULL, 'Trip 1', '', ''),
(136, 271, NULL, NULL, 'Trip 1', '', ''),
(137, 272, NULL, NULL, 'Trip 1', '', ''),
(138, 273, NULL, NULL, '', '', ''),
(139, 274, NULL, NULL, '', '', ''),
(140, 275, NULL, NULL, '', '', ''),
(141, 276, NULL, NULL, '', '', ''),
(143, 277, NULL, NULL, '', '', ''),
(145, 278, 5, 4, 'Monday', 'Red', 'www.google.com'),
(146, 279, NULL, NULL, 'Day1', '', ''),
(149, 280, 4, 2, 'Saturday', 'Mithas', 'www.google.com'),
(150, 281, NULL, NULL, 'Day 1', '', ''),
(151, 282, NULL, NULL, '', '', ''),
(152, 283, NULL, NULL, '', '', ''),
(153, 284, NULL, NULL, '', '', ''),
(154, 285, NULL, NULL, '', '', ''),
(155, 286, NULL, NULL, '', '', ''),
(156, 287, NULL, NULL, '', '', ''),
(159, 288, NULL, NULL, '', '', ''),
(160, 289, NULL, NULL, '', '', ''),
(161, 290, NULL, NULL, '', '', ''),
(162, 291, NULL, NULL, '', '', ''),
(163, 292, NULL, NULL, '', '', ''),
(164, 293, NULL, NULL, '', '', ''),
(165, 294, NULL, NULL, '', '', ''),
(184, 299, NULL, NULL, '', '', ''),
(188, 298, NULL, NULL, '', '', ''),
(191, 302, NULL, NULL, '', '', ''),
(197, 303, NULL, NULL, '', '', ''),
(202, 297, 6, 3, 'thursday test', 'mithaas', 'www.google.com'),
(204, 305, NULL, NULL, '', '', ''),
(205, 296, NULL, NULL, '', '', ''),
(208, 300, NULL, NULL, '', '', ''),
(209, 304, NULL, NULL, '', '', ''),
(212, 301, NULL, NULL, '', '', ''),
(213, 307, 5, 2, 'Wednesday Itineraries', 'Mithas Restaurant', 'www.google.com'),
(214, 307, 4, 3, 'Thursday Itineraries', 'Aggrawal Restaurant', 'www.google.com'),
(215, 309, 5, 4, 'Wednesday Itineraries', 'Mithas Restaurant', 'www.google.com'),
(216, 310, 5, 4, 'Wednesday Itineraries', 'Mithas Restaurant', 'www.google.com'),
(221, 312, 7, 5, 'Day by Day Itinerary 1', 'Resturant name source', 'www.makemytrip.com'),
(224, 313, 7, 5, 'OCT', 'Sourcesoft', 'www.makemytrip.com'),
(225, 314, 7, 4, 'Day 1 itineraires', 'Sai resturant', 'www.makemytrip.com'),
(230, 315, NULL, NULL, '', '', ''),
(238, 316, 7, 3, 'october day 1 ', 'zayka resturant', 'www.makemytrip.com'),
(241, 317, 7, 5, 'day 1', 'meal day 1', 'www.makemytrip.com'),
(242, 317, 6, 5, 'day 2 ', 'meal day 2', 'www.makemytrip.com'),
(243, 311, NULL, NULL, '', '', ''),
(244, 318, 7, 5, 'day 1 itinerary', 'Sourcesoft', 'www.makemytrip.com'),
(245, 319, 6, 1, 'day 1 name', 'soft', 'www.makemytrip.com'),
(246, 320, 5, 3, 'day 1 name', 'resturant name', 'www.makemytrip.com'),
(247, 321, 5, 3, 'day 111', 'rest', 'www.makemytrip.com'),
(248, 326, NULL, NULL, '', '', ''),
(249, 327, NULL, NULL, '', '', ''),
(250, 328, NULL, NULL, '', '', ''),
(256, 332, NULL, NULL, '', '', ''),
(265, 333, NULL, NULL, '', '', ''),
(266, 331, 6, 3, 'Sunday', 'sagar ratna', 'https://www.zomato.com/lucknow/sagar-ratna-gomti-nagar'),
(271, 335, NULL, NULL, '', '', ''),
(272, 336, NULL, NULL, 'Sightseeing around town', '', ''),
(273, 330, NULL, NULL, '', '', ''),
(275, 338, NULL, NULL, 'monday', 'my restaurant', ''),
(278, 339, NULL, NULL, '', '', ''),
(280, 340, NULL, NULL, '', '', ''),
(281, 256, NULL, NULL, '', '', ''),
(284, 329, NULL, NULL, '', '', ''),
(286, 342, NULL, NULL, '', '', ''),
(292, 343, NULL, NULL, '', '', ''),
(294, 344, NULL, NULL, '', '', ''),
(299, 345, 6, 5, 'Monday', 'my restaurent', 'https://www.google.com/'),
(300, 346, NULL, NULL, '', '', ''),
(306, 347, NULL, NULL, '', '', ''),
(307, 349, NULL, NULL, '', '', ''),
(308, 350, 7, 4, 'Trip to Volcano', 'The Landings', 'At hotel'),
(309, 341, 7, 3, 'Tuesday', 'Ashoka', 'http://tripsanditineraries.com/'),
(313, 351, NULL, NULL, '', '', ''),
(315, 352, NULL, NULL, 'Sunday', '', ''),
(316, 353, NULL, NULL, 'Sunday', '', ''),
(321, 355, NULL, NULL, '', '', ''),
(322, 354, NULL, NULL, '', '', ''),
(327, 357, NULL, NULL, '', '', ''),
(328, 358, 6, 4, 'Sunday to Tuesday', 'Sagar Ratna Restaurant', 'http://tripsanditineraries.com/'),
(331, 359, NULL, NULL, '', 'my restorent', ''),
(332, 360, 5, 3, 'Sunday', 'Ashoka Restaurant', 'http://tripsanditineraries.com/'),
(333, 361, 6, 4, 'Monday to Wednesday', 'Ashoka Monday', 'http://127.0.0.1:8000'),
(334, 362, NULL, NULL, '', '', ''),
(339, 364, 5, 3, '', 'nn', ''),
(340, 364, 7, NULL, '', '', ''),
(345, 365, NULL, NULL, '', '', ''),
(347, 366, NULL, NULL, 'day1', '', ''),
(351, 367, NULL, NULL, '', '', '');

-- --------------------------------------------------------

--
-- Table structure for table `itinerary_daybydayaddphotos`
--

DROP TABLE IF EXISTS `itinerary_daybydayaddphotos`;
CREATE TABLE `itinerary_daybydayaddphotos` (
  `id` int(11) NOT NULL,
  `itinerary_id` int(11) DEFAULT NULL,
  `daybyday_id` int(11) DEFAULT NULL,
  `daybyday_image` varchar(100) NOT NULL
) ENGINE=InnoDB DEFAULT CHARSET=utf8;

--
-- Dumping data for table `itinerary_daybydayaddphotos`
--

INSERT INTO `itinerary_daybydayaddphotos` (`id`, `itinerary_id`, `daybyday_id`, `daybyday_image`) VALUES
(1, 255, 116, 'daybyday_image/daybydayphoto0_sxTh5k5.jpg'),
(4, 260, 121, 'daybyday_image/daybydayphoto0_2D69niy.jpg'),
(5, 264, 125, 'daybyday_image/daybydayphoto0_J8EItHp.jpg'),
(10, 268, 132, 'daybyday_image/daybydayphoto0_vpWF8uW.jpg'),
(11, 269, 133, 'daybyday_image/daybydayphoto0_NWEfNSk.jpg'),
(16, 278, 145, 'daybyday_image/daybydayphoto0_xSrBm67.jpg'),
(17, 278, 145, 'daybyday_image/daybydayphoto1_lVlcgUe.jpg'),
(21, 280, 149, 'daybyday_image/daybydayphoto0_rOFcD6H.jpg'),
(38, 297, 202, 'daybyday_image/daybydayphoto0_LQKzWwH.jpg'),
(39, 307, 213, 'daybyday_image/images_7.jpeg'),
(40, 307, 213, 'daybyday_image/images_5.jpg'),
(41, 307, 213, 'daybyday_image/images_3.jpg'),
(42, 307, 213, 'daybyday_image/images_2.jpeg'),
(43, 309, 215, 'daybyday_image/images_1.jpeg'),
(44, 309, 215, 'daybyday_image/images_3_Ugp8ys8.jpg'),
(45, 309, 215, 'daybyday_image/images_7_7c4eOaG.jpeg'),
(46, 310, 216, 'daybyday_image/images_1_cq3UCs4.jpeg'),
(47, 310, 216, 'daybyday_image/images_3_vTIXOP1.jpg'),
(48, 310, 216, 'daybyday_image/images_7_6bkufXv.jpeg'),
(49, 312, 221, 'daybyday_image/4p.jpg'),
(52, 313, 224, 'daybyday_image/2p_7Qx3wCl.jpg'),
(61, 316, 238, 'daybyday_image/4p_PBDVeA1.jpg'),
(64, 317, 241, 'daybyday_image/4p_osEJiv0.jpg'),
(65, 317, 242, 'daybyday_image/2p_xvlQqNW.jpg'),
(66, 318, 244, 'daybyday_image/auli2_RwV2090.jpg'),
(67, 319, 245, 'daybyday_image/auli2_ewBUAE0.jpg'),
(68, 320, 246, 'daybyday_image/auli1_xVKdTGm.jpg'),
(69, 320, 246, 'daybyday_image/auli1_RgSN6KN.jpg'),
(70, 320, 246, 'daybyday_image/auli1_i8dCHec.jpg'),
(71, 320, 246, 'daybyday_image/auli1_Preao5a.jpg'),
(72, 321, 247, 'daybyday_image/5p.jpg'),
(81, 331, 266, 'daybyday_image/image_trips.jpg'),
(82, 331, 266, 'daybyday_image/image_trips_1.jpg'),
(83, 331, 266, 'daybyday_image/image_trips_2.jpg'),
(84, 331, 266, 'daybyday_image/image_trips_3.jpg'),
(85, 256, 281, ''),
(90, 341, 309, 'daybyday_image/image_trips_KlNBwud.jpg'),
(91, 341, 309, 'daybyday_image/image_trips_3_EAGXDzq.jpg'),
(93, 352, 315, 'daybyday_image/image_trips_1_6eGM7lO.jpg'),
(94, 353, 316, 'daybyday_image/image_trips_2_gmYmIjg.jpg'),
(95, 358, 328, 'daybyday_image/image_trips_2_zOTHYIu.jpg'),
(96, 360, 332, 'daybyday_image/image_trips_lvmdBOI.jpg'),
(97, 360, 332, 'daybyday_image/image_trips_1_Jfsmy7Q.jpg'),
(98, 361, 333, 'daybyday_image/Chrysanthemum.jpg'),
(99, 361, 333, 'daybyday_image/Desert.jpg');

-- --------------------------------------------------------

--
-- Table structure for table `itinerary_diningtips`
--

DROP TABLE IF EXISTS `itinerary_diningtips`;
CREATE TABLE `itinerary_diningtips` (
  `id` int(11) NOT NULL,
  `itinerary_id` int(11) DEFAULT NULL,
  `day_id` int(11) DEFAULT NULL,
  `dining_tips` longtext
) ENGINE=InnoDB DEFAULT CHARSET=utf8;

--
-- Dumping data for table `itinerary_diningtips`
--

INSERT INTO `itinerary_diningtips` (`id`, `itinerary_id`, `day_id`, `dining_tips`) VALUES
(1, 254, 115, '\n\n'),
(2, 255, 116, 'Tip&trick4'),
(6, 258, 119, ''),
(7, 259, 120, 'Great place for a good hearty meal.  Good kids menu!\n\n\nGreat Hearty meals, great service and great kids menu!\n\n\n'),
(8, 260, 121, 'Tip\n'),
(9, 261, 122, ''),
(10, 262, 123, ''),
(11, 263, 124, ''),
(12, 264, 125, 'Tip n trick\n'),
(13, 264, 125, 'Tip n trick\n'),
(15, 265, 127, ''),
(16, 266, 128, ''),
(17, 267, 129, ''),
(19, 278, 145, 'Good'),
(20, 279, 146, ''),
(22, 280, 149, 'Good'),
(23, 281, 150, ''),
(24, 282, 151, ''),
(25, 283, 152, ''),
(26, 284, 153, ''),
(27, 285, 154, ''),
(28, 286, 155, ''),
(29, 287, 156, ''),
(30, 288, 159, ''),
(31, 289, 160, ''),
(32, 290, 161, ''),
(33, 291, 162, ''),
(34, 292, 163, ''),
(35, 293, 164, ''),
(36, 294, 165, ''),
(53, 298, 188, ''),
(62, 297, 202, 'good1'),
(64, 307, 213, 'Here is a list of websites, blogs, vlogs, and other materials I leveraged to ensure this trip was perfect..'),
(65, 310, 216, 'Here is a list of websites, blogs, vlogs, and other materials I leveraged to ensure this trip was perfect..'),
(67, 312, 221, 'ActivitiesAdd '),
(70, 313, 224, 'tips & trick 1'),
(71, 314, 225, 'Tip& trik 1'),
(72, 314, 225, 'Tip & trick2'),
(74, 315, 230, ''),
(82, 316, 238, 'Tips & Tricks1'),
(86, 317, 241, 'Tips & Tricks 1'),
(87, 317, 241, 'Tips & Tricks 2'),
(88, 317, 242, 'Tips & Tricks 1'),
(89, 311, 243, ''),
(90, 318, 244, 'Tips & Tricks\r\n'),
(91, 319, 245, 'Tips & Tricks1\r\n'),
(92, 319, 245, 'Tips & Tricks2'),
(93, 320, 246, 'Tips & Tricks\r\n'),
(94, 320, 246, 'Tips & Tricks\r\n'),
(95, 321, 247, 'Tips & Tricks\r\n'),
(96, 326, 248, ''),
(97, 327, 249, ''),
(98, 328, 250, ''),
(104, 332, 256, ''),
(113, 333, 265, ''),
(114, 331, 266, 'There are many variations of passages of Lorem Ipsum available, but the majority have suffered alteration in some form, by injected humour'),
(119, 335, 271, ''),
(120, 336, 272, ''),
(121, 330, 273, ''),
(123, 338, 275, ''),
(126, 339, 278, ''),
(128, 340, 280, ''),
(129, 256, 281, ''),
(132, 329, 284, ''),
(134, 342, 286, ''),
(140, 343, 292, ''),
(142, 344, 294, ''),
(147, 345, 299, 'he printing and typesetting industry. Lorem Ipsum has been the industry\'s standard dummy text ever since the 1500s, when an unknown printer took a galley of type and scrambled it to make a type specimen book. It has survived not only five centuries, but also the leap into electronic typesetting, remaining essentially unchanged. It was popularised in the 1960s with the release of Letraset sheets containing Lorem Ipsum passages, and more recently with desktop publishing software like Aldus PageMaker including'),
(148, 346, 300, ''),
(154, 347, 306, ''),
(155, 349, 307, ''),
(156, 350, 308, 'Need to make a reservation as there aren\'t many tables.  Great atmosphere along the canal and usually have live, local music.'),
(157, 341, 309, 'There are many variations of passages of Lorem Ipsum available, but the majority have suffered alteration in some form.'),
(161, 351, 313, ''),
(163, 352, 315, ''),
(164, 353, 316, ''),
(169, 355, 321, ''),
(170, 354, 322, ''),
(175, 357, 327, ''),
(176, 358, 328, 'Tips & Tricks\r\n'),
(178, 359, 331, ''),
(179, 361, 333, 'Tips & Tricks '),
(184, 364, 339, ''),
(185, 364, 340, ''),
(190, 365, 345, ''),
(192, 366, 347, ''),
(196, 367, 351, '');

-- --------------------------------------------------------

--
-- Table structure for table `itinerary_favoritesitinerary`
--

DROP TABLE IF EXISTS `itinerary_favoritesitinerary`;
CREATE TABLE `itinerary_favoritesitinerary` (
  `favid` int(11) NOT NULL,
  `itinerary_id` int(11) DEFAULT NULL,
  `user_id` int(11) DEFAULT NULL,
  `created_at` datetime NOT NULL,
  `updated_at` datetime NOT NULL
) ENGINE=InnoDB DEFAULT CHARSET=utf8;

--
-- Dumping data for table `itinerary_favoritesitinerary`
--

INSERT INTO `itinerary_favoritesitinerary` (`favid`, `itinerary_id`, `user_id`, `created_at`, `updated_at`) VALUES
(2, 255, 146, '2019-09-03 10:09:48', '2019-09-03 10:09:48'),
(3, 259, 146, '2019-09-03 10:56:58', '2019-09-03 10:56:58'),
(5, 263, 146, '2019-09-04 13:01:00', '2019-09-04 13:01:00'),
(13, 263, 31, '2019-09-05 14:09:45', '2019-09-05 14:09:45'),
(21, 257, 141, '2019-09-06 07:16:19', '2019-09-06 07:16:19'),
(29, 257, 31, '2019-09-09 11:09:13', '2019-09-09 11:09:13'),
(31, 278, 31, '2019-09-09 11:09:20', '2019-09-09 11:09:20'),
(32, 259, 31, '2019-09-10 09:35:09', '2019-09-10 09:35:09'),
(34, 300, 97, '2019-09-17 07:47:37', '2019-09-17 07:47:37'),
(35, 307, 97, '2019-09-18 10:53:25', '2019-09-18 10:53:25'),
(38, 312, 152, '2019-10-03 07:14:06', '2019-10-03 07:14:06'),
(39, 313, 151, '2019-10-03 07:50:26', '2019-10-03 07:50:26'),
(40, 312, 151, '2019-10-04 13:15:00', '2019-10-04 13:15:00'),
(42, 316, 151, '2019-10-07 06:13:58', '2019-10-07 06:13:58'),
(44, 314, 152, '2019-10-08 05:10:09', '2019-10-08 05:10:09'),
(45, 313, 152, '2019-10-08 05:10:34', '2019-10-08 05:10:34'),
(46, 314, 151, '2019-10-08 07:53:39', '2019-10-08 07:53:39'),
(49, 256, 31, '2019-10-11 07:14:16', '2019-10-11 07:14:16'),
(52, 318, 155, '2019-11-04 09:56:22', '2019-11-04 09:56:22'),
(53, 318, 156, '2019-11-04 13:15:36', '2019-11-04 13:15:36'),
(54, 317, 155, '2019-11-05 07:54:42', '2019-11-05 07:54:42'),
(55, 321, 155, '2019-11-06 07:20:47', '2019-11-06 07:20:47'),
(56, 320, 155, '2019-11-06 08:00:21', '2019-11-06 08:00:21'),
(59, 272, 156, '2019-11-06 10:03:50', '2019-11-06 10:03:50'),
(60, 274, 156, '2019-11-06 10:03:51', '2019-11-06 10:03:51'),
(61, 277, 156, '2019-11-06 10:03:55', '2019-11-06 10:03:55'),
(62, 280, 156, '2019-11-06 10:03:56', '2019-11-06 10:03:56'),
(63, 287, 156, '2019-11-06 10:03:57', '2019-11-06 10:03:57'),
(64, 295, 156, '2019-11-06 10:03:59', '2019-11-06 10:03:59'),
(65, 293, 156, '2019-11-06 10:04:00', '2019-11-06 10:04:00'),
(66, 291, 156, '2019-11-06 10:04:01', '2019-11-06 10:04:01'),
(67, 305, 156, '2019-11-06 10:04:04', '2019-11-06 10:04:04'),
(68, 319, 156, '2019-11-06 10:04:05', '2019-11-06 10:04:05'),
(69, 320, 156, '2019-11-06 10:04:06', '2019-11-06 10:04:06'),
(70, 319, 155, '2019-11-06 11:38:55', '2019-11-06 11:38:55'),
(71, 316, 160, '2020-04-28 10:02:43', '2020-04-28 10:02:43'),
(73, 330, 160, '2020-04-29 07:58:53', '2020-04-29 07:58:53'),
(74, 333, 161, '2020-04-30 11:26:36', '2020-04-30 11:26:36'),
(75, 335, 162, '2020-04-30 15:02:02', '2020-04-30 15:02:02'),
(77, 338, 162, '2020-05-01 08:36:34', '2020-05-01 08:36:34'),
(79, 347, 163, '2020-05-07 15:31:22', '2020-05-07 15:31:22'),
(80, 355, 165, '2020-05-12 06:15:29', '2020-05-12 06:15:29'),
(81, 356, 165, '2020-05-12 06:46:31', '2020-05-12 06:46:31'),
(82, 364, 165, '2020-05-12 12:29:18', '2020-05-12 12:29:18');

-- --------------------------------------------------------

--
-- Table structure for table `itinerary_itinerary`
--

DROP TABLE IF EXISTS `itinerary_itinerary`;
CREATE TABLE `itinerary_itinerary` (
  `id` int(11) NOT NULL,
  `trip_name` varchar(255) DEFAULT NULL,
  `checkin` date NOT NULL,
  `checkout` date NOT NULL,
  `numofdays` int(11) NOT NULL,
  `url_alias` varchar(255) DEFAULT NULL,
  `user_id` int(11) DEFAULT NULL,
  `overall_comments` longtext,
  `accom_name` varchar(255) DEFAULT NULL,
  `tripstatus_id` int(11) DEFAULT NULL,
  `travel_with_id` int(11) DEFAULT NULL,
  `traveling_for_id` int(11) DEFAULT NULL,
  `primary_image` varchar(100) NOT NULL,
  `stayed_id` int(11) DEFAULT NULL,
  `diningprefrence_id` int(11) DEFAULT NULL,
  `activity_date` date DEFAULT NULL,
  `rating_id` int(11) DEFAULT NULL,
  `loding_website` varchar(255) DEFAULT NULL,
  `nightly_price` decimal(25,2) DEFAULT NULL,
  `publish` varchar(1) NOT NULL,
  `status` varchar(1) NOT NULL,
  `meta_title` longtext,
  `meta_keywords` longtext,
  `meta_description` longtext,
  `created_at` datetime NOT NULL,
  `updated_at` datetime NOT NULL
) ENGINE=InnoDB DEFAULT CHARSET=utf8;

--
-- Dumping data for table `itinerary_itinerary`
--

INSERT INTO `itinerary_itinerary` (`id`, `trip_name`, `checkin`, `checkout`, `numofdays`, `url_alias`, `user_id`, `overall_comments`, `accom_name`, `tripstatus_id`, `travel_with_id`, `traveling_for_id`, `primary_image`, `stayed_id`, `diningprefrence_id`, `activity_date`, `rating_id`, `loding_website`, `nightly_price`, `publish`, `status`, `meta_title`, `meta_keywords`, `meta_description`, `created_at`, `updated_at`) VALUES
(254, 'Seattle', '2020-04-29', '2020-04-30', 1, NULL, 38, '', 'Four Seasons Seattle', 5, 3, 2, 'primary_image/photo_qWfvxzG.png', 1, NULL, NULL, 5, 'Fourseasons.com', '325.00', '1', '1', NULL, NULL, NULL, '2019-08-28 13:37:10', '2019-08-28 13:37:10'),
(255, 'Thursday trip and', '2020-04-29', '2020-04-30', 1, NULL, 136, 'Comment1', 'Hotel name', 1, 3, 3, 'primary_image/photo_jlYxWgB.png', 1, NULL, NULL, 5, 'www.makemytrip.com', '1000.00', '1', '1', NULL, NULL, NULL, '2019-08-29 06:22:40', '2019-08-29 06:22:40'),
(256, 'New Delhi to Goaa', '2020-05-01', '2020-06-04', 34, 'new-delhi-to-goaa', 31, 'What is Lorem Ipsum?\r\nLorem Ipsum is simply dummy text of the printing and typesetting industry. Lorem Ipsum has been the industry\'s standard dummy text ever since the 1500s, when an unknown printer took a galley of type and scrambled it to make a type specimen book.', 'Taj Hotel', 2, 4, 1, 'primary_image/denys-nevozhai-guNIjIuUcgY-unsplash.jpg', 3, NULL, NULL, 2, 'http://tripsanditineraries.com/', '1251.00', '1', '1', 'New Delhi to Goaa', 'New Delhi to Goaa', 'New Delhi to Goaa', '2019-08-29 07:08:10', '2020-05-01 14:35:43'),
(257, 'Trip Checking', '2020-04-29', '2020-04-30', 1, NULL, 31, 'Good', 'Downhill', 2, 4, 2, 'primary_image/photo_arIj5F9.png', 6, NULL, NULL, 5, 'Www.google.com', '450.00', '1', '1', 'Trip Checking', 'Trip Checking', 'Trip Checking', '2019-08-29 07:55:44', '2019-09-12 11:20:41'),
(258, 'Fun Activity', '2020-04-29', '2020-04-30', 1, NULL, 31, '', 'Downhill', 3, 1, 2, 'primary_image/photo_TguRJzG.png', 1, NULL, NULL, 5, 'Www.google.com', '250.00', '1', '1', 'Fun Activity', 'Fun Activity', 'Fun Activity', '2019-08-29 08:11:56', '2019-08-29 08:11:56'),
(259, 'Long weekend in Victoria', '2020-04-29', '2020-04-30', 1, NULL, 38, 'There is so much to do in this vibrant little city.    We have made it a family tradition to come here the weekend before school starts.  Each trip we do new things although always hey a few of our favorite restaurants.  We always stay at the Fairmont Empress as the location is perfect, historic yet elegant feel makes you feel like youre staying with royalty, and its very family friendly.  ', 'Fairmont Empress', 4, 3, 2, 'primary_image/photo_AKywbQ7.png', 1, NULL, NULL, 5, 'https://m.fairmont.com/empress-victoria/?utm_referrer=direct%2Fnot%20provided', '275.00', '1', '1', 'Long weekend in Victoria', 'Long weekend in Victoria', 'Long weekend in Victoria', '2019-08-31 16:22:03', '2019-08-31 16:22:03'),
(260, 'Tuetrip', '2020-04-29', '2020-04-30', 1, NULL, 146, 'Comments ', 'Source soft', 3, 1, 1, 'primary_image/photo_qecyBTC.png', 1, NULL, NULL, 5, 'Www.makemytrip.com', '1000.00', '1', '1', 'Tuetrip', 'Tuetrip', 'Tuetrip', '2019-09-03 08:03:36', '2019-09-03 08:03:36'),
(261, 'Demo tuesday', '2020-04-29', '2020-04-30', 1, NULL, 146, '', '', 1, 1, 1, 'primary_image/photo_cpOwF9g.png', NULL, NULL, NULL, NULL, '', '0.00', '1', '1', 'Demo tuesday', 'Demo tuesday', 'Demo tuesday', '2019-09-03 11:24:12', '2019-09-03 11:24:12'),
(262, 'Demo test1', '2020-04-29', '2020-04-30', 1, NULL, 146, '', '', 1, 1, 1, 'primary_image/photo_rmY901O.png', NULL, NULL, NULL, NULL, '', '0.00', '1', '1', 'Demo test1', 'Demo test1', 'Demo test1', '2019-09-03 11:27:27', '2019-09-03 11:27:27'),
(263, 'Tt', '2020-04-29', '2020-04-30', 1, NULL, 146, '', '', 1, 1, 1, 'primary_image/photo_QD5zELs.png', NULL, NULL, NULL, NULL, '', '0.00', '1', '1', 'Tt', 'Tt', 'Tt', '2019-09-03 11:37:20', '2019-09-03 11:37:20'),
(264, 'Multi ', '2020-04-29', '2020-04-30', 1, NULL, 146, 'Comment', 'Hotel name source soft', 1, 1, 2, 'primary_image/photo_BIRFPBH.png', 1, NULL, NULL, 5, 'Www.makemytrip.com', '1000.00', '1', '1', 'Multi ', 'Multi ', 'Multi ', '2019-09-03 12:02:10', '2019-09-03 12:02:10'),
(265, 'Trip Checking 1', '2020-04-29', '2020-04-30', 1, NULL, 31, '', '', 1, 1, 1, 'primary_image/photo_DAjoIBe.png', NULL, NULL, NULL, NULL, '', '0.00', '1', '1', 'Trip Checking', 'Trip Checking', 'Trip Checking', '2019-09-06 07:41:12', '2019-09-06 07:41:12'),
(266, 'Trip 5', '2020-04-29', '2020-04-30', 1, NULL, 31, '', '', 5, 1, 3, 'primary_image/photo_Tsy0Hlt.png', NULL, NULL, NULL, NULL, '', '0.00', '1', '1', 'Trip 2', 'Trip 2', 'Trip 2', '2019-09-06 07:43:46', '2019-09-06 07:43:46'),
(267, 'Trip 3', '2020-04-29', '2020-04-30', 1, NULL, 31, '', '', 5, 2, 1, 'primary_image/photo_PScxhch.png', NULL, NULL, NULL, NULL, '', '0.00', '1', '1', 'Trip 3', 'Trip 3', 'Trip 3', '2019-09-06 07:45:18', '2019-09-06 07:45:18'),
(268, 'Friday trip 1', '2020-04-29', '2020-04-30', 1, NULL, 31, 'this is testing', 'Park Street', 4, 2, 1, 'primary_image/photo_gdjS4pU.png', 1, NULL, NULL, 3, 'www.google.com', '25.00', '1', '1', 'Friday trip', 'Friday trip', 'Friday trip', '2019-09-06 14:08:51', '2019-09-06 14:08:51'),
(269, 'Friday trip 2', '2020-04-29', '2020-04-30', 1, NULL, 31, 'this is testing', 'Park Street', 4, 2, 1, 'primary_image/photo_YpvIrzH.png', 1, NULL, NULL, 3, 'www.google.com', '25.00', '1', '1', 'Friday trip', 'Friday trip', 'Friday trip', '2019-09-06 14:19:36', '2019-09-06 14:19:36'),
(270, 'Trip check 2', '2020-04-29', '2020-04-30', 1, NULL, 31, '', '', 3, 2, 2, 'primary_image/photo_eczvJmc.png', NULL, NULL, NULL, NULL, '', '0.00', '1', '1', 'Trip check 2', 'Trip check 2', 'Trip check 2', '2019-09-06 15:31:19', '2019-09-06 15:31:19'),
(271, 'Trip check 1', '2020-04-29', '2020-04-30', 1, NULL, 31, '', '', 3, 2, 2, 'primary_image/photo_ITgudrp.png', NULL, NULL, NULL, NULL, '', '0.00', '1', '1', 'Trip check 2', 'Trip check 2', 'Trip check 2', '2019-09-06 15:32:07', '2019-09-06 15:32:07'),
(272, 'Trip check 3', '2020-04-29', '2020-04-30', 1, NULL, 31, '', '', 3, 2, 2, 'primary_image/photo_QcmS3TB.png', NULL, NULL, NULL, NULL, '', '0.00', '1', '1', 'Trip check 2', 'Trip check 2', 'Trip check 2', '2019-09-06 15:32:29', '2019-09-06 15:32:29'),
(273, 'Tripp', '2020-04-29', '2020-04-30', 1, NULL, 31, '', '', 3, 2, 1, 'primary_image/photo_NJHA9fr.png', NULL, NULL, NULL, NULL, '', '0.00', '1', '1', 'Tripp', 'Tripp', 'Tripp', '2019-09-06 15:33:16', '2019-09-06 15:33:16'),
(274, 'Tripp 1', '2020-04-29', '2020-04-30', 1, NULL, 31, '', '', 3, 2, 1, 'primary_image/photo_8xeOJpl.png', NULL, NULL, NULL, NULL, '', '0.00', '1', '1', 'Tripp', 'Tripp', 'Tripp', '2019-09-06 15:33:39', '2019-09-06 15:33:39'),
(275, 'Friday', '2020-04-29', '2020-04-30', 1, NULL, 31, '', '', 5, 4, 1, 'primary_image/photo_ZQrMuRh.png', NULL, NULL, NULL, NULL, '', '0.00', '1', '1', 'Friday', 'Friday', 'Friday', '2019-09-06 15:37:08', '2019-09-06 15:37:08'),
(276, 'Tripp check', '2020-04-29', '2020-04-30', 1, NULL, 31, '', '', 3, 2, 3, 'primary_image/photo_M8QjUsJ.png', NULL, NULL, NULL, NULL, '', '0.00', '1', '1', 'Tripp check', 'Tripp check', 'Tripp check', '2019-09-09 08:17:22', '2019-09-09 08:17:22'),
(277, 'New Delhi To Mumai', '2020-04-29', '2020-04-30', 1, NULL, 31, '', '', 1, 2, 2, 'primary_image/photo_oMJT4tT.png', NULL, NULL, NULL, NULL, '', '0.00', '1', '1', 'New Delhi To Mumai', 'New Delhi To Mumai', 'New Delhi To Mumai', '2019-09-09 09:29:18', '2019-09-09 09:29:18'),
(278, 'Monday test', '2020-04-29', '2020-04-30', 1, NULL, 31, 'Good1', 'Park', 5, 3, 1, 'primary_image/photo_yy6kYxc.png', 4, NULL, NULL, 2, 'www.google.com', '25.00', '1', '1', 'Monday test', 'Monday test', 'Monday test', '2019-09-09 10:23:32', '2019-09-09 10:32:02'),
(279, 'Monday test 2', '2020-04-29', '2020-04-30', 1, NULL, 31, '', 'Downhill', 3, 1, 2, 'primary_image/photo_oaYinNH.png', 6, NULL, NULL, 4, 'https://www.google.com', '0.00', '1', '1', 'Monday test 2', 'Monday test 2', 'Monday test 2', '2019-09-09 10:36:21', '2019-09-09 10:36:21'),
(280, 'Trip weekend', '2020-04-29', '2020-04-30', 1, NULL, 31, 'Good', 'Park Street', 5, 4, 1, 'primary_image/photo_zY1jHyt.png', 5, NULL, NULL, 3, 'www.yatra.com', '42.00', '1', '1', 'Trip weekend', 'Trip weekend', 'Trip weekend', '2019-09-09 10:55:25', '2019-09-09 11:02:54'),
(281, 'Trip meals', '2020-04-29', '2020-04-30', 1, NULL, 31, '', '', 5, 1, 3, 'primary_image/photo_GkIFVh5.png', NULL, NULL, NULL, NULL, '', '0.00', '1', '1', 'Trip meals', 'Trip meals', 'Trip meals', '2019-09-09 11:08:22', '2019-09-09 11:08:22'),
(282, 'Trip 2', '2020-04-29', '2020-04-30', 1, NULL, 31, '', '', 3, 2, 3, 'primary_image/photo_ynUvzcB.png', NULL, NULL, NULL, NULL, '', '0.00', '1', '1', 'Trip 2', 'Trip 2', 'Trip 2', '2019-09-09 11:50:19', '2019-09-09 11:50:19'),
(283, 'Trip saved later', '2020-04-29', '2020-04-30', 1, NULL, 31, '', '', 3, 2, 1, 'primary_image/photo_4x7e58v.png', NULL, NULL, NULL, NULL, '', '0.00', '0', '1', 'Trip saved later', 'Trip saved later', 'Trip saved later', '2019-09-09 14:26:52', '2019-09-09 14:26:52'),
(284, 'Trip save it later', '2020-04-29', '2020-04-30', 1, NULL, 31, '', '', 1, 1, 1, 'primary_image/photo_HNZOfQR.png', NULL, NULL, NULL, NULL, '', '0.00', '0', '1', 'Trip save it later', 'Trip save it later', 'Trip save it later', '2019-09-09 15:00:32', '2019-09-09 15:00:32'),
(285, 'Trip', '2020-04-29', '2020-04-30', 1, NULL, 31, '', '', 1, 2, 2, 'primary_image/photo_UoatJR0.png', NULL, NULL, NULL, NULL, '', '0.00', '1', '1', 'Trip', 'Trip', 'Trip', '2019-09-09 15:04:35', '2019-09-09 15:04:35'),
(286, 'Later trip', '2020-04-29', '2020-04-30', 1, NULL, 31, '', '', 3, 1, 2, 'primary_image/photo_QdvICRj.png', NULL, NULL, NULL, NULL, '', '0.00', '0', '1', 'Later trip', 'Later trip', 'Later trip', '2019-09-10 09:27:30', '2019-09-10 09:27:30'),
(287, 'Trip Now', '2020-04-29', '2020-04-30', 1, NULL, 31, '', '', 3, 2, 2, 'primary_image/photo_bisxnKM.png', NULL, NULL, NULL, NULL, '', '0.00', '1', '1', 'Trip Now', 'Trip Now', 'Trip Now', '2019-09-10 09:29:20', '2019-09-10 09:29:20'),
(288, 'Itinerary check', '2020-04-29', '2020-04-30', 1, NULL, 31, '', '', 3, 3, 3, 'primary_image/photo_qKCQ9E8.png', NULL, NULL, NULL, NULL, '', '0.00', '0', '1', 'Itinerary check', 'Itinerary check', 'Itinerary check', '2019-09-10 10:35:12', '2019-09-10 10:35:12'),
(289, 'Trippp', '2020-04-29', '2020-04-30', 1, NULL, 31, '', '', 2, 2, 3, 'primary_image/photo_yagHHRV.png', NULL, NULL, NULL, NULL, '', '0.00', '1', '1', 'Trippp', 'Trippp', 'Trippp', '2019-09-10 10:39:52', '2019-09-10 10:39:52'),
(290, 'Let it be', '2020-04-29', '2020-04-30', 1, NULL, 31, '', '', 3, 3, 3, 'primary_image/photo_bH0ipLo.png', NULL, NULL, NULL, NULL, '', '0.00', '0', '1', 'Let it be', 'Let it be', 'Let it be', '2019-09-10 11:04:57', '2019-09-10 11:04:57'),
(291, 'Trip Tuesday Now', '2020-04-29', '2020-04-30', 1, NULL, 31, '', '', 1, 1, 2, 'primary_image/photo_CNjearp.png', NULL, NULL, NULL, NULL, '', '0.00', '1', '1', 'Trip Tuesday Now', 'Trip Tuesday Now', 'Trip Tuesday Now', '2019-09-10 13:47:47', '2019-09-10 13:47:47'),
(292, 'Trip Tuesday Later', '2020-04-29', '2020-04-30', 1, NULL, 31, '', '', 3, 1, 2, 'primary_image/photo_dwuiSDm.png', NULL, NULL, NULL, NULL, '', '0.00', '0', '1', 'Trip Tuesday Later', 'Trip Tuesday Later', 'Trip Tuesday Later', '2019-09-10 13:51:09', '2019-09-10 13:51:09'),
(293, 'Wednesday ', '2020-04-29', '2020-04-30', 1, NULL, 31, '', '', 2, 3, 2, 'primary_image/photo_sEZst4v.png', NULL, NULL, NULL, NULL, '', '0.00', '1', '1', 'Wednesday ', 'Wednesday ', 'Wednesday ', '2019-09-11 07:27:08', '2019-09-11 07:27:08'),
(294, 'Wednesday later', '2020-04-29', '2020-04-30', 1, NULL, 31, '', '', 4, 3, 3, 'primary_image/photo_SEb2fxc.png', NULL, NULL, NULL, NULL, '', '0.00', '0', '1', 'Wednesday later', 'Wednesday later', 'Wednesday later', '2019-09-11 07:28:43', '2019-09-11 07:28:43'),
(295, 'Tripp noww', '2020-04-29', '2020-04-30', 1, NULL, 31, '', '', 4, 3, 2, 'primary_image/photo_P97waD1.png', NULL, NULL, NULL, NULL, '', '0.00', '1', '1', 'Tripp noww', 'Tripp noww', 'Tripp noww', '2019-09-11 08:40:52', '2019-09-11 08:40:52'),
(296, 'We\'d later', '2020-04-29', '2020-04-30', 1, NULL, 31, '', '', 4, 2, 2, 'primary_image/photo_Y5iBCXK.png', NULL, NULL, NULL, NULL, '', '0.00', '0', '1', 'We\'d later', 'We\'d later', 'We\'d later', '2019-09-11 08:48:06', '2019-09-17 06:53:54'),
(297, ' thurday 2 ', '2020-04-29', '2020-04-30', 1, NULL, 97, 'good', 'park', 4, 3, 2, 'primary_image/photo_zhQbhmb.png', 5, NULL, NULL, 1, 'www.google.com ', '25.00', '0', '1', ' thurday 2 ', ' thurday 2 ', ' thurday 2 ', '2019-09-12 08:35:50', '2019-09-16 15:23:56'),
(298, 'Test', '2020-04-29', '2020-04-30', 1, NULL, 97, '', '', 3, 2, 1, 'primary_image/photo_yBENuDZ.png', NULL, NULL, NULL, NULL, '', '0.00', '0', '1', 'Test', 'Test', 'Test', '2019-09-16 10:44:56', '2019-09-16 15:00:15'),
(299, 'Trip laterr', '2020-04-29', '2020-04-30', 1, NULL, 31, '', '', 3, 3, 2, 'primary_image/photo_PwKOlr2.png', NULL, NULL, NULL, NULL, '', '0.00', '0', '1', 'Trip laterr', 'Trip laterr', 'Trip laterr', '2019-09-16 14:17:18', '2019-09-16 14:53:08'),
(300, 'Testting 203', '2020-04-29', '2020-04-30', 1, NULL, 97, '', '', 2, 2, 1, 'primary_image/photo_j8CFx4M.png', NULL, NULL, NULL, NULL, '', '0.00', '1', '1', 'Testting 203', 'Testting 203', 'Testting 203', '2019-09-16 14:17:59', '2019-09-17 09:11:49'),
(301, 'Testing ios 2 ', '2020-04-29', '2020-04-30', 1, NULL, 31, '', '', 1, 1, 1, 'primary_image/photo_apCJ01P.png', NULL, NULL, NULL, NULL, '', '0.00', '1', '1', 'Testing ios 2 ', 'Testing ios 2 ', 'Testing ios 2 ', '2019-09-16 14:55:43', '2019-09-18 07:33:39'),
(302, 'Testing android', '2020-04-29', '2020-04-30', 1, NULL, 97, '', '', 4, 3, 2, 'primary_image/photo_aDY62Hq.png', NULL, NULL, NULL, NULL, '', '0.00', '1', '1', 'Testing android', 'Testing android', 'Testing android', '2019-09-16 15:04:02', '2019-09-16 15:05:43'),
(303, 'Trip monday later', '2020-04-29', '2020-04-30', 1, NULL, 97, '', '', 2, 3, 3, 'primary_image/photo_lW3QsZU.png', NULL, NULL, NULL, NULL, '', '0.00', '0', '1', 'Trip monday later', 'Trip monday later', 'Trip monday later', '2019-09-16 15:10:00', '2019-09-16 15:10:44'),
(304, 'Monday 008', '2020-04-29', '2020-04-30', 1, NULL, 97, '', '', 4, 2, 1, 'primary_image/photo_jDdGjBB.png', NULL, NULL, NULL, NULL, '', '0.00', '0', '1', 'Monday 008', 'Monday 008', 'Monday 008', '2019-09-16 15:11:30', '2019-09-18 07:25:39'),
(305, 'Tripppp now', '2020-04-29', '2020-04-30', 1, NULL, 97, '', '', 3, 2, 3, 'primary_image/photo_YIqfAlo.png', NULL, NULL, NULL, NULL, '', '0.00', '1', '1', 'Tripppp now', 'Tripppp now', 'Tripppp now', '2019-09-16 15:26:27', '2019-09-16 15:27:44'),
(307, 'Goa to USA', '2020-04-29', '2020-04-30', 1, 'goa-to-usa', 97, 'Here is a list of websites, blogs, vlogs, and other materials I leveraged to ensure this trip was perfect...', 'Taj Hotals', 3, 2, 3, 'primary_image/images.jpg', 5, NULL, NULL, 3, 'www.google.com', '135.00', '0', '1', 'Goa to USA', 'Goa to USA', 'Goa to USA', '2019-09-18 08:55:20', '2019-09-18 08:55:20'),
(309, 'Goa to United States', '2020-04-29', '2020-04-30', 1, 'goa-to-united-states', 31, 'Here is a list of websites, blogs, vlogs, and other materials I leveraged to ensure this trip was perfect..', 'Taj Hotals', 1, 2, 1, 'primary_image/images.jpg', 2, NULL, NULL, 4, 'www.google.com', '135.00', '1', '1', 'Goa to United States', 'Goa to United States', 'Goa to United States', '2019-09-18 15:17:40', '2019-09-18 15:17:40'),
(310, 'Goa to Jammu and Kashmir', '2020-04-29', '2020-04-30', 1, 'goa-to-jammu-and-kashmir', 31, 'Here is a list of websites, blogs, vlogs, and other materials I leveraged to ensure this trip was perfect..', 'Taj Hotals', 1, 2, 1, 'primary_image/images_2_4Of4VtK.jpeg', 2, NULL, NULL, 4, 'www.google.com', '135.00', '1', '1', 'Goa to Jammu and Kashmir', 'Goa to Jammu and Kashmir', 'Goa to Jammu and Kashmir', '2019-09-18 15:19:17', '2019-09-18 15:19:17'),
(311, 'Trip Mondayyy now', '2020-04-29', '2020-04-30', 1, NULL, 31, '', '', 2, 2, 2, 'primary_image/photo_Tuz2GAU.png', NULL, NULL, NULL, NULL, '', '0.00', '0', '1', 'Trip Mondayyy now', 'Trip Mondayyy now', 'Trip Mondayyy now', '2019-09-23 08:13:50', '2019-11-01 11:28:30'),
(312, 'trip october', '2020-04-29', '2020-04-30', 1, 'trip-october', 151, 'Overall Trip CommentsOverall Trip CommentsOverall Trip CommentsOverall Trip CommentsOverall Trip CommentsOverall Trip CommentsOverall Trip Comments', 'sourcesoft', 4, 1, 1, 'primary_image/3p_7WKg0Po.jpg', 1, NULL, NULL, 5, 'www.makemytrip.com', '1000.00', '1', '1', NULL, NULL, NULL, '2019-10-03 06:15:00', '2019-10-03 06:15:00'),
(313, 'october trip 1 edit', '2020-04-29', '2020-04-30', 1, 'october-trip-1', 151, 'Comment 1', 'source ', 2, 1, 1, 'primary_image/2p_XJcAMTl.jpg', 1, NULL, NULL, 5, 'www.makemytrip.com', '1000.00', '1', '1', NULL, NULL, NULL, '2019-10-03 06:31:55', '2019-10-03 06:42:27'),
(314, 'trip to leh october', '2020-04-29', '2020-04-30', 1, 'trip-to-leh-october', 151, 'Comments', 'lila hotel', 4, 3, 1, 'primary_image/wed3.jpg', 1, NULL, NULL, 4, 'www.makemytrip.com', '2000.00', '1', '1', NULL, NULL, NULL, '2019-10-04 05:23:57', '2019-10-04 05:23:57'),
(315, 'tripppppp12', '2020-04-29', '2020-04-30', 1, 'tripppppp12', 151, '', '', 3, 2, 1, 'primary_image/2.jpg', NULL, NULL, NULL, NULL, '', '0.00', '1', '1', NULL, NULL, NULL, '2019-10-04 13:18:52', '2019-10-04 13:18:52'),
(316, 'monday trip october edit', '2020-04-29', '2020-04-30', 1, 'monday-trip-october', 151, 'comment', 'source', 3, 2, 3, 'primary_image/3p_Rx4p6KH.jpg', 1, NULL, NULL, 3, 'www.makemytrip.com', '1100.00', '1', '1', NULL, NULL, NULL, '2019-10-07 05:46:54', '2019-10-07 08:00:13'),
(317, 'tuesday trip', '2020-04-29', '2020-04-30', 1, 'tuesday-trip', 151, 'comment 1', 'source ', 4, 1, 3, 'primary_image/1p_xtapekJ.jpg', 4, NULL, NULL, 3, 'www.makemytrip.com', '1000.00', '1', '1', NULL, NULL, NULL, '2019-10-08 05:53:06', '2019-10-08 07:50:00'),
(318, 'november trip leh', '2020-04-29', '2020-04-30', 1, 'november-trip-leh', 155, 'comment1', 'soft', 4, 3, 2, 'primary_image/auli1_e9KfKnD.jpg', 1, NULL, NULL, 5, 'www.makemytrip.com', '1000.00', '1', '1', NULL, NULL, NULL, '2019-11-04 07:07:27', '2019-11-04 07:07:27'),
(319, 'multiple trip tuesday nov', '2020-04-29', '2020-04-30', 1, 'multiple-trip-tuesday-nov', 155, 'comment', 'soft source', 4, 4, 3, 'primary_image/auli1_ZvMXRlP.jpg', 1, NULL, NULL, 1, 'www.makemytrip.com', '1000.00', '1', '1', NULL, NULL, NULL, '2019-11-05 08:05:13', '2019-11-05 08:05:13'),
(320, 'wednesday november trip', '2020-04-29', '2020-04-30', 1, 'wednesday-november-trip', 155, 'comment', 'hotel source', 4, 3, 1, 'primary_image/auli1_DKh9tQy.jpg', 1, NULL, NULL, 3, 'www.makemytrip.com', '11.00', '1', '1', NULL, NULL, NULL, '2019-11-06 06:08:13', '2019-11-06 06:08:13'),
(321, 'save for late trip', '2020-04-29', '2020-04-30', 1, 'save-for-late-trip', 155, 'comment', 'hotel nameeee', 2, 1, 1, 'primary_image/2p_wFiqpH8.jpg', 5, NULL, NULL, 2, 'www.makemytrip.com', '11.00', '0', '1', NULL, NULL, NULL, '2019-11-06 06:22:02', '2019-11-06 06:22:02'),
(322, 'ladhak', '2020-04-29', '2020-04-30', 1, '', 31, '', '', 5, 1, 2, 'primary_image/photo-1475754358526-bad7b4b8eb05_e5yg4Jz.jpg', NULL, NULL, NULL, NULL, '', '0.00', '', '1', NULL, NULL, NULL, '2020-04-16 11:55:13', '2020-04-16 11:55:13'),
(324, 'kashmir', '2020-04-29', '2020-04-30', 1, 'kashmir', 31, '', '', 5, 3, 1, 'primary_image/wp4527549.jpg', NULL, NULL, NULL, NULL, '', '0.00', '', '1', NULL, NULL, NULL, '2020-04-16 12:04:06', '2020-04-16 12:04:06'),
(326, 'puducherry', '2020-04-29', '2020-04-30', 1, 'puducherry', 31, '', '', 3, 1, 1, 'primary_image/1844104.jpg', NULL, NULL, NULL, NULL, '', '0.00', '', '1', NULL, NULL, NULL, '2020-04-16 13:17:43', '2020-04-16 13:17:43'),
(327, 'goa to pun', '2020-04-29', '2020-04-30', 1, 'goa-to-pun', 31, '', '', 1, 2, 3, 'primary_image/unnamed.jpg', NULL, NULL, NULL, NULL, '', '0.00', '', '1', NULL, NULL, NULL, '2020-04-21 06:58:43', '2020-04-21 06:58:43'),
(328, 'my first itinery', '2020-04-29', '2020-04-30', 1, 'my-first-itinery', 160, '', '', NULL, 2, 1, 'None', NULL, NULL, NULL, NULL, '', '0.00', '0', '1', NULL, NULL, NULL, '2020-04-28 10:05:39', '2020-04-28 10:05:39'),
(329, 'second trip 29', '2020-04-29', '2020-04-30', 1, 'second-trip-29', 160, '', '', NULL, 3, 3, 'primary_image/download_1_NC8M5aF.jpg', NULL, NULL, NULL, NULL, '', '0.00', '0', '1', NULL, NULL, NULL, '2020-04-29 07:40:16', '2020-05-05 14:44:36'),
(330, 'second public trip 2', '2020-04-29', '2020-04-30', 1, 'second-public-trip-2', 162, '', '', NULL, 3, 3, 'primary_image/download2_4FYbSnT.jpg', NULL, NULL, NULL, NULL, '', '0.00', '0', '1', NULL, NULL, NULL, '2020-04-29 07:50:40', '2020-05-01 06:34:27'),
(331, 'Taj Mahal to New Delhi', '2020-04-29', '2020-05-15', 16, 'taj-mahal-to-new-delhi', 31, 'http://148.76.75.203:8001/create_itinerary/', 'Taj Hotel', 3, 3, 2, 'primary_image/image_trips.jpg', 3, NULL, NULL, 3, 'http://148.76.75.203:8001/create_itinerary/', '125.00', '', '1', NULL, NULL, NULL, '2020-04-29 17:01:37', '2020-04-30 11:15:59'),
(332, 'Noida trip', '2020-04-15', '2020-04-16', 1, 'noida-trip', 161, '', '', NULL, 3, 3, 'None', NULL, NULL, NULL, NULL, '', '0.00', '1', '1', NULL, NULL, NULL, '2020-04-30 07:11:19', '2020-04-30 07:13:13'),
(333, 'hyderabad trip', '2020-04-23', '2020-06-29', 61, 'hyderabad-trip', 161, '', '', NULL, 2, 3, 'primary_image/download_1_hQJp9d1.jpg', NULL, NULL, NULL, NULL, '', '0.00', '1', '1', NULL, NULL, NULL, '2020-04-30 08:15:45', '2020-04-30 10:37:11'),
(335, 'shimla trip', '2020-03-03', '2020-06-29', 61, 'shimla-trip', 162, '', '', NULL, 2, 3, 'primary_image/images3.jpg', NULL, NULL, NULL, NULL, '', '0.00', '1', '1', NULL, NULL, NULL, '2020-04-30 14:43:32', '2020-04-30 14:47:41'),
(336, 'Test Trip - Kellie', '2020-04-16', '2020-04-19', 3, 'test-trip--kellie', 31, 'This trip is one for the bucket list!', 'Marriott', 1, 3, 2, 'primary_image/White_on_Black.png', 1, NULL, NULL, 4, 'marriott.com', '150.00', '1', '1', NULL, NULL, NULL, '2020-04-30 20:24:22', '2020-04-30 20:24:22'),
(338, 'Indore Trip', '2020-05-02', '2020-05-05', 4, 'indore-trip', 162, 'good', 'my hotel', 2, 2, 3, 'None', 3, NULL, NULL, 5, '', '720.00', '0', '1', NULL, NULL, NULL, '2020-05-01 08:35:30', '2020-05-01 08:36:13'),
(339, 'Good Trip', '2020-04-01', '2020-05-01', 30, 'good-trip', 162, '', '', NULL, 2, 1, 'None', NULL, NULL, NULL, NULL, '', '0.00', '0', '1', NULL, NULL, NULL, '2020-05-01 12:40:29', '2020-05-01 12:43:53'),
(340, 'final trip', '2020-05-01', '2020-06-10', 40, 'final-trip', 162, '', '', NULL, 2, 3, 'None', NULL, NULL, NULL, NULL, '', '0.00', '0', '1', NULL, NULL, NULL, '2020-05-01 14:20:31', '2020-05-01 14:21:34'),
(341, 'Taj Mahal to Goa', '2020-05-15', '2020-05-26', 11, 'taj-mahal-to-goa', 31, 'Lorem Ipsum is simply dummy text of the printing and typesetting industry. Lorem Ipsum has been the industry\'s standard dummy text ever.', 'Taj Hotel', 3, 2, 1, 'primary_image/image_trips_3.jpg', 6, NULL, NULL, 3, 'http://tripsanditineraries.com/', '125.00', '0', '1', NULL, NULL, NULL, '2020-05-05 13:01:48', '2020-05-08 13:57:31'),
(342, 'New Delhi to Goa', '2020-05-06', '2020-05-13', 7, 'new-delhi-to-goa', 31, '', '', 3, 2, 1, 'None', NULL, NULL, NULL, NULL, '', '0.00', '0', '1', NULL, NULL, NULL, '2020-05-06 07:52:15', '2020-05-06 07:52:15'),
(343, 'Delhi Trip', '2020-05-06', '2020-06-06', 31, 'delhi-trip', 163, '', '', 3, 6, 2, 'primary_image/download4.jpg', NULL, NULL, NULL, NULL, '', '0.00', '1', '1', NULL, NULL, NULL, '2020-05-06 08:29:09', '2020-05-06 08:41:56'),
(344, 'Greater Noida trip', '2020-05-01', '2020-06-10', 40, 'greater-noida-trip', 163, '', '', 1, 6, 1, 'primary_image/download10.jpg', NULL, NULL, NULL, NULL, '', '0.00', '1', '1', NULL, NULL, NULL, '2020-05-06 11:29:44', '2020-05-06 11:30:51'),
(345, 'Noida1 Trip', '2020-05-07', '2020-06-10', 34, 'noida1-trip', 163, 'Good', '', 5, 2, 2, 'primary_image/download7.jpg', 1, NULL, NULL, 5, 'https://www.google.com/', '2.20', '1', '1', NULL, NULL, NULL, '2020-05-07 09:30:34', '2020-05-07 09:44:35'),
(346, 'Lucknow Trip', '2020-05-07', '2020-06-07', 31, 'lucknow-trip', 163, '', '', 1, 6, 1, 'primary_image/download9.jpg', NULL, NULL, NULL, NULL, '', '0.00', '1', '1', NULL, NULL, NULL, '2020-05-07 14:21:27', '2020-05-07 14:43:02'),
(347, 'Today Trip1', '2020-05-06', '2020-06-19', 44, 'today-trip1', 163, '', '', 1, 6, 3, 'primary_image/download8.jpg', 7, NULL, NULL, 5, '', '0.00', '1', '1', NULL, NULL, NULL, '2020-05-07 15:27:22', '2020-05-07 16:21:40'),
(349, 'kanpur trip1', '2020-05-05', '2020-05-13', 8, 'kanpur-trip1', 163, '', '', 5, 2, 3, 'primary_image/download10_sTIZ10C.jpg', 7, 5, NULL, 5, '', '0.00', '1', '1', NULL, NULL, NULL, '2020-05-07 16:11:08', '2020-05-07 16:22:12'),
(350, 'Test Trip 4 - Kellie', '2020-02-03', '2020-02-10', 7, 'test-trip-4--kellie', 31, 'Excellent week in St. Lucia!', 'The Landings', 5, 3, 2, 'primary_image/St_Lucia.jpg', 1, NULL, NULL, 5, 'thelandings.com', '800.00', '1', '1', NULL, NULL, NULL, '2020-05-08 13:51:25', '2020-05-08 13:51:25'),
(351, 'Patna Trip', '2020-05-11', '2020-06-12', 32, 'patna-trip', 164, '', '', 1, 6, 3, 'primary_image/download10_ZPR6n6U.jpg', NULL, NULL, NULL, NULL, '', '0.00', '1', '1', NULL, NULL, NULL, '2020-05-11 12:16:52', '2020-05-11 12:23:47'),
(352, 'Taj Mahal Agra', '2020-05-11', '2020-05-21', 10, 'taj-mahal-agra', 31, '', '', 3, 3, 1, 'primary_image/image_trips_1.jpg', NULL, NULL, NULL, NULL, '', '0.00', '1', '1', NULL, NULL, NULL, '2020-05-11 13:33:28', '2020-05-11 13:37:53'),
(353, 'Taj Mahal', '2020-05-12', '2020-05-21', 9, 'taj-mahal', 164, '', '', 3, 2, 1, 'primary_image/image_trips_2.jpg', NULL, NULL, NULL, NULL, '', '0.00', '0', '1', NULL, NULL, NULL, '2020-05-11 14:30:35', '2020-05-11 14:30:35'),
(354, 'Pune trip', '2020-05-12', '2020-05-13', 1, 'pune-trip', 160, '', '', 1, 6, 3, 'primary_image/download9_bBXcNc9.jpg', NULL, NULL, NULL, NULL, '', '0.00', '1', '1', NULL, NULL, NULL, '2020-05-11 15:18:06', '2020-05-12 06:39:48'),
(355, 'mumbai trip1', '2020-05-13', '2020-06-10', 28, 'mumbai-trip1', 165, '', '', 5, 1, 3, 'primary_image/download2_g36058P.jpg', NULL, NULL, NULL, NULL, '', '0.00', '1', '1', NULL, NULL, NULL, '2020-05-12 06:08:13', '2020-05-12 06:14:49'),
(356, 'trip1', '2020-05-13', '2020-05-16', 3, 'trip1', 165, '', 'john kumar', 2, 3, 3, 'primary_image/download9_g1XO3IO.jpg', 5, 3, NULL, 4, 'google.com', '21.00', '1', '1', NULL, NULL, NULL, '2020-05-12 06:46:06', '2020-05-12 06:54:18'),
(357, 'trip2', '2020-05-15', '2020-05-30', 15, 'trip2', 165, '', 'john kumar', 5, 1, 3, 'primary_image/download10_WZJK5s9.jpg', 3, NULL, NULL, 3, 'google.com', '555.00', '0', '1', NULL, NULL, NULL, '2020-05-12 07:05:04', '2020-05-12 07:05:04'),
(358, 'Mumbai to Goa', '2020-05-13', '2020-05-28', 15, 'mumbai-to-goa', 31, '', 'Taj Hotel', 3, 2, 1, 'primary_image/image_trips_2_07zJuFX.jpg', 1, 6, NULL, 4, 'http://148.76.75.203:8001/create_itinerary/', '125.00', '1', '1', NULL, NULL, NULL, '2020-05-12 08:01:34', '2020-05-12 08:01:34'),
(359, 'trip5', '2020-05-13', '2020-05-15', 2, 'trip5', 165, '', '', 2, 3, 3, 'primary_image/download10_ts51tSe.jpg', NULL, 3, NULL, NULL, '', '0.00', '0', '1', NULL, NULL, NULL, '2020-05-12 08:08:51', '2020-05-12 08:36:57'),
(360, 'Goa to Mumbai', '2020-05-13', '2020-05-27', 14, 'goa-to-mumbai', 31, '', '', 3, 2, 1, 'primary_image/image_trips_3_BuryIm8.jpg', NULL, NULL, NULL, NULL, '', '0.00', '1', '1', NULL, NULL, NULL, '2020-05-12 10:55:47', '2020-05-12 10:55:47'),
(361, 'Mumbai New delhi', '2020-05-19', '2020-05-25', 6, 'mumbai-new-delhi', 31, '', '', 3, 3, 1, 'primary_image/Desert.jpg', NULL, NULL, NULL, NULL, '', '0.00', '1', '1', NULL, NULL, NULL, '2020-05-12 11:12:00', '2020-05-12 11:12:00'),
(362, 'trip6', '2020-05-13', '2020-05-22', 9, 'trip6', 165, '', '', 5, 1, 1, 'primary_image/download10_8TL49gl.jpg', 3, 3, NULL, NULL, '', '0.00', '0', '1', NULL, NULL, NULL, '2020-05-12 11:15:10', '2020-05-12 11:15:10'),
(364, 'trip7', '2020-05-13', '2028-05-04', 2913, 'trip7', 165, '', '', 4, 3, 3, 'primary_image/download4_Xi8V5YI.jpg', 5, 6, NULL, 3, '', '20.00', '0', '1', NULL, NULL, NULL, '2020-05-12 12:27:43', '2020-05-12 12:30:18'),
(365, 'abc trip', '2020-05-13', '2020-05-15', 2, 'abc-trip', 166, '', '', 4, 3, 3, 'primary_image/download2_JtMvnYh.jpg', NULL, 1, NULL, NULL, '', '0.00', '1', '1', NULL, NULL, NULL, '2020-05-12 13:48:29', '2020-05-12 13:51:44'),
(366, 'cde', '2020-05-07', '2020-05-08', 1, 'cde', 166, '', '', 3, 2, 3, 'primary_image/download7_1sv5rWS.jpg', 5, 6, NULL, NULL, '', '0.00', '1', '1', NULL, NULL, NULL, '2020-05-12 14:24:30', '2020-05-12 14:25:13'),
(367, 'Pune1 trip1', '2020-05-06', '2020-05-08', 2, 'pune1-trip1', 166, '', '', 3, 2, 3, 'primary_image/download4_zfXzRlp.jpg', 3, 3, NULL, NULL, '', '0.00', '1', '1', NULL, NULL, NULL, '2020-05-13 05:41:58', '2020-05-13 05:56:09'),
(368, 'Pune trip2', '2020-05-04', '2020-05-23', 19, 'pune-trip2', 166, '', 'john kumar', 1, 6, 1, 'primary_image/download7_oQxFsTH.jpg', 6, 8, NULL, 3, '', '0.00', '0', '1', NULL, NULL, NULL, '2020-05-13 06:00:13', '2020-05-13 06:10:34');

-- --------------------------------------------------------

--
-- Table structure for table `itinerary_itinerarycity`
--

DROP TABLE IF EXISTS `itinerary_itinerarycity`;
CREATE TABLE `itinerary_itinerarycity` (
  `id` int(11) NOT NULL,
  `itinerary_id` int(11) DEFAULT NULL,
  `country_id` int(11) DEFAULT NULL,
  `city_id` int(11) DEFAULT NULL
) ENGINE=InnoDB DEFAULT CHARSET=utf8;

--
-- Dumping data for table `itinerary_itinerarycity`
--

INSERT INTO `itinerary_itinerarycity` (`id`, `itinerary_id`, `country_id`, `city_id`) VALUES
(2, 307, 7, 148),
(3, 309, 7, 148),
(4, 310, 7, 148),
(5, 312, 7, 148),
(6, 313, 7, 148),
(9, 314, 7, 150),
(10, 315, 7, 148),
(11, 316, 7, 148),
(13, 316, 7, 170),
(14, 317, 7, 148),
(15, 317, 7, 171),
(16, 317, 7, 169),
(17, 318, 1, 172),
(18, 319, 2, 173),
(19, 320, 7, 148),
(20, 321, 7, 148),
(25, 333, 7, 174),
(26, 331, 7, 155),
(27, 331, 7, 148),
(30, 335, 7, 175),
(32, 338, 7, 176),
(41, 347, 7, 149),
(42, 349, 7, 149),
(43, 350, 202, 177),
(44, 350, 202, 178),
(45, 341, 7, 155),
(55, 351, 7, 179),
(56, 351, 7, 182),
(57, 351, 7, 181),
(59, 352, 7, 183),
(60, 353, 7, 148),
(61, 353, 7, 149),
(62, 353, 50, 184),
(75, 355, 7, 154),
(76, 355, 7, 183),
(77, 355, 7, 187),
(78, 354, 7, 185),
(79, 354, 7, 186),
(80, 354, 7, 149),
(81, 354, 7, 188),
(82, 354, 7, 189),
(83, 354, 7, 148),
(87, 356, 50, 130),
(88, 357, 7, 181),
(89, 358, 7, 148),
(90, 358, 7, 149),
(92, 359, 7, 191),
(93, 361, 7, 148),
(98, 364, 50, 133),
(99, 364, 23, 192),
(104, 365, 7, 189),
(106, 366, 7, 176),
(111, 367, 7, 148);

-- --------------------------------------------------------

--
-- Table structure for table `itinerary_itinerary_place`
--

DROP TABLE IF EXISTS `itinerary_itinerary_place`;
CREATE TABLE `itinerary_itinerary_place` (
  `id` int(11) NOT NULL,
  `itinerary_id` int(11) NOT NULL,
  `places_id` int(11) NOT NULL
) ENGINE=InnoDB DEFAULT CHARSET=utf8;

--
-- Dumping data for table `itinerary_itinerary_place`
--

INSERT INTO `itinerary_itinerary_place` (`id`, `itinerary_id`, `places_id`) VALUES
(1, 254, 5),
(3, 255, 1),
(2, 255, 2),
(163, 256, 1),
(164, 256, 5),
(8, 258, 1),
(9, 258, 2),
(10, 258, 4),
(11, 259, 4),
(12, 259, 5),
(14, 260, 1),
(15, 260, 2),
(16, 261, 1),
(17, 261, 4),
(18, 262, 1),
(19, 262, 4),
(20, 263, 1),
(21, 263, 2),
(22, 264, 1),
(23, 264, 2),
(30, 268, 1),
(31, 268, 2),
(32, 269, 1),
(33, 269, 2),
(36, 270, 4),
(37, 270, 5),
(38, 271, 4),
(39, 271, 5),
(40, 272, 4),
(41, 272, 5),
(42, 275, 9),
(47, 278, 1),
(48, 278, 2),
(49, 279, 1),
(50, 279, 2),
(51, 279, 4),
(52, 279, 5),
(57, 280, 7),
(58, 280, 9),
(85, 297, 1),
(86, 297, 2),
(87, 307, 2),
(88, 307, 4),
(89, 307, 5),
(90, 309, 4),
(91, 309, 7),
(92, 310, 4),
(93, 310, 7),
(142, 311, 8),
(143, 311, 9),
(102, 312, 1),
(103, 312, 2),
(108, 313, 1),
(109, 313, 2),
(110, 314, 7),
(111, 314, 8),
(120, 315, 1),
(121, 315, 2),
(136, 316, 2),
(137, 316, 4),
(140, 317, 1),
(141, 317, 2),
(144, 318, 1),
(145, 318, 2),
(146, 318, 4),
(147, 318, 5),
(148, 319, 1),
(149, 319, 2),
(150, 320, 1),
(151, 320, 2),
(152, 321, 1),
(153, 321, 2),
(156, 331, 2),
(160, 338, 1),
(162, 338, 6),
(161, 338, 9),
(189, 341, 1),
(190, 341, 7),
(178, 345, 1),
(179, 345, 9),
(180, 345, 22),
(177, 345, 25),
(185, 349, 1),
(186, 350, 1),
(188, 350, 2),
(187, 350, 22),
(192, 352, 6),
(207, 356, 6),
(206, 356, 9),
(208, 356, 22),
(205, 356, 25),
(209, 358, 1),
(219, 359, 1),
(221, 359, 6),
(220, 359, 9),
(218, 359, 25),
(223, 362, 1),
(225, 362, 6),
(224, 362, 9),
(222, 362, 25),
(237, 364, 1),
(239, 364, 6),
(238, 364, 9),
(240, 364, 22),
(236, 364, 25),
(254, 365, 1),
(255, 365, 9),
(253, 365, 25),
(269, 367, 1),
(271, 367, 6),
(270, 367, 9),
(268, 367, 25),
(276, 368, 1),
(277, 368, 9),
(275, 368, 25);

-- --------------------------------------------------------

--
-- Table structure for table `itinerary_itinerary_searchfor`
--

DROP TABLE IF EXISTS `itinerary_itinerary_searchfor`;
CREATE TABLE `itinerary_itinerary_searchfor` (
  `id` int(11) NOT NULL,
  `itinerary_id` int(11) NOT NULL,
  `searchingfor_id` int(11) NOT NULL
) ENGINE=InnoDB DEFAULT CHARSET=utf8;

--
-- Dumping data for table `itinerary_itinerary_searchfor`
--

INSERT INTO `itinerary_itinerary_searchfor` (`id`, `itinerary_id`, `searchingfor_id`) VALUES
(1, 254, 6),
(2, 255, 1),
(3, 255, 2),
(187, 256, 5),
(186, 256, 6),
(8, 258, 1),
(9, 258, 2),
(10, 258, 3),
(11, 259, 6),
(12, 259, 8),
(13, 259, 9),
(14, 259, 10),
(15, 260, 1),
(16, 260, 2),
(17, 261, 1),
(18, 261, 2),
(19, 262, 1),
(20, 262, 2),
(21, 263, 1),
(22, 263, 3),
(23, 264, 1),
(24, 264, 2),
(31, 268, 1),
(32, 268, 4),
(33, 269, 1),
(34, 269, 4),
(37, 270, 3),
(38, 270, 4),
(39, 271, 3),
(40, 271, 4),
(41, 272, 3),
(42, 272, 4),
(43, 275, 6),
(48, 278, 1),
(49, 278, 2),
(50, 279, 1),
(51, 279, 2),
(52, 279, 3),
(57, 280, 1),
(58, 280, 2),
(95, 297, 1),
(96, 297, 2),
(85, 298, 1),
(86, 298, 2),
(97, 307, 2),
(98, 307, 3),
(99, 307, 4),
(100, 309, 3),
(101, 309, 6),
(102, 310, 3),
(103, 310, 6),
(160, 311, 2),
(161, 311, 3),
(162, 311, 4),
(116, 312, 1),
(117, 312, 2),
(122, 313, 1),
(123, 313, 2),
(124, 314, 1),
(125, 314, 6),
(138, 315, 1),
(139, 315, 2),
(154, 316, 1),
(155, 316, 2),
(158, 317, 1),
(159, 317, 2),
(163, 318, 1),
(164, 318, 2),
(165, 318, 3),
(166, 318, 4),
(167, 319, 1),
(168, 319, 2),
(169, 320, 1),
(170, 320, 2),
(171, 321, 1),
(172, 321, 2),
(175, 331, 2),
(185, 338, 2),
(182, 338, 4),
(183, 338, 6),
(181, 338, 7),
(184, 338, 8);

-- --------------------------------------------------------

--
-- Table structure for table `itinerary_ittransportation`
--

DROP TABLE IF EXISTS `itinerary_ittransportation`;
CREATE TABLE `itinerary_ittransportation` (
  `id` int(11) NOT NULL,
  `rating_id` int(11) DEFAULT NULL,
  `itinerary_id` int(11) DEFAULT NULL,
  `carrier_id` int(11) DEFAULT NULL,
  `transport_price` varchar(15) DEFAULT NULL,
  `transport_website` varchar(255) DEFAULT NULL,
  `trans_carrier` varchar(255) DEFAULT NULL,
  `other_type` varchar(255) DEFAULT NULL
) ENGINE=InnoDB DEFAULT CHARSET=utf8;

--
-- Dumping data for table `itinerary_ittransportation`
--

INSERT INTO `itinerary_ittransportation` (`id`, `rating_id`, `itinerary_id`, `carrier_id`, `transport_price`, `transport_website`, `trans_carrier`, `other_type`) VALUES
(116, NULL, 254, 3, '', '', '', NULL),
(117, 1, 255, 1, '1000', 'www.makemytrip.com', 'Luggage', NULL),
(120, 5, 258, 1, '580', 'Www.google.com', '', NULL),
(121, 2, 259, 4, '135', 'https://www.bcferries.com/schedules/mainland/', '', NULL),
(122, 5, 260, 2, '1000', 'Www.makemytrip.com', 'Luggage ', NULL),
(123, NULL, 261, NULL, '', '', '', NULL),
(124, NULL, 262, NULL, '', '', '', NULL),
(125, NULL, 263, NULL, '', '', '', NULL),
(126, 1, 264, 1, '1000', 'Www.makemytrip.com', 'Luggage ', NULL),
(127, 2, 264, 2, '1000', 'Www.makemytrip.con', 'Luggage ', NULL),
(128, 3, 264, 3, '1000', 'Www.makemytrip.con', 'Luggage ', NULL),
(130, NULL, 265, NULL, '', '', '', NULL),
(131, NULL, 266, NULL, '', '', '', NULL),
(132, NULL, 267, NULL, '', '', '', NULL),
(135, 3, 268, 1, '25', 'www.google.com', 'car', NULL),
(136, 3, 269, 1, '25', 'www.google.com', 'car', NULL),
(138, NULL, 270, NULL, '', '', '', NULL),
(139, NULL, 271, NULL, '', '', '', NULL),
(140, NULL, 272, NULL, '', '', '', NULL),
(141, NULL, 273, NULL, '', '', '', NULL),
(142, NULL, 274, NULL, '', '', '', NULL),
(143, NULL, 275, NULL, '', '', '', NULL),
(144, NULL, 276, NULL, '', '', '', NULL),
(146, NULL, 277, NULL, '', '', '', NULL),
(148, 3, 278, 1, '25', 'www.google.com', 'Car', NULL),
(149, 5, 279, 2, '560', 'Https://www.google.com', '', NULL),
(152, 4, 280, 3, '25', 'www.google.com', 'Luggage', NULL),
(153, NULL, 281, NULL, '', '', '', NULL),
(154, NULL, 282, NULL, '', '', '', NULL),
(155, NULL, 283, NULL, '', '', '', NULL),
(156, NULL, 284, NULL, '', '', '', NULL),
(157, NULL, 285, NULL, '', '', '', NULL),
(158, NULL, 286, NULL, '', '', '', NULL),
(159, NULL, 287, NULL, '', '', '', NULL),
(162, NULL, 288, NULL, '', '', '', NULL),
(163, NULL, 289, NULL, '', '', '', NULL),
(164, NULL, 290, NULL, '', '', '', NULL),
(165, NULL, 291, NULL, '', '', '', NULL),
(166, NULL, 292, NULL, '', '', '', NULL),
(167, NULL, 293, NULL, '', '', '', NULL),
(168, NULL, 294, NULL, '', '', '', NULL),
(171, NULL, 295, NULL, '', '', '', NULL),
(187, NULL, 299, NULL, '', '', '', NULL),
(191, NULL, 298, NULL, '', '', '', NULL),
(194, NULL, 302, NULL, '', '', '', NULL),
(200, NULL, 303, NULL, '', '', '', NULL),
(205, 3, 297, 2, '25', 'www.google.com', 'car', NULL),
(207, NULL, 305, NULL, '', '', '', NULL),
(208, NULL, 296, NULL, '', '', '', NULL),
(211, NULL, 300, NULL, '', '', '', NULL),
(212, NULL, 304, NULL, '', '', '', NULL),
(215, NULL, 301, NULL, '', '', '', NULL),
(216, 2, 307, 2, '125', 'www.google.com', 'Carriers', NULL),
(217, 2, 309, 1, '125', 'www.google.com', 'Carriers', NULL),
(218, 2, 310, 1, '125', 'www.google.com', 'Carriers', NULL),
(223, 1, 312, 1, '1000', 'www.makemytrip.com', 'luggage', NULL),
(226, 1, 313, 1, '1000', 'www.makemytrip.com', 'luggage', NULL),
(227, 1, 314, 1, '1000', 'www.makemytrip.com', 'luggage', NULL),
(232, NULL, 315, NULL, '', '', '', NULL),
(240, 1, 316, 1, '1100', 'www.makemytrip.com', 'luggage', NULL),
(243, 1, 317, 1, '1000', 'www.makemytrip.com', 'luggage', NULL),
(244, 2, 317, 2, '2000', 'www.makemytrip.com', 'luggage', NULL),
(245, NULL, 311, NULL, '', '', '', NULL),
(246, 1, 318, 1, '1000', 'www.makemytrip.com', 'luggage', NULL),
(247, 1, 319, 1, '1000', 'www.makemytrip.com', 'luggage', NULL),
(248, 2, 319, 2, '2000', 'www.makemytrip.com', 'luggage', NULL),
(249, 1, 320, 1, '11', 'www.makemytrip.com', 'luggage', NULL),
(250, 6, 321, 4, '11', 'www.makemytrip.com', 'luggage', NULL),
(251, NULL, 326, NULL, '', '', '', NULL),
(252, NULL, 327, NULL, '', '', '', NULL),
(253, NULL, 328, NULL, '', '', '', NULL),
(259, NULL, 332, NULL, '', '', '', NULL),
(268, NULL, 333, NULL, '', '', '', NULL),
(269, 2, 331, 2, '10000', 'http://148.76.75.203:8001/create_itinerary/', 'Carrier', NULL),
(274, NULL, 335, NULL, '', '', '', NULL),
(275, 6, 336, 1, '500', 'google.com/flights', 'Air France', NULL),
(276, NULL, 330, NULL, '', '', '', NULL),
(278, 1, 338, 2, '502', '', '20', NULL),
(281, NULL, 339, NULL, '', '', '', NULL),
(283, NULL, 340, NULL, '', '', '', NULL),
(287, NULL, 329, NULL, '', '', '', NULL),
(289, NULL, 342, NULL, '', '', '', NULL),
(295, NULL, 343, NULL, '', '', '', NULL),
(297, NULL, 344, NULL, '', '', '', NULL),
(302, 1, 345, 1, '20', 'https://www.google.com/', '20', NULL),
(309, NULL, 347, NULL, '', '', '', ''),
(310, 5, 349, 8, '', '', '', 'fine'),
(311, 3, 350, 1, '900', 'delta.com', 'Delta', ''),
(312, NULL, 341, 4, '111111', 'http://tripsanditineraries.com/', 'Carrier', 'None'),
(316, NULL, 351, NULL, '', '', '', ''),
(318, NULL, 352, NULL, '', '', '', ''),
(319, NULL, 353, NULL, '', '', '', ''),
(324, NULL, 355, NULL, '', '', '', ''),
(325, NULL, 354, NULL, '', '', '', ''),
(329, 4, 356, 1, '45', 'google.com', 'job', ''),
(330, NULL, 357, NULL, '', '', '', ''),
(331, 2, 358, 8, '111111', 'http://148.76.75.203:8001/create_itinerary/', 'Carrier', 'Carrier Other'),
(334, NULL, 359, 5, '', '', '', ''),
(335, NULL, 360, NULL, '', '', '', ''),
(336, NULL, 361, NULL, '', '', '', ''),
(337, NULL, 362, 5, '', '', '', ''),
(340, 4, 364, 8, '20', '', '', ''),
(345, NULL, 365, NULL, '', '', '', ''),
(347, 4, 366, 8, '', '', '', ''),
(351, 4, 367, 1, '10', '', '', ''),
(353, 4, 368, 3, '22', '', '', '');

-- --------------------------------------------------------

--
-- Table structure for table `itinerary_ittransportationtrips`
--

DROP TABLE IF EXISTS `itinerary_ittransportationtrips`;
CREATE TABLE `itinerary_ittransportationtrips` (
  `id` int(11) NOT NULL,
  `itinerary_id` int(11) DEFAULT NULL,
  `ittransportation_id` int(11) DEFAULT NULL,
  `transport_tips` longtext
) ENGINE=InnoDB DEFAULT CHARSET=utf8;

--
-- Dumping data for table `itinerary_ittransportationtrips`
--

INSERT INTO `itinerary_ittransportationtrips` (`id`, `itinerary_id`, `ittransportation_id`, `transport_tips`) VALUES
(1, 254, 116, 'Traffic is heavy in Seattle during rush hour.  Be prepared.  '),
(2, 255, 117, 'Trick'),
(5, 258, 120, ''),
(6, 259, 121, 'We drove our own car, crossed the border, and took the 1.5 hour ferry from Vancouver to Victoria.  Get a Nexus pass for the border as it will save you an immense amount of time.  Also, be sure to reserve your ticket for the ferry in advance.  There was a 2 ferry wait on a Thursday, the day we left.  Get there a little early and explore the market at the ferry terminal!  I found a great pullover and my kiddos found a fun game.  Great stalls with food, gifts and even a Starbucks at the end.  The ferry ride is amazing-youll see seals and eagles and often whales.  There is a quick stop cafe and a sit down cafe on the ferry.  Food is not great but good for a snack.  '),
(7, 260, 122, 'Trip&trick'),
(8, 261, 123, ''),
(9, 262, 124, ''),
(10, 263, 125, ''),
(11, 264, 126, 'Trip n trick '),
(12, 264, 126, 'Trip n trick'),
(13, 264, 127, 'Trip n trik\n'),
(14, 264, 127, 'Trip n trick\n'),
(15, 264, 128, 'Tip n trick'),
(16, 264, 128, 'Tip n trick\n'),
(18, 265, 130, ''),
(19, 266, 131, ''),
(20, 267, 132, ''),
(23, 268, 135, 'this is testing'),
(24, 269, 136, 'this is testing'),
(26, 270, 138, ''),
(27, 271, 139, ''),
(28, 272, 140, ''),
(29, 273, 141, ''),
(30, 274, 142, ''),
(31, 275, 143, ''),
(32, 276, 144, ''),
(34, 277, 146, ''),
(36, 278, 148, 'Good'),
(37, 279, 149, ''),
(40, 280, 152, 'Good1'),
(41, 281, 153, ''),
(42, 282, 154, ''),
(43, 283, 155, ''),
(44, 284, 156, ''),
(45, 285, 157, ''),
(46, 286, 158, ''),
(47, 287, 159, ''),
(50, 288, 162, ''),
(51, 289, 163, ''),
(52, 290, 164, ''),
(53, 291, 165, ''),
(54, 292, 166, ''),
(55, 293, 167, ''),
(56, 294, 168, ''),
(59, 295, 171, ''),
(75, 299, 187, ''),
(79, 298, 191, ''),
(82, 302, 194, ''),
(88, 303, 200, ''),
(93, 297, 205, 'good'),
(95, 305, 207, ''),
(96, 296, 208, ''),
(99, 300, 211, ''),
(100, 304, 212, ''),
(103, 301, 215, ''),
(104, 307, 216, 'Here is a list of websites, blogs, vlogs, and other materials I leveraged to ensure this trip was perfect.'),
(105, 307, 216, 'Here is a list of websites, blogs, vlogs, and other materials I leveraged to ensure this trip was perfect..'),
(106, 309, 217, 'Here is a list of websites, blogs, vlogs, and other materials I leveraged to ensure this trip was perfect...\r\nHere is a list of websites, blogs, vlogs, and other materials I leveraged to ensure this trip was perfect..'),
(107, 310, 218, 'Here is a list of websites, blogs, vlogs, and other materials I leveraged to ensure this trip was perfect...\r\nHere is a list of websites, blogs, vlogs, and other materials I leveraged to ensure this trip was perfect..'),
(112, 312, 223, 'Overall Trip Comments'),
(115, 313, 226, 'Tips & Tricks 1\r\n'),
(116, 314, 227, 'Trip & trick 1'),
(117, 314, 227, 'Tip & trick 2'),
(122, 315, 232, ''),
(137, 316, 240, 'Tip & trick 1'),
(138, 316, 240, 'Tip & trick 2'),
(143, 317, 243, 'Tips & Tricks 1'),
(144, 317, 243, 'Tips & Tricks 2'),
(145, 317, 244, 'Tips & Tricks 1'),
(146, 317, 244, 'Tips & Tricks 2'),
(147, 311, 245, ''),
(148, 318, 246, 'Tips & Tricks'),
(149, 319, 247, 'Tips & Tricks1\r\n'),
(150, 319, 247, 'Tips & Tricks2\r\n'),
(151, 319, 248, 'Tips & Tricks1\r\n'),
(152, 319, 248, 'Tips & Tricks2'),
(153, 320, 249, 'Tips & Tricks\r\n'),
(154, 320, 249, 'Tips & Tricks\r\n'),
(155, 320, 249, 'Tips & Tricks\r\n'),
(156, 321, 250, 'Tips & Tricks\r\n'),
(157, 326, 251, ''),
(158, 327, 252, ''),
(159, 328, 253, ''),
(165, 332, 259, ''),
(174, 333, 268, ''),
(175, 331, 269, 'Tips & Tricks'),
(180, 335, 274, ''),
(181, 336, 275, 'It\'s cheaper to leave on a Wednesday.'),
(182, 336, 275, 'It\'s cheaper to come home on a Saturday.'),
(183, 330, 276, ''),
(185, 338, 278, 'good'),
(188, 339, 281, ''),
(190, 340, 283, ''),
(194, 329, 287, ''),
(196, 342, 289, ''),
(202, 343, 295, ''),
(204, 344, 297, ''),
(209, 345, 302, 'it is good'),
(216, 347, 309, ''),
(217, 349, 310, ''),
(218, 350, 311, 'You will fly thru Atlanta or Miami most likely.  We ended up having an overnight stay over to ensure we weren\'t exhausted when we arrived in St. Lucia.'),
(219, 341, 312, 'Why do we use it?\r\nIt is a long established fact that a reader will be distracted by the readable content of a page when looking at its layout. The point of using Lorem Ipsum.'),
(223, 351, 316, ''),
(225, 352, 318, ''),
(226, 353, 319, ''),
(231, 355, 324, ''),
(232, 354, 325, ''),
(236, 356, 329, ''),
(237, 357, 330, ''),
(238, 358, 331, 'Tips & Tricks\r\n'),
(241, 359, 334, ''),
(242, 360, 335, ''),
(243, 361, 336, ''),
(244, 362, 337, ''),
(249, 364, 340, ''),
(250, 364, 340, ''),
(255, 365, 345, ''),
(258, 366, 347, ''),
(259, 366, 347, ''),
(263, 367, 351, ''),
(266, 368, 353, ''),
(267, 368, 353, '');

-- --------------------------------------------------------

--
-- Table structure for table `itinerary_leveragetrips`
--

DROP TABLE IF EXISTS `itinerary_leveragetrips`;
CREATE TABLE `itinerary_leveragetrips` (
  `id` int(11) NOT NULL,
  `itinerary_id` int(11) DEFAULT NULL,
  `leverage_trips` longtext
) ENGINE=InnoDB DEFAULT CHARSET=utf8;

--
-- Dumping data for table `itinerary_leveragetrips`
--

INSERT INTO `itinerary_leveragetrips` (`id`, `itinerary_id`, `leverage_trips`) VALUES
(1, 254, 'Www.redtri.com/seattle'),
(2, 255, 'www.makemytrip.com'),
(6, 258, 'Www.google.com'),
(7, 259, 'https://vacationidea.com/destinations/best-things-to-do-in-victoria-canada.html#slide4'),
(8, 260, 'Www.makemytrip.com'),
(9, 261, ''),
(10, 262, ''),
(11, 263, ''),
(12, 264, 'Www.makemytrip.com'),
(13, 264, 'Www.makemytrip.com'),
(15, 265, ''),
(16, 266, ''),
(17, 267, ''),
(22, 268, 'www.google.com'),
(23, 269, 'www.google.com'),
(26, 270, ''),
(27, 271, ''),
(28, 272, ''),
(29, 273, ''),
(30, 274, ''),
(31, 275, ''),
(32, 276, ''),
(35, 277, ''),
(37, 278, 'www.google.com'),
(38, 279, 'Www.google.com'),
(42, 280, 'www.google.com'),
(43, 281, ''),
(44, 282, ''),
(45, 283, ''),
(46, 284, ''),
(47, 285, ''),
(48, 286, ''),
(49, 287, ''),
(54, 288, ''),
(55, 289, ''),
(56, 290, ''),
(57, 291, ''),
(58, 292, ''),
(59, 293, ''),
(60, 294, ''),
(65, 295, ''),
(81, 299, ''),
(85, 298, ''),
(88, 302, ''),
(94, 303, ''),
(99, 297, 'good'),
(101, 305, ''),
(102, 296, ''),
(105, 300, ''),
(106, 304, ''),
(109, 301, ''),
(110, 307, 'Here is a list of websites, blogs, vlogs, and other materials I leveraged to ensure this trip was perfect..'),
(111, 309, 'www.google.com'),
(112, 310, 'www.google.com'),
(117, 312, 'demo ResourcesResourcesResourcesResourcesResourcesResourcesResourcesResourcesResources'),
(120, 313, 'Resources data 1'),
(121, 314, 'Posts and Pages\r\nThe WordPress Demo Content for each theme is an xml file. This is a text file that describes the site data in a way that can be imported by WordPress. The demo content does not include image files however, once the import process has completed, the image files will have been loaded onto your site.'),
(122, 314, 'Posts and Pages\r\nThe WordPress Demo Content for each theme is an xml file. This is a text file that describes the site data in a way that can be imported by WordPress. The demo content does not include image files however, once the import process has completed, the image files will have been loaded onto your site.'),
(127, 315, ''),
(135, 316, 'www.makemytrip.com'),
(138, 317, 'www.makemytrip.com   1'),
(139, 317, 'www.makemytrip.com 2'),
(140, 311, ''),
(141, 318, 'www.makemytrip.com'),
(142, 319, 'www.makemytrip.com'),
(143, 319, 'www.makemytrip.com'),
(144, 320, 'www.makemytrip.com'),
(145, 320, 'www.makemytrip.com'),
(146, 321, 'www.makemytrip.com'),
(147, 326, ''),
(148, 327, ''),
(149, 328, ''),
(155, 332, ''),
(164, 333, ''),
(165, 331, 'Lorem Ipsum is simply dummy text of the printing and typesetting industry. Lorem Ipsum has been the industry\'s standard dummy text ever since the 1500s'),
(170, 335, ''),
(171, 336, 'https://travel.usnews.com/rankings/worlds-best-vacations/'),
(172, 336, 'I love to travel.com'),
(173, 330, ''),
(175, 338, ''),
(178, 339, ''),
(180, 340, ''),
(181, 256, 'http://148.76.75.203:8001'),
(182, 256, 'http://tripsanditineraries.com'),
(186, 329, ''),
(189, 342, ''),
(195, 343, ''),
(197, 344, ''),
(202, 345, 'https://www.google.com/'),
(205, 346, ''),
(212, 347, ''),
(213, 349, ''),
(214, 350, 'stlucia.com'),
(215, 350, 'catamarans.com'),
(216, 341, 'http://tripsanditineraries.com/'),
(217, 341, 'http://tripsanditineraries.com/'),
(221, 351, ''),
(223, 352, ''),
(224, 353, ''),
(229, 355, ''),
(230, 354, ''),
(234, 356, ''),
(235, 357, ''),
(236, 358, ''),
(239, 359, ''),
(240, 360, ''),
(241, 361, ''),
(242, 362, ''),
(245, 364, ''),
(250, 365, ''),
(253, 366, ''),
(254, 366, ''),
(258, 367, ''),
(260, 368, '');

-- --------------------------------------------------------

--
-- Table structure for table `itinerary_likesitinerary`
--

DROP TABLE IF EXISTS `itinerary_likesitinerary`;
CREATE TABLE `itinerary_likesitinerary` (
  `likeid` int(11) NOT NULL,
  `itinerary_id` int(11) DEFAULT NULL,
  `user_id` int(11) DEFAULT NULL,
  `created_at` datetime NOT NULL,
  `updated_at` datetime NOT NULL,
  `like` varchar(1) NOT NULL
) ENGINE=InnoDB DEFAULT CHARSET=utf8;

--
-- Dumping data for table `itinerary_likesitinerary`
--

INSERT INTO `itinerary_likesitinerary` (`likeid`, `itinerary_id`, `user_id`, `created_at`, `updated_at`, `like`) VALUES
(1, 256, NULL, '2019-08-31 05:47:41', '2019-08-31 05:47:41', '1'),
(2, 256, 144, '2019-08-31 05:48:02', '2019-08-31 05:48:07', '1'),
(3, 260, 146, '2019-09-03 08:15:15', '2019-09-03 10:13:18', '1'),
(4, 259, 146, '2019-09-04 11:20:09', '2019-09-04 11:20:09', '1'),
(5, 256, 146, '2019-09-04 11:22:11', '2019-09-04 11:22:11', '1'),
(6, 258, 31, '2019-09-05 11:21:56', '2019-09-05 11:21:56', '1'),
(7, 257, 31, '2019-09-05 13:38:56', '2019-09-05 13:38:57', '0'),
(8, 256, 31, '2019-09-06 11:21:54', '2020-05-01 14:38:51', '1'),
(9, 278, 31, '2019-09-10 09:34:01', '2019-09-10 09:34:01', '1'),
(10, 259, 31, '2019-09-11 12:56:05', '2019-09-11 12:56:05', '1'),
(11, 307, 97, '2019-09-18 10:52:58', '2019-09-18 10:52:59', '1'),
(12, 261, 151, '2019-10-03 05:53:35', '2019-10-03 05:53:37', '0'),
(13, 291, 151, '2019-10-03 05:53:40', '2019-10-03 05:53:40', '1'),
(14, 312, 151, '2019-10-03 06:15:06', '2019-10-03 06:15:06', '1'),
(15, 312, 152, '2019-10-03 06:15:39', '2019-10-03 06:15:39', '1'),
(16, 313, 152, '2019-10-03 06:33:54', '2019-10-03 06:33:54', '1'),
(17, 313, 151, '2019-10-03 06:39:54', '2019-10-03 06:46:27', '1'),
(18, 314, 152, '2019-10-04 05:34:33', '2019-10-04 05:34:33', '1'),
(19, 314, 151, '2019-10-04 05:34:41', '2019-10-04 05:34:41', '1'),
(20, 316, 152, '2019-10-07 06:07:25', '2019-10-07 06:07:25', '1'),
(21, 316, 151, '2019-10-07 06:13:59', '2019-10-07 06:13:59', '1'),
(22, 318, 155, '2019-11-04 07:25:53', '2019-11-04 12:27:15', '1'),
(23, 318, 156, '2019-11-04 07:54:16', '2019-11-04 07:54:16', '1'),
(24, 317, NULL, '2019-11-05 12:32:54', '2019-11-05 12:32:54', '1'),
(25, 319, 155, '2019-11-06 08:05:35', '2019-11-06 11:44:23', '1'),
(26, 263, 156, '2019-11-06 10:03:23', '2019-11-06 10:03:23', '1'),
(27, 271, 156, '2019-11-06 10:03:25', '2019-11-06 10:03:25', '1'),
(28, 270, 156, '2019-11-06 10:03:27', '2019-11-06 10:03:27', '1'),
(29, 267, 156, '2019-11-06 10:03:29', '2019-11-06 10:03:29', '1'),
(30, 277, 156, '2019-11-06 10:03:49', '2019-11-06 10:03:49', '1'),
(31, 295, 156, '2019-11-06 10:04:10', '2019-11-06 10:04:10', '1'),
(32, 293, 156, '2019-11-06 10:04:11', '2019-11-06 10:04:11', '1'),
(33, 291, 156, '2019-11-06 10:04:13', '2019-11-06 10:04:13', '1'),
(34, 287, 156, '2019-11-06 10:04:14', '2019-11-06 10:04:14', '1'),
(35, 280, 156, '2019-11-06 10:04:16', '2019-11-06 10:04:16', '1'),
(36, 274, 156, '2019-11-06 10:04:18', '2019-11-06 10:04:18', '1'),
(37, 273, 156, '2019-11-06 10:04:19', '2019-11-06 10:04:19', '1'),
(38, 272, 156, '2019-11-06 10:04:20', '2019-11-06 10:04:20', '1'),
(39, 319, 156, '2019-11-06 11:43:14', '2019-11-06 11:43:14', '1'),
(40, 320, 156, '2019-11-06 11:43:17', '2019-11-06 11:43:17', '1'),
(41, 321, 155, '2019-11-06 11:44:13', '2019-11-06 11:44:18', '1'),
(42, 320, 155, '2019-11-06 11:44:21', '2019-11-06 11:44:21', '1'),
(43, 316, 160, '2020-04-28 10:02:53', '2020-04-28 10:02:55', '0'),
(44, 328, 160, '2020-04-28 10:06:16', '2020-04-28 10:06:16', '1'),
(45, 315, 31, '2020-04-29 06:31:43', '2020-04-29 06:31:45', '1'),
(46, 316, NULL, '2020-04-30 05:59:45', '2020-04-30 05:59:45', '1'),
(47, 332, 161, '2020-04-30 07:26:09', '2020-04-30 07:26:09', '1'),
(48, 333, 31, '2020-04-30 09:01:57', '2020-04-30 09:04:22', '0'),
(49, 333, 161, '2020-04-30 09:03:15', '2020-04-30 09:03:15', '1'),
(50, 317, 161, '2020-04-30 10:19:03', '2020-04-30 10:19:28', '0'),
(51, 335, 162, '2020-04-30 14:48:41', '2020-04-30 14:48:41', '1'),
(52, 338, NULL, '2020-05-06 06:48:10', '2020-05-06 06:48:10', '1'),
(53, 343, 163, '2020-05-06 08:29:36', '2020-05-06 08:32:54', '1'),
(54, 349, 163, '2020-05-07 16:11:40', '2020-05-07 16:11:40', '1'),
(55, 354, NULL, '2020-05-12 05:53:09', '2020-05-12 05:53:09', '1'),
(56, 364, 166, '2020-05-12 13:43:23', '2020-05-12 13:43:23', '1'),
(57, 365, 166, '2020-05-12 13:52:06', '2020-05-12 13:52:36', '0'),
(58, 361, 166, '2020-05-12 13:52:17', '2020-05-12 13:52:17', '1');

-- --------------------------------------------------------

--
-- Table structure for table `itinerary_lodgingphoto`
--

DROP TABLE IF EXISTS `itinerary_lodgingphoto`;
CREATE TABLE `itinerary_lodgingphoto` (
  `id` int(11) NOT NULL,
  `itinerary_id` int(11) DEFAULT NULL,
  `lodging_image` varchar(255) DEFAULT NULL
) ENGINE=InnoDB DEFAULT CHARSET=utf8;

--
-- Dumping data for table `itinerary_lodgingphoto`
--

INSERT INTO `itinerary_lodgingphoto` (`id`, `itinerary_id`, `lodging_image`) VALUES
(1, 254, 'lodging_image/accomophoto0_5tCRJoo.jpg'),
(2, 254, 'lodging_image/accomophoto0_5tCRJoo.jpg'),
(3, 254, 'lodging_image/accomophoto0_5tCRJoo.jpg'),
(4, 254, 'lodging_image/accomophoto0_5tCRJoo.jpg'),
(5, 255, 'lodging_image/accomophoto0_kZA8URI.jpg'),
(12, 258, 'lodging_image/accomophoto0_5tCRJoo.jpg'),
(13, 258, 'lodging_image/accomophoto0_5tCRJoo.jpg'),
(14, 258, 'lodging_image/accomophoto0_5tCRJoo.jpg'),
(15, 258, 'lodging_image/accomophoto0_5tCRJoo.jpg'),
(16, 259, 'lodging_image/accomophoto0_2EkD1b6.jpg'),
(17, 259, 'lodging_image/accomophoto1_ADzF8Ns.jpg'),
(18, 259, 'lodging_image/accomophoto2_7oluJf7.jpg'),
(19, 259, 'lodging_image/accomophoto3_zyQWCww.jpg'),
(20, 260, 'lodging_image/accomophoto0_pHjEkPr.jpg'),
(21, 261, 'N'),
(22, 261, 'o'),
(23, 261, 'n'),
(24, 261, 'e'),
(25, 262, 'N'),
(26, 262, 'o'),
(27, 262, 'n'),
(28, 262, 'e'),
(29, 263, 'N'),
(30, 263, 'o'),
(31, 263, 'n'),
(32, 263, 'e'),
(33, 264, 'lodging_image/accomophoto0_3ngnvaO.jpg'),
(38, 265, 'N'),
(39, 265, 'o'),
(40, 265, 'n'),
(41, 265, 'e'),
(42, 266, 'N'),
(43, 266, 'o'),
(44, 266, 'n'),
(45, 266, 'e'),
(46, 267, 'N'),
(47, 267, 'lodging_image/accomophoto0_5tCRJoo.jpg'),
(48, 267, 'lodging_image/accomophoto0_5tCRJoo.jpg'),
(49, 267, 'lodging_image/accomophoto0_5tCRJoo.jpg'),
(54, 268, 'lodging_image/accomophoto0_0ujClBp.jpg'),
(55, 269, 'lodging_image/accomophoto0_cXNchDg.jpg'),
(58, 270, 'lodging_image/accomophoto0_5tCRJoo.jpg'),
(59, 270, 'lodging_image/accomophoto0_5tCRJoo.jpg'),
(60, 270, 'lodging_image/accomophoto0_5tCRJoo.jpg'),
(61, 270, 'lodging_image/accomophoto0_5tCRJoo.jpg'),
(62, 271, 'lodging_image/accomophoto0_5tCRJoo.jpg'),
(63, 271, 'lodging_image/accomophoto0_5tCRJoo.jpg'),
(64, 271, 'lodging_image/accomophoto0_5tCRJoo.jpg'),
(65, 271, 'lodging_image/accomophoto0_5tCRJoo.jpg'),
(66, 272, 'lodging_image/accomophoto0_5tCRJoo.jpg'),
(67, 272, 'lodging_image/accomophoto0_5tCRJoo.jpg'),
(68, 272, 'lodging_image/accomophoto0_5tCRJoo.jpg'),
(69, 272, 'lodging_image/accomophoto0_5tCRJoo.jpg'),
(70, 273, 'lodging_image/accomophoto0_5tCRJoo.jpg'),
(71, 273, 'lodging_image/accomophoto0_5tCRJoo.jpg'),
(72, 273, 'lodging_image/accomophoto0_5tCRJoo.jpg'),
(73, 273, 'lodging_image/accomophoto0_5tCRJoo.jpg'),
(74, 274, 'lodging_image/accomophoto0_5tCRJoo.jpg'),
(96, 278, 'lodging_image/accomophoto0_5tCRJoo.jpg'),
(97, 278, 'lodging_image/accomophoto1_5JuwvsC.jpg'),
(105, 280, 'lodging_image/accomophoto0_npF5EWu.jpg'),
(138, 288, 'lodging_image/accomophoto0_npF5EWu.jpg'),
(139, 288, 'lodging_image/accomophoto0_npF5EWu.jpg'),
(140, 288, 'lodging_image/accomophoto0_npF5EWu.jpg'),
(141, 288, 'lodging_image/accomophoto0_npF5EWu.jpg'),
(142, 289, 'lodging_image/accomophoto0_npF5EWu.jpg'),
(143, 289, 'lodging_image/accomophoto0_npF5EWu.jpg'),
(144, 289, 'lodging_image/accomophoto0_npF5EWu.jpg'),
(145, 289, 'lodging_image/accomophoto0_npF5EWu.jpg'),
(148, 256, 'lodging_image/accomophoto0_xkMzWgB.jpg'),
(149, 256, 'lodging_image/accomophoto1_t4HFObL.jpg'),
(157, 257, 'lodging_image/accomophoto0_jry8odK.jpg'),
(167, 297, 'lodging_image/accomophoto0_tXWRaHN.jpg'),
(168, 307, 'lodging_image/images_5.jpg'),
(169, 307, 'lodging_image/images_3.jpg'),
(170, 309, 'lodging_image/images.jpg'),
(171, 309, 'lodging_image/images_3_2x3Y0CR.jpg'),
(172, 309, 'lodging_image/images_7.jpeg'),
(173, 309, 'lodging_image/images_5_KtWIzAU.jpg'),
(174, 310, 'lodging_image/images_Xm9v8lA.jpg'),
(175, 310, 'lodging_image/images_3_W72Xvhm.jpg'),
(176, 310, 'lodging_image/images_7_dJC4xuz.jpeg'),
(177, 310, 'lodging_image/images_5_AxHJOXI.jpg'),
(178, 312, 'lodging_image/4p.jpg'),
(179, 313, 'lodging_image/4p_fD5Cby8.jpg'),
(180, 314, 'lodging_image/3p_HtonIcM.jpg'),
(182, 316, 'lodging_image/4p_IVH5COr.jpg'),
(183, 317, 'lodging_image/5p.jpg'),
(184, 318, 'lodging_image/4p_OtafSSh.jpg'),
(185, 319, 'lodging_image/auli2_jik9eyG.jpg'),
(186, 320, 'lodging_image/auli2_GMgt67P.jpg'),
(187, 320, 'lodging_image/auli1_hv56cAF.jpg'),
(188, 320, 'lodging_image/auli1_svoT6px.jpg'),
(189, 320, 'lodging_image/auli2_1gExgns.jpg'),
(190, 321, 'lodging_image/auli2_fxPrWcp.jpg'),
(191, 331, 'lodging_image/image_trips_1.jpg'),
(192, 331, 'lodging_image/image_trips_2.jpg'),
(193, 331, 'lodging_image/image_trips_3.jpg'),
(194, 336, 'lodging_image/denys-nevozhai-guNIjIuUcgY-unsplash.jpg'),
(195, 341, 'lodging_image/image_trips_1_02uCkCY.jpg'),
(196, 341, 'lodging_image/image_trips_2_nAhTXUl.jpg'),
(197, 345, 'lodging_image/download3.jpg'),
(198, 358, 'lodging_image/image_trips_2_jjWKvy4.jpg');

-- --------------------------------------------------------

--
-- Table structure for table `itinerary_lodgingtips`
--

DROP TABLE IF EXISTS `itinerary_lodgingtips`;
CREATE TABLE `itinerary_lodgingtips` (
  `id` int(11) NOT NULL,
  `itinerary_id` int(11) DEFAULT NULL,
  `lodging_tips` longtext
) ENGINE=InnoDB DEFAULT CHARSET=utf8;

--
-- Dumping data for table `itinerary_lodgingtips`
--

INSERT INTO `itinerary_lodgingtips` (`id`, `itinerary_id`, `lodging_tips`) VALUES
(1, 254, 'Great central hub.  '),
(2, 255, 'Tip trick2'),
(5, 258, ''),
(6, 259, 'This is an older hotel (although very nicely updated) but rooms very in size and shape.  We booked a Junior Suite just to ensure we had more room to sprawl out with all the bags we typically bring.  We were on the 8th floor (room 826) and had a great view of the city out both windows.  '),
(7, 260, 'Trip n trick\n'),
(8, 261, ''),
(9, 262, ''),
(10, 263, ''),
(11, 264, 'Tip n trick'),
(12, 264, 'Tip n trick'),
(14, 265, ''),
(15, 266, ''),
(16, 267, ''),
(19, 268, 'good'),
(20, 269, 'good'),
(22, 270, ''),
(23, 271, ''),
(24, 272, ''),
(25, 273, ''),
(26, 274, ''),
(27, 275, ''),
(28, 276, ''),
(30, 277, ''),
(32, 278, 'Good'),
(33, 279, ''),
(36, 280, 'Hello test'),
(37, 281, ''),
(38, 282, ''),
(39, 283, ''),
(40, 284, ''),
(41, 285, ''),
(42, 286, ''),
(43, 287, ''),
(46, 288, ''),
(47, 289, ''),
(48, 290, ''),
(49, 291, ''),
(50, 292, ''),
(51, 293, ''),
(52, 294, ''),
(55, 295, ''),
(71, 299, ''),
(75, 298, ''),
(78, 302, ''),
(84, 303, ''),
(89, 297, ''),
(91, 305, ''),
(92, 296, ''),
(95, 300, ''),
(96, 304, ''),
(99, 301, ''),
(100, 307, 'Here is a list of websites, blogs, vlogs, and other materials I leveraged to ensure this trip was perfect...'),
(101, 309, 'Here is a list of websites, blogs, vlogs, and other materials I leveraged to ensure this trip was perfect..'),
(102, 310, 'Here is a list of websites, blogs, vlogs, and other materials I leveraged to ensure this trip was perfect..'),
(107, 312, 'Overall Trip Comments'),
(110, 313, 'trip & trick 1'),
(111, 314, 'Trip & trick1'),
(112, 314, 'Trip & trick 2'),
(117, 315, ''),
(132, 316, 'Tips & Tricks 1'),
(133, 316, 'Tips & Tricks 2'),
(136, 317, 'Tips & Tricks 1'),
(137, 317, 'Tips & Tricks 2'),
(138, 311, ''),
(139, 318, 'Tips & Tricks\r\n'),
(140, 319, 'Tips & Tricks1\r\n'),
(141, 319, 'Tips & Tricks2\r\n'),
(142, 320, 'Tips & Tricks'),
(143, 320, 'Tips & Tricks\r\n'),
(144, 321, 'Tips & Tricks\r\n'),
(145, 326, ''),
(146, 327, ''),
(147, 328, ''),
(153, 332, ''),
(162, 333, ''),
(163, 331, 'It is a long established fact that a reader will be distracted by the readable content of a page when looking at its layout.'),
(168, 335, ''),
(169, 336, 'Love this hotel!  Free parking!'),
(170, 330, ''),
(172, 338, ''),
(175, 339, ''),
(177, 340, ''),
(178, 256, 'Lorem ipsum, or lipsum as it is sometimes known, is dummy text used in laying out print, graphic or web designs. The passage is attributed to an unknown typesetter in the 15th century who is thought to have scrambled parts of Cicero\'s De Finibus Bonorum et Malorum for use in a type specimen book.'),
(181, 329, ''),
(183, 342, ''),
(189, 343, ''),
(191, 344, ''),
(196, 345, 'he printing and typesetting industry. Lorem Ipsum has been the industry\'s standard dummy text ever since the 1500s, when an unknown printer took a galley of type and scrambled it to make a type specimen book. It has survived not only five centuries, but also the leap into electronic typesetting, remaining essentially unchanged. It was popularised in the 1960s with the release of Letraset sheets containing Lorem Ipsum passages, and more recently with desktop publishing software like Aldus PageMaker including'),
(197, 346, ''),
(203, 347, ''),
(204, 349, ''),
(205, 350, ''),
(206, 341, 'Contrary to popular belief, Lorem Ipsum is not simply random text. It has roots in a piece of classical Latin literature from 45 BC, making it over 2000 years old. Richard McClintock, a Latin professor at Hampden-Sydney College in Virginia'),
(210, 351, ''),
(212, 352, ''),
(213, 353, ''),
(218, 355, ''),
(219, 354, ''),
(223, 356, ''),
(224, 357, ''),
(225, 358, 'Tips & Tricks'),
(228, 359, ''),
(229, 360, ''),
(230, 361, ''),
(231, 362, ''),
(236, 364, ''),
(237, 364, ''),
(242, 365, ''),
(245, 366, ''),
(246, 366, ''),
(250, 367, ''),
(252, 368, '');

-- --------------------------------------------------------

--
-- Table structure for table `itinerary_othertravels`
--

DROP TABLE IF EXISTS `itinerary_othertravels`;
CREATE TABLE `itinerary_othertravels` (
  `othertravel_id` int(11) NOT NULL,
  `user_id` int(11) DEFAULT NULL,
  `country_id` int(11) DEFAULT NULL,
  `city_id` int(11) DEFAULT NULL,
  `itinerary_id` int(11) DEFAULT NULL,
  `month_id` int(11) DEFAULT NULL,
  `stay_plan_id` int(11) DEFAULT NULL,
  `status` varchar(1) NOT NULL,
  `created_at` datetime NOT NULL,
  `updated_at` datetime NOT NULL
) ENGINE=InnoDB DEFAULT CHARSET=utf8;

-- --------------------------------------------------------

--
-- Table structure for table `itinerary_review`
--

DROP TABLE IF EXISTS `itinerary_review`;
CREATE TABLE `itinerary_review` (
  `review_id` int(11) NOT NULL,
  `itinerary_id` int(11) DEFAULT NULL,
  `user_id` int(11) DEFAULT NULL,
  `rating` int(11) DEFAULT NULL,
  `comment` longtext,
  `status` varchar(1) NOT NULL,
  `created_at` datetime NOT NULL,
  `updated_at` datetime NOT NULL
) ENGINE=InnoDB DEFAULT CHARSET=utf8;

--
-- Dumping data for table `itinerary_review`
--

INSERT INTO `itinerary_review` (`review_id`, `itinerary_id`, `user_id`, `rating`, `comment`, `status`, `created_at`, `updated_at`) VALUES
(1, 255, 146, 4, 'Demo\n', '1', '2019-09-03 10:09:35', '2019-09-03 10:09:35'),
(2, 260, 146, 2, 'Test\n', '1', '2019-09-03 10:14:22', '2019-09-03 10:14:22'),
(3, 259, 146, 3, 'Please choose atleast one star.\r\n', '1', '2019-09-04 11:20:00', '2019-09-04 11:20:01'),
(4, 257, 31, 4, 'testing the rating', '1', '2019-09-06 07:01:46', '2019-09-06 07:02:30'),
(5, 256, 31, 4, 'This is a good.', '1', '2019-09-06 08:17:38', '2019-10-10 15:17:01'),
(6, 278, 31, 3, 'Good', '1', '2019-09-09 10:49:42', '2019-09-09 10:49:42'),
(7, 300, 97, 3, 'Good', '1', '2019-09-17 07:03:40', '2019-09-17 07:03:40'),
(8, 313, 152, 5, '5 star review', '1', '2019-10-03 07:58:40', '2019-10-03 07:58:40'),
(9, 314, 152, 5, 'outstanding', '1', '2019-10-04 05:35:00', '2019-10-04 05:35:00'),
(10, 312, 31, 4, 'Tested data.', '1', '2019-10-04 12:08:04', '2019-10-04 12:08:04'),
(11, 316, 151, 5, 'review by self', '1', '2019-10-07 06:09:28', '2019-10-07 06:09:28'),
(12, 316, 152, 3, 'good', '1', '2019-10-07 06:20:56', '2019-10-07 06:20:56'),
(13, 311, 31, 3, 'This is testing.\r\nThanks', '1', '2019-11-05 11:19:09', '2019-11-05 11:19:09'),
(14, 328, 160, 1, 'good', '1', '2020-04-28 12:22:36', '2020-04-28 12:22:36'),
(15, 333, 161, 4, 'great', '1', '2020-04-30 09:00:08', '2020-04-30 09:00:08'),
(16, 335, 162, 3, 'good', '1', '2020-04-30 14:49:27', '2020-04-30 14:49:27'),
(17, 335, 31, 4, 'Nice trip!', '1', '2020-05-01 00:27:18', '2020-05-01 00:27:18'),
(18, 345, 163, 3, 'Good', '1', '2020-05-07 10:37:08', '2020-05-07 10:37:08');

-- --------------------------------------------------------

--
-- Table structure for table `itinerary_sharephoto`
--

DROP TABLE IF EXISTS `itinerary_sharephoto`;
CREATE TABLE `itinerary_sharephoto` (
  `id` int(11) NOT NULL,
  `itinerary_id` int(11) DEFAULT NULL,
  `itinerary_image` varchar(255) DEFAULT NULL
) ENGINE=InnoDB DEFAULT CHARSET=utf8;

--
-- Dumping data for table `itinerary_sharephoto`
--

INSERT INTO `itinerary_sharephoto` (`id`, `itinerary_id`, `itinerary_image`) VALUES
(1, 255, 'itinerary_image/photo0_M0IMiGT.jpg'),
(5, 260, 'itinerary_image/photo0_Bz3Xx14.jpg'),
(6, 261, 'itinerary_image/photo0_EKnfAnm.jpg'),
(7, 262, 'itinerary_image/photo0_nCrA6vw.jpg'),
(8, 263, 'itinerary_image/photo0_dgYGAIh.jpg'),
(9, 264, 'itinerary_image/photo0_NrAFSJW.jpg'),
(16, 268, 'itinerary_image/photo0_nZbDWIo.jpg'),
(17, 269, 'itinerary_image/photo0_yrpZnsu.jpg'),
(21, 274, 'itinerary_image/photo0_w65z82y.jpg'),
(22, 275, 'itinerary_image/photo0_COmI6rx.jpg'),
(27, 278, 'itinerary_image/photo0_JZuvcY5.jpg'),
(28, 279, 'itinerary_image/photo0_fVHokKR.jpg'),
(29, 279, 'itinerary_image/photo1_Mx78l97.jpg'),
(34, 280, 'itinerary_image/photo0_yobGTkK.jpg'),
(44, 256, 'itinerary_image/photo0_YTwITBf.jpg'),
(45, 256, 'itinerary_image/photo1_gfguPvo.jpg'),
(46, 256, 'itinerary_image/photo2_KwODf2p.jpg'),
(53, 257, 'itinerary_image/photo0_E1L2W91.jpg'),
(62, 297, 'itinerary_image/photo0_yzduPtv.jpg'),
(63, 307, 'itinerary_image/images_3.jpg'),
(64, 309, 'itinerary_image/images_1.jpeg'),
(65, 309, 'itinerary_image/images_5.jpg'),
(66, 309, 'itinerary_image/images_5_N553L04.jpg'),
(67, 309, 'itinerary_image/images_7.jpeg'),
(68, 309, 'itinerary_image/images.jpg'),
(69, 310, 'itinerary_image/images_1_fbjATfC.jpeg'),
(70, 310, 'itinerary_image/images_5_eEJgGQ1.jpg'),
(71, 310, 'itinerary_image/images_5_FBKfezm.jpg'),
(72, 310, 'itinerary_image/images_7_LAzdOTi.jpeg'),
(73, 310, 'itinerary_image/images_FIP3oem.jpg'),
(74, 312, 'itinerary_image/4p_8hKSHvS.jpg'),
(75, 313, 'itinerary_image/2p.jpg'),
(76, 314, 'itinerary_image/auli1_qvy2iRd.jpg'),
(77, 314, 'itinerary_image/auli2_JIpTs5r.jpg'),
(80, 317, 'itinerary_image/1p.jpg'),
(81, 317, 'itinerary_image/4p_lsfTt8g.jpg'),
(82, 318, 'itinerary_image/auli2_qFMZqHa.jpg'),
(83, 319, 'itinerary_image/auli2_olemhXx.jpg'),
(84, 320, 'itinerary_image/auli2_XxGpGQw.jpg'),
(85, 320, 'itinerary_image/auli1_cjIm4E8.jpg'),
(86, 320, 'itinerary_image/auli2_UpVQBnX.jpg'),
(87, 320, 'itinerary_image/auli1_VHhFFHW.jpg'),
(88, 321, 'itinerary_image/auli1_5ahq58Y.jpg'),
(89, 327, 'itinerary_image/219-2194310_wallpaper-collection-of-eye-protection-andaman-and-nicobar.jpg'),
(90, 327, 'itinerary_image/544bf33d149a4aee0b96ae142dd6ad2c.jpg'),
(91, 327, 'itinerary_image/1844104.jpg'),
(92, 331, 'itinerary_image/image_trips.jpg'),
(93, 331, 'itinerary_image/image_trips_1.jpg'),
(94, 331, 'itinerary_image/image_trips_2.jpg'),
(95, 331, 'itinerary_image/image_trips_3.jpg'),
(97, 336, 'itinerary_image/tripslogoblue.png'),
(98, 256, 'itinerary_image/tripslogoblue_5crUaCE.png'),
(99, 341, 'itinerary_image/image_trips_1TnNUjW.jpg'),
(100, 341, 'itinerary_image/image_trips_1_hPrdWdJ.jpg'),
(101, 341, 'itinerary_image/image_trips_2_Rd6sQho.jpg'),
(102, 341, 'itinerary_image/image_trips_3_eNu4tpR.jpg'),
(103, 345, 'itinerary_image/download3.jpg'),
(104, 352, 'itinerary_image/image_trips_1_eLo7Sju.jpg'),
(105, 358, 'itinerary_image/image_trips_1_6ha1siO.jpg'),
(106, 365, 'itinerary_image/download2.jpg'),
(107, 368, 'itinerary_image/download9.jpg');

-- --------------------------------------------------------

--
-- Table structure for table `itinerary_transportationtips`
--

DROP TABLE IF EXISTS `itinerary_transportationtips`;
CREATE TABLE `itinerary_transportationtips` (
  `id` int(11) NOT NULL,
  `itinerary_id` int(11) DEFAULT NULL,
  `trans_tips` longtext
) ENGINE=InnoDB DEFAULT CHARSET=utf8;

-- --------------------------------------------------------

--
-- Table structure for table `notification_notification`
--

DROP TABLE IF EXISTS `notification_notification`;
CREATE TABLE `notification_notification` (
  `notify_id` int(11) NOT NULL,
  `sender_id` int(11) DEFAULT NULL,
  `receiver_id` int(11) DEFAULT NULL,
  `notify_type` varchar(2) NOT NULL,
  `message` longtext,
  `is_read` varchar(1) NOT NULL,
  `created_at` datetime NOT NULL,
  `updated_at` datetime NOT NULL
) ENGINE=InnoDB DEFAULT CHARSET=utf8;

--
-- Dumping data for table `notification_notification`
--

INSERT INTO `notification_notification` (`notify_id`, `sender_id`, `receiver_id`, `notify_type`, `message`, `is_read`, `created_at`, `updated_at`) VALUES
(1, 31, 97, '6', 'Pravin Kumar has liked your Inspiration Were always working to improve the Trips&Itineraries experience, so wed love to hear whats working and how we can do better.', '0', '2019-10-10 11:02:21', '2019-10-10 11:02:21'),
(2, 31, 31, '1', 'Pravin Kumar has liked your itinerary New Delhi to Goaa', '0', '2019-10-10 13:03:01', '2019-10-10 13:03:01'),
(3, 31, 31, '1', 'Pravin Kumar has liked your itinerary New Delhi to Goaa', '0', '2019-10-10 13:39:24', '2019-10-10 13:39:24'),
(4, 31, 31, '2', 'Pravin Kumar has commented on your Itinerary New Delhi to Goaa', '0', '2019-10-10 13:48:52', '2019-10-10 13:48:52'),
(5, 31, 31, '2', 'Pravin Kumar has commented on your Itinerary New Delhi to Goaa', '0', '2019-10-10 13:50:28', '2019-10-10 13:50:28'),
(6, 31, 31, '3', 'Pravin Kumar has reviewed your Itinerary New Delhi to Goaa', '0', '2019-10-10 15:17:06', '2019-10-10 15:17:06'),
(7, 31, 31, '4', 'Pravin Kumar has shared your Itinerary New Delhi to Goaa', '0', '2019-10-10 15:33:11', '2019-10-10 15:33:11'),
(8, 31, 31, '5', 'Pravin Kumar has added your Itinerary New Delhi to Goaa to favourites', '0', '2019-10-11 07:14:17', '2019-10-11 07:14:17'),
(9, 153, 153, '5', 'Test Tedt has added your Itinerary monday trip october edit to favourites', '0', '2019-10-15 13:09:28', '2019-10-15 13:09:28');

-- --------------------------------------------------------

--
-- Table structure for table `pages_pages`
--

DROP TABLE IF EXISTS `pages_pages`;
CREATE TABLE `pages_pages` (
  `id` int(11) NOT NULL,
  `title` varchar(255) NOT NULL,
  `slug` varchar(255) NOT NULL,
  `description` longtext NOT NULL,
  `image` varchar(100) NOT NULL,
  `status` varchar(1) NOT NULL,
  `created_at` datetime NOT NULL,
  `updated_at` datetime NOT NULL,
  `sorting` int(11) NOT NULL
) ENGINE=InnoDB DEFAULT CHARSET=utf8;

--
-- Dumping data for table `pages_pages`
--

INSERT INTO `pages_pages` (`id`, `title`, `slug`, `description`, `image`, `status`, `created_at`, `updated_at`, `sorting`) VALUES
(1, 'Careers', 'careers', '<p><strong>Lorem Ipsum</strong>&nbsp;is simply dummy text of the printing and typesetting industry. Lorem Ipsum has been the industry&#39;s standard dummy text ever since the 1500s, when an unknown printer took a galley of type and scrambled it to make a type specimen book. It has survived not only five centuries, but also the leap into electronic typesetting, remaining essentially unchanged. It was popularised in the 1960s with the release of Letraset sheets containing Lorem Ipsum passages, and more recently with desktop publishing software like Aldus PageMaker including versions of Lorem Ipsum.</p>\r\n\r\n<h2>Why do we use it?</h2>\r\n\r\n<p>It is a long established fact that a reader will be distracted by the readable content of a page when looking at its layout. The point of using Lorem Ipsum is that it has a more-or-less normal distribution of letters, as opposed to using &#39;Content here, content here&#39;, making it look like readable English. Many desktop publishing packages and web page editors now use Lorem Ipsum as their default model text, and a search for &#39;lorem ipsum&#39; will uncover many web sites still in their infancy. Various versions have evolved over the years, sometimes by accident, sometimes on purpose (injected humour and the like).</p>\r\n\r\n<p>&nbsp;</p>\r\n\r\n<p>&nbsp;</p>', 'pages_image/room2.jpg', '1', '2018-06-11 11:00:48', '2018-06-13 07:02:02', 2),
(2, 'Press', 'press', '<p>Technically, anything deliberately sent to a reporter or media source is considered a press release: it is information released by the act of being sent to the media. However, public relations professionals often follow a standard format that they believe is efficient and increases their odds of getting the publicity they desire. The format is supposed to help journalists separate press releases from other PR communication methods, such as pitch letters or media advisories. Generally, a PR body consists of 4 to 5 paragraphs with word limit ranging from 400 to 500.&nbsp;<sup><a href=\"https://en.wikipedia.org/wiki/Press_release#cite_note-1\">[1]</a></sup>&nbsp;However, press releases can be anywhere from 300 to 800 words<sup><a href=\"https://en.wikipedia.org/wiki/Press_release#cite_note-2\">[2]</a></sup></p>\r\n\r\n<p>As the internet has gained prevalence the way journalists like to be approached has also changed. A format suggested by Kristen Nicole, a former&nbsp;<a href=\"https://en.wikipedia.org/wiki/Mashable\" title=\"Mashable\">Mashable</a>&nbsp;writer who is now the Senior Managing Editor of SiliconANGLE.com. is sending one sentence as to why this story works for my publication, and 5 bullet points for context. Kristen also recommends pitching writers directly over pitching editors saying:</p>', 'pages_image/press.jpeg', '1', '2018-06-13 07:04:00', '2018-06-13 07:04:00', 1),
(3, 'Policies', 'policies', '<p>A set of policies are principles, rules, and guidelines formulated or adopted by an organization to reach its long-term goals and typically published in a booklet or other form that is widely accessible.<br />\r\nPolicies and procedures are designed to influence and determine all major decisions and actions, and all activities take place within the boundaries set by them. Procedures are the specific methods employed to express policies in action in day-to-day operations of the organization. Together, policies and procedures ensure that a point of view held by the governing body of an organization is translated into steps that result in an outcome compatible with that view.<br />\r\n<br />\r\nRead more: http://www.businessdictionary.com/definition/policies-and-procedures.html</p>', 'pages_image/policies.jpeg', '1', '2018-06-13 07:06:11', '2018-06-13 07:06:11', 1),
(4, 'Help', 'help', '<p>Wikidata screenshot - description field highlighted</p>\r\n\r\n<p>There can be multiple items with the same label in Wikidata; descriptions disambiguate the labels</p>\r\n\r\n<p>The&nbsp;<strong><a href=\"https://www.wikidata.org/wiki/Wikidata:Glossary#Description\" title=\"Wikidata:Glossary\">description</a></strong>&nbsp;on a Wikidata entry is a short phrase designed to disambiguate items with the same or similar labels. A description does not need to be unique; multiple items can have the same description, however no two items can have both the same label and the same description.</p>\r\n\r\n<p><strong>Please note:</strong>&nbsp;this page describes the use of descriptions for items only. While properties have descriptions, their primary purpose is not to disambiguate labels; instead, they provide a brief synopsis or further details on how a property should be used (and do not necessarily follow the below stylistic conventions to do so). For more information about descriptions for properties, see&nbsp;<a href=\"https://www.wikidata.org/wiki/Special:MyLanguage/Help:Properties\" title=\"Special:MyLanguage/Help:Properties\">Help:Properties</a>.</p>', 'pages_image/help.jpeg', '1', '2018-06-13 07:08:31', '2018-06-13 07:08:31', 1),
(5, 'Diversity & Belonging', 'diversity-belonging', '<p>Diversity has come to mean having&nbsp;a culture that values uniqueness. Inclusion means inviting diverse groups in&mdash;ensuring that people with different viewpoints, cultures, genders, and races can take part in company life. If you&#39;re tuned in to conversations about HR, you&#39;ve probably heard these terms come up quite often. But there&#39;s also a third piece which works to fully actualize the first two: belonging. It&#39;s belonging that helps make each individual fully known and accepted for who they are. This is the critical key to fully honoring and engaging the whole person at work. In this course, explore the Diversity, Inclusion, and Belonging&nbsp;(DIBs) approach, and discover how to activate it in your organization. Join HR luminary Pat Wadors as she explains how to drive the conversation on DIBs, hire and retain diverse talent, listen to your employees, and integrate DIBs into your employee lifecycle.</p>', 'pages_image/diversity.jpeg', '1', '2018-06-13 07:12:15', '2018-06-13 07:12:15', 1),
(6, 'Terms', 'terms', '<h1>Terms &amp; Conditions</h1>\r\n\r\n<ul>\r\n	<li>\r\n	<p>Please read the following terms and conditions carefully as it sets out the terms of a legally binding agreement between you (the reader) and Business Standard Private Limited.</p>\r\n	</li>\r\n</ul>\r\n\r\n<h2>1) Introduction</h2>\r\n\r\n<ul>\r\n	<li>\r\n	<p>This following sets out the terms and conditions on which you may use the content on&nbsp;<br />\r\n	<a href=\"http://www.business-standard.com/\" target=\"_blank\">business-standard.com</a>&nbsp;website, business-standard.com&#39;s mobile browser site, Business Standard instore Applications and other digital publishing services (<a href=\"http://www.smartinvestor.in/\" target=\"_blank\">www.smartinvestor.in</a>,&nbsp;<a href=\"http://www.bshindi.com/\" target=\"_blank\">www.bshindi.com</a>&nbsp;and&nbsp;<a href=\"http://www.bsmotoring.com/\" target=\"_blank\">www.bsmotoring,com</a>) owned by Business Standard Private Limited, all the services herein will be referred to as Business Standard Content Services.</p>\r\n	</li>\r\n</ul>\r\n\r\n<h2>2) Registration Access and Use</h2>\r\n\r\n<ul>\r\n	<li>\r\n	<p>We welcome users to register on our digital platforms. We offer the below mentioned registration services which may be subject to change in the future. All changes will be appended in the terms and conditions page and communicated to existing users by email.</p>\r\n\r\n	<p>Registration services are offered for individual subscribers only. If multiple individuals propose to access the same account or for corporate accounts kindly contact or write in to us. Subscription rates will vary for multiple same time access.</p>\r\n\r\n	<p>The nature and volume of Business Standard content services you consume on the digital platforms will vary according to the type of registration you choose, on the geography you reside or the offer you subscribe to.</p>\r\n	</li>\r\n</ul>', 'pages_image/term.jpeg', '1', '2018-06-13 07:15:50', '2018-08-02 08:52:06', 1),
(7, 'Privacy', 'privacy', '<p><img alt=\"Sample Privacy Policy Template\" src=\"https://termsfeed.com/blog/wp-content/uploads/2016/09/sample-privacy-policy-template-1.jpg\" style=\"height:650px; width:1200px\" /></p>\r\n\r\n<p><a href=\"https://termsfeed.com/blog/sample-privacy-policy-template/#Download_Privacy_Policy_Template\">Our Privacy Policy template</a>&nbsp;lets you get started with a Privacy Policy agreement. This template is free to download and use.</p>\r\n\r\n<p>A&nbsp;<strong>Privacy Policy agreement</strong>&nbsp;is the agreement where you specify if you collect personal data, what kind of personal data you collect from users and what you do with that data.</p>\r\n\r\n<p><a href=\"https://termsfeed.com/blog/privacy-policy-mandatory-law/\">This agreement is required by law</a>&nbsp;if you collect personal data. Personal data is any kind of data or information that can be considered&nbsp;<em>personal</em>&nbsp;(identifies an individual):</p>', 'pages_image/privacy.jpeg', '1', '2018-06-13 07:18:01', '2018-06-13 07:18:01', 1),
(8, 'Site Map', 'sitemap', '<p>sitemap</p>', 'pages_image/sitemap.jpg', '1', '2018-06-13 09:54:00', '2018-06-13 09:54:00', 1),
(9, 'aaa', 'bbb', '<p>gdfghfhfhf</p>', '', '1', '2018-10-05 10:33:01', '2018-10-05 10:33:01', 1);

-- --------------------------------------------------------

--
-- Table structure for table `testimonials`
--

DROP TABLE IF EXISTS `testimonials`;
CREATE TABLE `testimonials` (
  `id` int(11) NOT NULL,
  `title` varchar(255) NOT NULL,
  `description` text NOT NULL,
  `name` varchar(255) NOT NULL,
  `image` varchar(255) NOT NULL,
  `status` tinyint(1) NOT NULL,
  `created_at` timestamp NOT NULL DEFAULT CURRENT_TIMESTAMP,
  `updated_at` timestamp NOT NULL DEFAULT '0000-00-00 00:00:00'
) ENGINE=InnoDB DEFAULT CHARSET=utf8;

-- --------------------------------------------------------

--
-- Table structure for table `testimonials_testimonials`
--

DROP TABLE IF EXISTS `testimonials_testimonials`;
CREATE TABLE `testimonials_testimonials` (
  `id` int(11) NOT NULL,
  `title` varchar(255) NOT NULL,
  `description` longtext NOT NULL,
  `name` varchar(255) NOT NULL,
  `image` varchar(1000) NOT NULL,
  `status` varchar(1) NOT NULL,
  `created_at` datetime NOT NULL,
  `updated_at` datetime NOT NULL
) ENGINE=InnoDB DEFAULT CHARSET=utf8;

-- --------------------------------------------------------

--
-- Table structure for table `trip_carrier`
--

DROP TABLE IF EXISTS `trip_carrier`;
CREATE TABLE `trip_carrier` (
  `id` int(11) NOT NULL,
  `title` varchar(255) NOT NULL,
  `status` varchar(1) NOT NULL,
  `created_at` datetime NOT NULL,
  `updated_at` datetime NOT NULL,
  `checkid` int(11) DEFAULT NULL
) ENGINE=InnoDB DEFAULT CHARSET=utf8;

--
-- Dumping data for table `trip_carrier`
--

INSERT INTO `trip_carrier` (`id`, `title`, `status`, `created_at`, `updated_at`, `checkid`) VALUES
(1, 'Airline', '1', '2018-07-02 14:36:40', '2018-07-02 14:36:40', 0),
(2, 'Train', '1', '2018-07-02 14:36:51', '2018-07-02 14:36:51', 0),
(3, 'Personal vehicle', '1', '2019-02-07 07:27:31', '0000-00-00 00:00:00', 0),
(4, 'Walk', '1', '2019-02-07 11:27:31', '0000-00-00 00:00:00', 0),
(5, 'Cab', '1', '0000-00-00 00:00:00', '0000-00-00 00:00:00', 0),
(6, 'Rental', '1', '0000-00-00 00:00:00', '0000-00-00 00:00:00', 0),
(8, 'Other', '1', '0000-00-00 00:00:00', '0000-00-00 00:00:00', 0);

-- --------------------------------------------------------

--
-- Table structure for table `trip_configure`
--

DROP TABLE IF EXISTS `trip_configure`;
CREATE TABLE `trip_configure` (
  `id` int(11) NOT NULL,
  `homeTitle` varchar(255) DEFAULT NULL,
  `homeQuotation` varchar(255) DEFAULT NULL,
  `facebooklink` varchar(255) DEFAULT NULL,
  `twitterlink` varchar(255) DEFAULT NULL,
  `instagramlink` varchar(255) DEFAULT NULL,
  `rsslink` varchar(255) DEFAULT NULL,
  `youtubelink` varchar(255) DEFAULT NULL,
  `pinterestlink` varchar(255) DEFAULT NULL,
  `status` varchar(1) NOT NULL,
  `created_at` datetime NOT NULL,
  `updated_at` datetime NOT NULL,
  `copyrightlabel` varchar(255) DEFAULT NULL
) ENGINE=InnoDB DEFAULT CHARSET=utf8;

--
-- Dumping data for table `trip_configure`
--

INSERT INTO `trip_configure` (`id`, `homeTitle`, `homeQuotation`, `facebooklink`, `twitterlink`, `instagramlink`, `rsslink`, `youtubelink`, `pinterestlink`, `status`, `created_at`, `updated_at`, `copyrightlabel`) VALUES
(1, 'Find the perfect Trips & Itineraries', NULL, 'https://facebook.com', 'https://twitter.com', 'https://www.instagram.com/?hl=en', 'https://rss.com/auth/sign-in', 'http://www.youtube.com/', 'https://in.pinterest.com/login/', '1', '2018-06-21 09:28:03', '2018-10-29 07:43:04', '2018  Trips & Itineraries. All rights reserved.');

-- --------------------------------------------------------

--
-- Table structure for table `trip_diningpreferences`
--

DROP TABLE IF EXISTS `trip_diningpreferences`;
CREATE TABLE `trip_diningpreferences` (
  `id` int(11) NOT NULL,
  `title` varchar(255) NOT NULL,
  `status` varchar(1) NOT NULL,
  `created_at` datetime NOT NULL,
  `updated_at` datetime NOT NULL,
  `checkid` int(11) DEFAULT NULL
) ENGINE=InnoDB DEFAULT CHARSET=utf8;

--
-- Dumping data for table `trip_diningpreferences`
--

INSERT INTO `trip_diningpreferences` (`id`, `title`, `status`, `created_at`, `updated_at`, `checkid`) VALUES
(1, 'Recommendable Restaurants', '1', '2018-06-19 11:38:21', '2020-03-10 19:37:11', 0),
(2, 'New or Recently Refurbished', '1', '2018-06-19 11:38:40', '2020-03-10 19:34:49', 0),
(3, 'Free Wifi', '1', '2018-06-19 11:38:45', '2019-02-07 12:40:16', 0),
(4, 'Large Rooms', '1', '2018-06-19 11:38:49', '2020-03-10 19:36:33', 0),
(5, 'Very Clean', '1', '2018-06-19 11:38:55', '2019-02-07 12:39:22', 0),
(6, 'Good Value', '1', '2018-06-19 11:39:04', '2020-03-10 19:41:39', 0),
(7, 'Convenient Location', '1', '2018-06-19 11:39:08', '2019-02-07 12:39:47', 0),
(8, 'Fantastic Fitness Center', '1', '2018-06-19 11:39:19', '2020-03-10 19:36:07', 0),
(10, 'Family Friendly', '1', '2019-02-07 12:40:53', '2020-03-10 19:35:13', 0),
(11, 'Great Concierge', '1', '2019-02-07 12:41:05', '2020-03-10 19:35:54', 0);

-- --------------------------------------------------------

--
-- Table structure for table `trip_mealsprice`
--

DROP TABLE IF EXISTS `trip_mealsprice`;
CREATE TABLE `trip_mealsprice` (
  `id` int(11) NOT NULL,
  `start_price` int(11) DEFAULT NULL,
  `end_price` int(11) DEFAULT NULL,
  `status` varchar(1) NOT NULL,
  `created_at` datetime NOT NULL,
  `updated_at` datetime NOT NULL,
  `checkid` int(11) DEFAULT NULL
) ENGINE=InnoDB DEFAULT CHARSET=utf8;

--
-- Dumping data for table `trip_mealsprice`
--

INSERT INTO `trip_mealsprice` (`id`, `start_price`, `end_price`, `status`, `created_at`, `updated_at`, `checkid`) VALUES
(3, 1, 10, '1', '2019-02-07 11:28:24', '2019-02-07 11:28:31', 0),
(4, 11, 20, '1', '2019-02-07 11:28:46', '2019-02-07 11:28:51', 0),
(5, 21, 30, '1', '2019-02-07 11:29:03', '2019-02-07 11:29:03', 0),
(6, 31, 40, '1', '2019-02-07 11:29:16', '2019-02-07 11:29:29', 0),
(7, 50, NULL, '1', '2019-02-07 11:29:39', '2019-02-07 11:29:57', 0);

-- --------------------------------------------------------

--
-- Table structure for table `trip_months`
--

DROP TABLE IF EXISTS `trip_months`;
CREATE TABLE `trip_months` (
  `id` int(11) NOT NULL,
  `title` varchar(255) NOT NULL,
  `status` varchar(1) NOT NULL,
  `created_at` datetime NOT NULL,
  `updated_at` datetime NOT NULL,
  `checkid` int(11) DEFAULT NULL
) ENGINE=InnoDB DEFAULT CHARSET=utf8;

--
-- Dumping data for table `trip_months`
--

INSERT INTO `trip_months` (`id`, `title`, `status`, `created_at`, `updated_at`, `checkid`) VALUES
(1, 'January', '1', '2018-06-19 11:30:27', '2018-10-05 12:36:44', 0),
(2, 'February', '1', '2018-06-19 11:30:32', '2018-06-19 11:30:32', 0),
(3, 'March', '1', '2018-06-19 11:30:36', '2018-06-19 11:30:36', 0),
(4, 'April', '1', '2018-06-19 11:30:44', '2018-06-19 11:30:44', 0),
(5, 'May', '1', '2018-06-19 11:30:46', '2018-06-19 11:30:46', 0),
(6, 'June', '1', '2018-06-19 11:30:51', '2018-06-19 11:30:51', 0),
(7, 'July', '1', '2018-06-19 11:30:56', '2018-10-05 12:36:29', 0),
(8, 'August', '1', '2018-06-19 11:31:00', '2018-06-19 11:31:00', 0),
(9, 'September', '1', '2018-06-19 11:31:04', '2018-10-05 12:36:18', 0),
(10, 'October', '1', '2018-06-19 11:31:09', '2018-06-19 11:31:09', 0),
(11, 'November', '1', '2018-06-19 11:31:14', '2018-10-05 12:36:08', 0),
(12, 'December', '1', '2018-06-19 11:31:21', '2018-10-05 12:35:52', 0);

-- --------------------------------------------------------

--
-- Table structure for table `trip_places`
--

DROP TABLE IF EXISTS `trip_places`;
CREATE TABLE `trip_places` (
  `id` int(11) NOT NULL,
  `title` varchar(255) NOT NULL,
  `place_icons` varchar(100) DEFAULT NULL,
  `status` varchar(1) NOT NULL,
  `created_at` datetime NOT NULL,
  `updated_at` datetime NOT NULL,
  `checkid` int(11) DEFAULT NULL
) ENGINE=InnoDB DEFAULT CHARSET=utf8;

--
-- Dumping data for table `trip_places`
--

INSERT INTO `trip_places` (`id`, `title`, `place_icons`, `status`, `created_at`, `updated_at`, `checkid`) VALUES
(1, 'Beach Time', 'place_icons/beach.png', '1', '2018-06-19 11:33:36', '2020-03-10 19:52:18', 0),
(2, 'Snorkeling', 'place_icons/snorkeling.png', '1', '2018-06-19 11:33:41', '2019-05-15 14:57:22', 0),
(4, 'Excursions & Tours', 'place_icons/no_icons.jpg', '1', '2018-06-19 11:33:53', '2020-03-10 19:49:54', 0),
(5, 'Museums', 'place_icons/museum.png', '1', '2018-06-19 11:33:57', '2019-05-16 10:44:02', 0),
(6, 'Casinos', 'place_icons/casino.png', '1', '2018-06-19 11:34:02', '2019-05-15 14:54:27', 0),
(7, 'Local Spots', 'place_icons/local_spots.png', '1', '2018-06-19 11:34:08', '2020-03-10 19:53:20', 0),
(8, 'Nightlife & Clubs', 'place_icons/late_nights.png', '1', '2018-06-19 11:34:16', '2020-03-10 19:48:16', 0),
(9, 'Camping', 'place_icons/camping.png', '1', '2018-06-19 11:34:21', '2019-05-15 14:46:15', 0),
(10, 'Spa', 'place_icons/spa.png', '1', '2018-06-19 11:34:26', '2019-05-15 14:57:40', 0),
(11, 'Snow Activities', 'place_icons/snow.png', '1', '2018-06-19 11:34:30', '2020-03-10 19:53:39', 0),
(12, 'Sports & Outdoor Activities', 'place_icons/sports.png', '1', '2018-06-19 11:34:37', '2020-03-10 19:53:53', 0),
(14, 'Mental Retreat', 'place_icons/mental_retreat.png', '1', '2018-06-19 11:34:50', '2020-03-10 19:53:29', 0),
(15, 'Other', 'place_icons/no_icons.jpg', '1', '2018-06-19 11:34:56', '2020-03-10 19:50:45', 0),
(16, 'Hiking & Trails', 'place_icons/no_icons.jpg', '1', '2020-03-10 19:51:11', '2020-03-10 19:51:11', 0),
(17, 'Pool & Water Activities', 'place_icons/no_icons.jpg', '1', '2020-03-10 19:53:00', '2020-03-10 19:53:00', 0),
(18, 'Wine Tasting', 'place_icons/no_icons.jpg', '1', '2020-03-10 19:54:30', '2020-03-10 19:54:30', 0),
(19, 'Thrills & Adventure', 'place_icons/beach.png', '1', '0000-00-00 00:00:00', '0000-00-00 00:00:00', NULL),
(20, 'Road Trips', 'place_icons/road_trips.png', '1', '0000-00-00 00:00:00', '0000-00-00 00:00:00', NULL),
(21, 'Unique Experiences', 'place_icons/unique.png', '1', '0000-00-00 00:00:00', '0000-00-00 00:00:00', NULL),
(22, 'Cruise', 'place_icons/cruise.png', '1', '0000-00-00 00:00:00', '0000-00-00 00:00:00', NULL),
(23, 'Serenity & Relaxation', 'place_icons/serenity.png', '1', '0000-00-00 00:00:00', '0000-00-00 00:00:00', NULL),
(24, 'Family Time', 'place_icons/family.png', '1', '0000-00-00 00:00:00', '0000-00-00 00:00:00', NULL),
(25, 'Art & Culture', 'place_icons/art.png', '1', '0000-00-00 00:00:00', '0000-00-00 00:00:00', NULL),
(27, 'History', 'place_icons/history.png', '1', '0000-00-00 00:00:00', '0000-00-00 00:00:00', NULL),
(28, 'Sightseeing', 'searching_icons/sightseeing.png', '1', '0000-00-00 00:00:00', '0000-00-00 00:00:00', NULL),
(29, 'Shopping', 'place_icons/shopping.png', '1', '0000-00-00 00:00:00', '0000-00-00 00:00:00', NULL);

-- --------------------------------------------------------

--
-- Table structure for table `trip_preferences`
--

DROP TABLE IF EXISTS `trip_preferences`;
CREATE TABLE `trip_preferences` (
  `id` int(11) NOT NULL,
  `title` varchar(255) NOT NULL,
  `status` varchar(1) NOT NULL,
  `created_at` datetime NOT NULL,
  `updated_at` datetime NOT NULL,
  `checkid` int(11) DEFAULT NULL
) ENGINE=InnoDB DEFAULT CHARSET=utf8;

--
-- Dumping data for table `trip_preferences`
--

INSERT INTO `trip_preferences` (`id`, `title`, `status`, `created_at`, `updated_at`, `checkid`) VALUES
(1, 'Bed & Breakfast', '1', '2018-06-19 11:35:23', '2018-06-19 11:35:23', 0),
(2, 'Apartment', '1', '2018-06-19 11:35:34', '2018-06-19 11:35:34', 0),
(3, 'Vacation home/condo', '1', '2018-06-19 11:35:41', '2018-06-19 11:35:41', 0),
(4, 'Hotel', '1', '2018-06-19 11:35:46', '2018-06-19 11:35:46', 0),
(5, 'Hostel', '1', '2018-06-19 11:35:50', '2018-06-19 11:35:50', 0),
(6, 'Motel', '1', '2018-06-19 11:35:55', '2018-06-19 11:35:55', 0),
(7, 'Inn', '1', '2018-06-19 11:36:03', '2018-06-19 11:36:03', 0),
(8, 'Boat', '1', '2018-06-19 11:36:08', '2018-06-19 11:36:08', 0);

-- --------------------------------------------------------

--
-- Table structure for table `trip_ratingtype`
--

DROP TABLE IF EXISTS `trip_ratingtype`;
CREATE TABLE `trip_ratingtype` (
  `id` int(11) NOT NULL,
  `title` varchar(255) NOT NULL,
  `status` varchar(1) NOT NULL,
  `created_at` datetime NOT NULL,
  `updated_at` datetime NOT NULL,
  `checkid` int(11) DEFAULT NULL
) ENGINE=InnoDB DEFAULT CHARSET=utf8;

--
-- Dumping data for table `trip_ratingtype`
--

INSERT INTO `trip_ratingtype` (`id`, `title`, `status`, `created_at`, `updated_at`, `checkid`) VALUES
(1, 'Do Not Recommend (*)', '1', '2018-06-19 11:37:29', '2019-02-07 10:50:25', 0),
(2, 'May Not Recommend (**)', '1', '2018-06-19 11:37:34', '2019-02-07 10:48:31', 0),
(3, 'Recommend (***)', '1', '2018-06-19 11:37:39', '2019-02-07 10:48:39', 0),
(4, 'Highly Recommend (****)', '1', '2018-06-19 11:37:44', '2019-02-07 10:49:00', 0),
(5, 'Very Highly Recommend (*****)', '1', '2018-06-19 11:37:49', '2019-02-07 10:48:12', 0);

-- --------------------------------------------------------

--
-- Table structure for table `trip_searchingfor`
--

DROP TABLE IF EXISTS `trip_searchingfor`;
CREATE TABLE `trip_searchingfor` (
  `id` int(11) NOT NULL,
  `title` varchar(255) NOT NULL,
  `search_icons` varchar(100) DEFAULT NULL,
  `status` varchar(1) NOT NULL,
  `created_at` datetime NOT NULL,
  `updated_at` datetime NOT NULL,
  `checkid` int(11) DEFAULT NULL
) ENGINE=InnoDB DEFAULT CHARSET=utf8;

--
-- Dumping data for table `trip_searchingfor`
--

INSERT INTO `trip_searchingfor` (`id`, `title`, `search_icons`, `status`, `created_at`, `updated_at`, `checkid`) VALUES
(1, 'Thrills & Adventure', 'searching_icons/thrills.png', '1', '2018-06-19 11:32:41', '2019-05-15 14:41:20', 0),
(2, 'Road Trips', 'searching_icons/road_trips.png', '1', '2018-06-19 11:32:47', '2019-05-15 14:40:05', 0),
(3, 'Unique Experiences', 'searching_icons/unique.png', '1', '2018-06-19 11:32:54', '2019-05-16 10:44:48', 0),
(4, 'Cruise', 'searching_icons/cruise.png', '1', '2018-06-19 11:33:04', '2020-03-10 20:12:36', 0),
(5, 'Serenity & Relaxation', 'searching_icons/serenity.png', '1', '2018-06-19 11:33:11', '2019-05-15 14:40:16', 0),
(6, 'Family Time', 'searching_icons/family.png', '1', '2018-06-19 11:33:16', '2019-05-15 14:39:51', 0),
(7, 'Art & Culture', 'searching_icons/art.png', '1', '2019-02-07 10:14:35', '2019-05-16 10:44:37', 0),
(8, 'History', 'searching_icons/history.png', '1', '2019-02-07 10:14:53', '2019-05-15 14:39:58', 0),
(9, 'Sightseeing', 'searching_icons/sightseeing.png', '1', '2019-02-07 10:15:03', '2019-05-15 14:41:10', 0),
(10, 'Shopping', 'searching_icons/shopping.png', '1', '2019-02-07 10:15:12', '2019-05-16 10:44:55', 0);

-- --------------------------------------------------------

--
-- Table structure for table `trip_slider`
--

DROP TABLE IF EXISTS `trip_slider`;
CREATE TABLE `trip_slider` (
  `id` int(11) NOT NULL,
  `title` varchar(255) NOT NULL,
  `image` varchar(100) NOT NULL,
  `status` varchar(1) NOT NULL,
  `created_at` datetime NOT NULL,
  `updated_at` datetime NOT NULL
) ENGINE=InnoDB DEFAULT CHARSET=utf8;

--
-- Dumping data for table `trip_slider`
--

INSERT INTO `trip_slider` (`id`, `title`, `image`, `status`, `created_at`, `updated_at`) VALUES
(1, 'Slide1', 'home_slider/slide1.jpg', '1', '2018-06-19 11:26:49', '2018-07-03 14:52:39'),
(2, 'Slide2', 'home_slider/slide2.jpg', '1', '2018-06-19 11:27:09', '2020-03-10 20:02:22'),
(3, 'slide3', 'home_slider/slide1_KYAJfPV.jpg', '0', '2018-06-20 15:22:49', '2020-03-10 20:03:18'),
(4, 'Paradise', 'home_slider/denys-nevozhai-guNIjIuUcgY-unsplash_CaWwK3C.jpg', '1', '2020-03-10 20:01:21', '2020-03-11 18:17:49');

-- --------------------------------------------------------

--
-- Table structure for table `trip_stayedat`
--

DROP TABLE IF EXISTS `trip_stayedat`;
CREATE TABLE `trip_stayedat` (
  `id` int(11) NOT NULL,
  `title` varchar(255) NOT NULL,
  `status` varchar(1) NOT NULL,
  `created_at` datetime NOT NULL,
  `updated_at` datetime NOT NULL,
  `checkid` int(11) DEFAULT NULL
) ENGINE=InnoDB DEFAULT CHARSET=utf8;

--
-- Dumping data for table `trip_stayedat`
--

INSERT INTO `trip_stayedat` (`id`, `title`, `status`, `created_at`, `updated_at`, `checkid`) VALUES
(1, 'Hotel', '1', '2018-07-02 13:34:19', '2019-02-07 08:11:16', 0),
(2, 'Vacation Rental', '1', '2018-07-02 13:34:33', '2018-07-02 13:34:33', 0),
(3, 'B&B', '1', '2019-02-07 00:00:00', '0000-00-00 00:00:00', 0),
(4, 'Personal Residence', '1', '2019-02-07 00:00:00', '2019-02-07 08:11:05', 0),
(5, 'Camp or Camper', '1', '2019-02-07 00:00:00', '2020-03-10 19:59:26', 0),
(6, 'Cruise Ship', '1', '2019-02-07 00:00:00', '0000-00-00 00:00:00', 0),
(7, 'Other', '1', '2019-02-07 00:00:00', '0000-00-00 00:00:00', 0);

-- --------------------------------------------------------

--
-- Table structure for table `trip_stayplan`
--

DROP TABLE IF EXISTS `trip_stayplan`;
CREATE TABLE `trip_stayplan` (
  `id` int(11) NOT NULL,
  `title` varchar(255) NOT NULL,
  `status` varchar(1) NOT NULL,
  `created_at` datetime NOT NULL,
  `updated_at` datetime NOT NULL,
  `checkid` int(11) DEFAULT NULL
) ENGINE=InnoDB DEFAULT CHARSET=utf8;

--
-- Dumping data for table `trip_stayplan`
--

INSERT INTO `trip_stayplan` (`id`, `title`, `status`, `created_at`, `updated_at`, `checkid`) VALUES
(1, '1 day', '1', '2018-06-19 11:29:09', '2018-10-05 13:02:28', 0),
(2, '2 days', '1', '2018-06-19 11:29:18', '2018-06-19 11:29:18', 0),
(3, '3-5 days', '1', '2018-06-19 11:29:35', '2018-06-19 11:29:35', 0),
(4, '5-10 Days', '1', '2018-06-19 11:29:58', '2019-05-31 13:22:07', 0),
(5, '10-15 Days', '1', '2018-06-19 11:30:04', '2019-05-31 13:22:33', 0),
(6, '15+ Days', '1', '2018-06-19 11:30:10', '2019-05-31 13:22:39', 0);

-- --------------------------------------------------------

--
-- Table structure for table `trip_transportation`
--

DROP TABLE IF EXISTS `trip_transportation`;
CREATE TABLE `trip_transportation` (
  `id` int(11) NOT NULL,
  `title` varchar(255) NOT NULL,
  `status` varchar(1) NOT NULL,
  `created_at` datetime NOT NULL,
  `updated_at` datetime NOT NULL,
  `checkid` int(11) DEFAULT NULL
) ENGINE=InnoDB DEFAULT CHARSET=utf8;

--
-- Dumping data for table `trip_transportation`
--

INSERT INTO `trip_transportation` (`id`, `title`, `status`, `created_at`, `updated_at`, `checkid`) VALUES
(1, 'Cab', '1', '2018-07-02 14:26:48', '2019-02-07 08:02:48', 0),
(2, 'Personal Vehicle', '1', '2018-07-02 14:27:00', '2019-02-07 08:02:51', 0),
(3, 'Rental', '1', '2018-07-02 14:27:12', '2018-07-02 14:27:12', 0),
(4, 'Train', '1', '2018-07-02 14:27:32', '2019-02-07 08:02:55', 0),
(5, 'Walk', '1', '2019-02-07 00:00:00', '0000-00-00 00:00:00', 0),
(6, 'Other', '1', '2019-02-07 00:00:00', '0000-00-00 00:00:00', 0);

-- --------------------------------------------------------

--
-- Table structure for table `trip_travelingfor`
--

DROP TABLE IF EXISTS `trip_travelingfor`;
CREATE TABLE `trip_travelingfor` (
  `id` int(11) NOT NULL,
  `title` varchar(255) NOT NULL,
  `status` varchar(1) NOT NULL,
  `created_at` datetime NOT NULL,
  `updated_at` datetime NOT NULL,
  `travelfor_icons` varchar(100) DEFAULT NULL,
  `checkid` int(11) DEFAULT NULL
) ENGINE=InnoDB DEFAULT CHARSET=utf8;

--
-- Dumping data for table `trip_travelingfor`
--

INSERT INTO `trip_travelingfor` (`id`, `title`, `status`, `created_at`, `updated_at`, `travelfor_icons`, `checkid`) VALUES
(1, 'Business', '1', '2018-06-19 11:31:40', '2019-05-16 11:45:48', 'travelfor_icons/business.png', 0),
(2, 'Leisure', '1', '2018-06-19 11:31:45', '2019-05-16 11:45:57', 'travelfor_icons/leisure.png', 0),
(3, 'Both', '1', '2018-06-19 11:31:51', '2019-05-16 11:45:41', 'travelfor_icons/both.png', 0);

-- --------------------------------------------------------

--
-- Table structure for table `trip_travelingwith`
--

DROP TABLE IF EXISTS `trip_travelingwith`;
CREATE TABLE `trip_travelingwith` (
  `id` int(11) NOT NULL,
  `title` varchar(255) NOT NULL,
  `status` varchar(1) NOT NULL,
  `created_at` datetime NOT NULL,
  `updated_at` datetime NOT NULL,
  `travelwith_icons` varchar(100) DEFAULT NULL,
  `checkid` int(11) DEFAULT NULL
) ENGINE=InnoDB DEFAULT CHARSET=utf8;

--
-- Dumping data for table `trip_travelingwith`
--

INSERT INTO `trip_travelingwith` (`id`, `title`, `status`, `created_at`, `updated_at`, `travelwith_icons`, `checkid`) VALUES
(1, 'Solo', '1', '2018-06-19 11:32:03', '2019-05-16 11:46:29', 'travelwith_icons/solo.png', 0),
(2, 'Friends', '1', '2018-06-19 11:32:07', '2019-05-16 11:46:15', 'travelwith_icons/friends.png', 0),
(3, 'Kids & Family', '1', '2018-06-19 11:32:11', '2020-03-10 19:57:49', 'travelwith_icons/family.png', 0),
(4, 'Large Group', '1', '2018-06-19 11:32:19', '2019-05-16 11:46:23', 'travelwith_icons/large_groups.png', 0),
(5, 'Partner', '1', '2020-03-10 19:58:04', '2020-03-10 19:58:04', 'travelwith_icons/no_icons.jpg', 0),
(6, 'Co-workers', '1', '2020-03-10 19:58:21', '2020-03-10 19:58:21', 'travelwith_icons/no_icons.jpg', 0);

-- --------------------------------------------------------

--
-- Table structure for table `trip_tripstatus`
--

DROP TABLE IF EXISTS `trip_tripstatus`;
CREATE TABLE `trip_tripstatus` (
  `id` int(11) NOT NULL,
  `trip_status` varchar(255) NOT NULL,
  `sort_by` varchar(10) DEFAULT NULL,
  `status` varchar(1) NOT NULL,
  `created_at` datetime NOT NULL,
  `updated_at` datetime NOT NULL,
  `checkid` int(11) DEFAULT NULL
) ENGINE=InnoDB DEFAULT CHARSET=utf8;

--
-- Dumping data for table `trip_tripstatus`
--

INSERT INTO `trip_tripstatus` (`id`, `trip_status`, `sort_by`, `status`, `created_at`, `updated_at`, `checkid`) VALUES
(1, 'Dreaming About', '1', '1', '2019-02-11 08:41:31', '0000-00-00 00:00:00', 0),
(2, 'Still Planning', '2', '1', '2019-02-11 10:29:44', '2019-02-11 10:29:44', 0),
(3, 'Planning Complete', '3', '1', '2019-02-11 10:29:53', '2019-02-11 10:29:53', 0),
(4, 'Taking Trip Now', '4', '1', '2019-02-11 10:30:03', '2019-02-11 10:30:03', 0),
(5, 'Trip Complete', '5', '1', '2019-02-11 10:30:11', '2019-02-11 10:30:11', 0);

--
-- Indexes for dumped tables
--

--
-- Indexes for table `account_feedback`
--
ALTER TABLE `account_feedback`
  ADD PRIMARY KEY (`feedback_id`),
  ADD KEY `account_feedback_user_id_d72751ae_fk_auth_user_id` (`user_id`);

--
-- Indexes for table `account_tracklogins`
--
ALTER TABLE `account_tracklogins`
  ADD PRIMARY KEY (`user_track_id`),
  ADD KEY `account_tracklogins_user_id_435cc561_fk_auth_user_id` (`user_id`);

--
-- Indexes for table `account_userdetail`
--
ALTER TABLE `account_userdetail`
  ADD PRIMARY KEY (`user_detail_id`),
  ADD KEY `account_userdetail_country_id_5ae0658b_fk_continents_country_id` (`country_id`),
  ADD KEY `account_userdetail_user_id_d5862eca_fk_auth_user_id` (`user_id`),
  ADD KEY `account_userdetail_city_id_f10640ac_fk_continents_city_id` (`city_id`);

--
-- Indexes for table `account_userfollowunfollow`
--
ALTER TABLE `account_userfollowunfollow`
  ADD PRIMARY KEY (`id`),
  ADD KEY `account_userfollowunfollow_user_id_38147bf6_fk_auth_user_id` (`user_id`),
  ADD KEY `account_userfollowunfollow_followed_id_fa6fee53_fk_auth_user_id` (`followed_id`);

--
-- Indexes for table `account_userupdate`
--
ALTER TABLE `account_userupdate`
  ADD PRIMARY KEY (`id`),
  ADD UNIQUE KEY `user_id` (`user_id`);

--
-- Indexes for table `authtoken_token`
--
ALTER TABLE `authtoken_token`
  ADD PRIMARY KEY (`key`),
  ADD UNIQUE KEY `user_id` (`user_id`);

--
-- Indexes for table `auth_group`
--
ALTER TABLE `auth_group`
  ADD PRIMARY KEY (`id`),
  ADD UNIQUE KEY `name` (`name`);

--
-- Indexes for table `auth_group_permissions`
--
ALTER TABLE `auth_group_permissions`
  ADD PRIMARY KEY (`id`),
  ADD UNIQUE KEY `auth_group_permissions_group_id_permission_id_0cd325b0_uniq` (`group_id`,`permission_id`),
  ADD KEY `auth_group_permissio_permission_id_84c5c92e_fk_auth_perm` (`permission_id`);

--
-- Indexes for table `auth_permission`
--
ALTER TABLE `auth_permission`
  ADD PRIMARY KEY (`id`),
  ADD UNIQUE KEY `auth_permission_content_type_id_codename_01ab375a_uniq` (`content_type_id`,`codename`);

--
-- Indexes for table `auth_user`
--
ALTER TABLE `auth_user`
  ADD PRIMARY KEY (`id`),
  ADD UNIQUE KEY `username` (`username`);

--
-- Indexes for table `auth_user_groups`
--
ALTER TABLE `auth_user_groups`
  ADD PRIMARY KEY (`id`),
  ADD UNIQUE KEY `auth_user_groups_user_id_group_id_94350c0c_uniq` (`user_id`,`group_id`),
  ADD KEY `auth_user_groups_group_id_97559544_fk_auth_group_id` (`group_id`);

--
-- Indexes for table `auth_user_user_permissions`
--
ALTER TABLE `auth_user_user_permissions`
  ADD PRIMARY KEY (`id`),
  ADD UNIQUE KEY `auth_user_user_permissions_user_id_permission_id_14a6b632_uniq` (`user_id`,`permission_id`),
  ADD KEY `auth_user_user_permi_permission_id_1fbb5f2c_fk_auth_perm` (`permission_id`);

--
-- Indexes for table `configuration_menu`
--
ALTER TABLE `configuration_menu`
  ADD PRIMARY KEY (`id`);

--
-- Indexes for table `configuration_page`
--
ALTER TABLE `configuration_page`
  ADD PRIMARY KEY (`id`);

--
-- Indexes for table `continents_city`
--
ALTER TABLE `continents_city`
  ADD PRIMARY KEY (`id`),
  ADD KEY `continents_city_country_id_8e5aad1a_fk_continents_country_id` (`countries_id`);

--
-- Indexes for table `continents_continents`
--
ALTER TABLE `continents_continents`
  ADD PRIMARY KEY (`id`);

--
-- Indexes for table `continents_country`
--
ALTER TABLE `continents_country`
  ADD PRIMARY KEY (`id`),
  ADD UNIQUE KEY `country_code` (`country_code`),
  ADD KEY `continents_country_continent_id_8f977d04_fk_continent` (`continent_id`);

--
-- Indexes for table `django_admin_log`
--
ALTER TABLE `django_admin_log`
  ADD PRIMARY KEY (`id`),
  ADD KEY `django_admin_log_content_type_id_c4bce8eb_fk_django_co` (`content_type_id`),
  ADD KEY `django_admin_log_user_id_c564eba6_fk_auth_user_id` (`user_id`);

--
-- Indexes for table `django_content_type`
--
ALTER TABLE `django_content_type`
  ADD PRIMARY KEY (`id`),
  ADD UNIQUE KEY `django_content_type_app_label_model_76bd3d3b_uniq` (`app_label`,`model`);

--
-- Indexes for table `django_migrations`
--
ALTER TABLE `django_migrations`
  ADD PRIMARY KEY (`id`);

--
-- Indexes for table `django_session`
--
ALTER TABLE `django_session`
  ADD PRIMARY KEY (`session_key`),
  ADD KEY `django_session_expire_date_a5c62663` (`expire_date`);

--
-- Indexes for table `fcm_django_fcmdevice`
--
ALTER TABLE `fcm_django_fcmdevice`
  ADD PRIMARY KEY (`id`),
  ADD KEY `fcm_django_fcmdevice_user_id_6cdfc0a2_fk_auth_user_id` (`user_id`),
  ADD KEY `fcm_django_fcmdevice_device_id_a9406c36` (`device_id`);

--
-- Indexes for table `inspiration_inspcomment`
--
ALTER TABLE `inspiration_inspcomment`
  ADD PRIMARY KEY (`comment_id`),
  ADD KEY `inspiration_comment_insp_id_ad951927_fk_inspirati` (`insp_id`),
  ADD KEY `inspiration_comment_user_id_f3d5bccd_fk_auth_user_id` (`user_id`);

--
-- Indexes for table `inspiration_inspiration`
--
ALTER TABLE `inspiration_inspiration`
  ADD PRIMARY KEY (`insp_id`),
  ADD KEY `inspiration_inspiration_user_id_d2f9f460_fk_auth_user_id` (`user_id`);

--
-- Indexes for table `inspiration_inspirationfavorites`
--
ALTER TABLE `inspiration_inspirationfavorites`
  ADD PRIMARY KEY (`favid`),
  ADD KEY `inspiration_inspirat_inspiration_id_4a925052_fk_inspirati` (`inspiration_id`),
  ADD KEY `inspiration_inspirat_user_id_5eb04519_fk_auth_user` (`user_id`);

--
-- Indexes for table `inspiration_inspirationlikes`
--
ALTER TABLE `inspiration_inspirationlikes`
  ADD PRIMARY KEY (`likeid`),
  ADD KEY `inspiration_inspirat_inspiration_id_1cebae1d_fk_inspirati` (`inspiration_id`),
  ADD KEY `inspiration_inspirationlikes_user_id_e9d9c1ea_fk_auth_user_id` (`user_id`);

--
-- Indexes for table `inspiration_inspirationreview`
--
ALTER TABLE `inspiration_inspirationreview`
  ADD PRIMARY KEY (`review_id`),
  ADD KEY `inspiration_inspirat_inspiration_id_64069944_fk_inspirati` (`inspiration_id`),
  ADD KEY `inspiration_inspirationreview_user_id_4a156a4b_fk_auth_user_id` (`user_id`);

--
-- Indexes for table `itinerary_activities`
--
ALTER TABLE `itinerary_activities`
  ADD PRIMARY KEY (`id`);

--
-- Indexes for table `itinerary_comment`
--
ALTER TABLE `itinerary_comment`
  ADD PRIMARY KEY (`comment_id`),
  ADD KEY `itinerary_comment_it_id_5a971e3a_fk_itinerary_itinerary_id` (`it_id`),
  ADD KEY `itinerary_comment_user_id_a430071f_fk_auth_user_id` (`user_id`);

--
-- Indexes for table `itinerary_daybydayactivities`
--
ALTER TABLE `itinerary_daybydayactivities`
  ADD PRIMARY KEY (`id`),
  ADD KEY `itinerary_activities_activity_rating_id_be6ab755_fk_trip_rati` (`activity_rating_id`),
  ADD KEY `itinerary_activities_itinerary_id_8dc43b22_fk_itinerary` (`itinerary_id`),
  ADD KEY `itinerary_daybydayac_day_id_f08f2316_fk_itinerary` (`day_id`),
  ADD KEY `itinerary_daybydayac_city_id_c7e87c3a_fk_continent` (`city_id`),
  ADD KEY `itinerary_daybydayac_country_id_33635795_fk_continent` (`country_id`);

--
-- Indexes for table `itinerary_daybydayactivitytips`
--
ALTER TABLE `itinerary_daybydayactivitytips`
  ADD PRIMARY KEY (`id`),
  ADD KEY `itinerary_daybydayac_activity_id_8672fdaa_fk_itinerary` (`activity_id`),
  ADD KEY `itinerary_daybydayac_day_id_b143d883_fk_itinerary` (`day_id`),
  ADD KEY `itinerary_daybydayac_itinerary_id_fb3209de_fk_itinerary` (`itinerary_id`);

--
-- Indexes for table `itinerary_daybydayadddays`
--
ALTER TABLE `itinerary_daybydayadddays`
  ADD PRIMARY KEY (`id`),
  ADD KEY `itinerary_daybydayad_itinerary_id_aa4b4e36_fk_itinerary` (`itinerary_id`),
  ADD KEY `itinerary_daybydayad_dining_rating_id_b9add3a4_fk_trip_rati` (`dining_rating_id`),
  ADD KEY `itinerary_daybydayad_mealsprice_id_ceafdc6e_fk_trip_meal` (`mealsprice_id`);

--
-- Indexes for table `itinerary_daybydayaddphotos`
--
ALTER TABLE `itinerary_daybydayaddphotos`
  ADD PRIMARY KEY (`id`),
  ADD KEY `itinerary_daybydayad_daybyday_id_113d54d8_fk_itinerary` (`daybyday_id`),
  ADD KEY `itinerary_daybydayad_itinerary_id_4bf4446b_fk_itinerary` (`itinerary_id`);

--
-- Indexes for table `itinerary_diningtips`
--
ALTER TABLE `itinerary_diningtips`
  ADD PRIMARY KEY (`id`),
  ADD KEY `itinerary_itineraryd_itinerary_id_8300300e_fk_itinerary` (`itinerary_id`),
  ADD KEY `itinerary_diningtips_day_id_ec972f91_fk_itinerary` (`day_id`);

--
-- Indexes for table `itinerary_favoritesitinerary`
--
ALTER TABLE `itinerary_favoritesitinerary`
  ADD PRIMARY KEY (`favid`),
  ADD KEY `itinerary_favoritesi_itinerary_id_9b21be6a_fk_itinerary` (`itinerary_id`),
  ADD KEY `itinerary_favoritesitinerary_user_id_b282d57d_fk_auth_user_id` (`user_id`);

--
-- Indexes for table `itinerary_itinerary`
--
ALTER TABLE `itinerary_itinerary`
  ADD PRIMARY KEY (`id`),
  ADD UNIQUE KEY `itinerary_itinerary_trip_name_82a28463_uniq` (`trip_name`),
  ADD KEY `itinerary_itinerary_stayed_id_d7effa14_fk_trip_stayedat_id` (`stayed_id`),
  ADD KEY `itinerary_itinerary_travel_with_id_92be5abb_fk_trip_trav` (`travel_with_id`),
  ADD KEY `itinerary_itinerary_traveling_for_id_86e7861f_fk_trip_trav` (`traveling_for_id`),
  ADD KEY `itinerary_itinerary_user_id_41d32720_fk_auth_user_id` (`user_id`),
  ADD KEY `itinerary_itinerary_rating_id_b78666dc_fk_trip_ratingtype_id` (`rating_id`),
  ADD KEY `itinerary_itinerary_tripstatus_id_72ae897d_fk_trip_tripstatus_id` (`tripstatus_id`),
  ADD KEY `itinerary_itinerary_diningprefrence_id_799f2d5d_fk_trip_dini` (`diningprefrence_id`) USING BTREE;

--
-- Indexes for table `itinerary_itinerarycity`
--
ALTER TABLE `itinerary_itinerarycity`
  ADD PRIMARY KEY (`id`),
  ADD KEY `itinerary_itinerarycity_city_id_543c5a86_fk_continents_city_id` (`city_id`),
  ADD KEY `itinerary_itineraryc_country_id_1a071186_fk_continent` (`country_id`),
  ADD KEY `itinerary_itineraryc_itinerary_id_f2299ba6_fk_itinerary` (`itinerary_id`);

--
-- Indexes for table `itinerary_itinerary_place`
--
ALTER TABLE `itinerary_itinerary_place`
  ADD PRIMARY KEY (`id`),
  ADD UNIQUE KEY `itinerary_itinerary_place_itinerary_id_places_id_ef70d841_uniq` (`itinerary_id`,`places_id`),
  ADD KEY `itinerary_itinerary_place_places_id_212afa24_fk_trip_places_id` (`places_id`);

--
-- Indexes for table `itinerary_itinerary_searchfor`
--
ALTER TABLE `itinerary_itinerary_searchfor`
  ADD PRIMARY KEY (`id`),
  ADD UNIQUE KEY `itinerary_itinerary_sear_itinerary_id_searchingfo_38566ff4_uniq` (`itinerary_id`,`searchingfor_id`),
  ADD KEY `itinerary_itinerary__searchingfor_id_b2845d07_fk_trip_sear` (`searchingfor_id`);

--
-- Indexes for table `itinerary_ittransportation`
--
ALTER TABLE `itinerary_ittransportation`
  ADD PRIMARY KEY (`id`),
  ADD KEY `itinerary_ittranspor_carrier_id_257f435f_fk_trip_carr` (`carrier_id`),
  ADD KEY `itinerary_ittranspor_itinerary_id_968729af_fk_itinerary` (`itinerary_id`),
  ADD KEY `itinerary_ittranspor_rating_id_eed50a12_fk_trip_rati` (`rating_id`) USING BTREE;

--
-- Indexes for table `itinerary_ittransportationtrips`
--
ALTER TABLE `itinerary_ittransportationtrips`
  ADD PRIMARY KEY (`id`),
  ADD KEY `itinerary_ittranspor_itinerary_id_74866937_fk_itinerary` (`itinerary_id`),
  ADD KEY `itinerary_ittranspor_ittransportation_id_2ad21db4_fk_itinerary` (`ittransportation_id`);

--
-- Indexes for table `itinerary_leveragetrips`
--
ALTER TABLE `itinerary_leveragetrips`
  ADD PRIMARY KEY (`id`),
  ADD KEY `itinerary_leveragetr_itinerary_id_dcc6416a_fk_itinerary` (`itinerary_id`);

--
-- Indexes for table `itinerary_likesitinerary`
--
ALTER TABLE `itinerary_likesitinerary`
  ADD PRIMARY KEY (`likeid`),
  ADD KEY `itinerary_likesitine_itinerary_id_481cc7e3_fk_itinerary` (`itinerary_id`),
  ADD KEY `itinerary_likesitinerary_user_id_c36d0963_fk_auth_user_id` (`user_id`);

--
-- Indexes for table `itinerary_lodgingphoto`
--
ALTER TABLE `itinerary_lodgingphoto`
  ADD PRIMARY KEY (`id`),
  ADD KEY `itinerary_lodgingpho_itinerary_id_397c22a4_fk_itinerary` (`itinerary_id`);

--
-- Indexes for table `itinerary_lodgingtips`
--
ALTER TABLE `itinerary_lodgingtips`
  ADD PRIMARY KEY (`id`),
  ADD KEY `itinerary_lodgingtip_itinerary_id_82d56283_fk_itinerary` (`itinerary_id`);

--
-- Indexes for table `itinerary_othertravels`
--
ALTER TABLE `itinerary_othertravels`
  ADD PRIMARY KEY (`othertravel_id`),
  ADD KEY `itinerary_othertravels_city_id_0e4c025f_fk_continents_city_id` (`city_id`),
  ADD KEY `itinerary_othertrave_country_id_57383840_fk_continent` (`country_id`),
  ADD KEY `itinerary_othertrave_itinerary_id_7742d4f3_fk_itinerary` (`itinerary_id`),
  ADD KEY `itinerary_othertravels_month_id_a9f0404d_fk_trip_months_id` (`month_id`),
  ADD KEY `itinerary_othertravels_stay_plan_id_050c8d68_fk_trip_stayplan_id` (`stay_plan_id`),
  ADD KEY `itinerary_othertravels_user_id_e770e4c3_fk_auth_user_id` (`user_id`);

--
-- Indexes for table `itinerary_review`
--
ALTER TABLE `itinerary_review`
  ADD PRIMARY KEY (`review_id`),
  ADD KEY `itinerary_review_user_id_id_fc8c585c` (`user_id`),
  ADD KEY `itinerary_review_itinerary_id_333d0b22_fk_itinerary_itinerary_id` (`itinerary_id`);

--
-- Indexes for table `itinerary_sharephoto`
--
ALTER TABLE `itinerary_sharephoto`
  ADD PRIMARY KEY (`id`),
  ADD KEY `itinerary_sharephoto_itinerary_id_d0e7940e_fk_itinerary` (`itinerary_id`);

--
-- Indexes for table `itinerary_transportationtips`
--
ALTER TABLE `itinerary_transportationtips`
  ADD PRIMARY KEY (`id`),
  ADD KEY `itinerary_transporta_itinerary_id_f8dd23b2_fk_itinerary` (`itinerary_id`);

--
-- Indexes for table `notification_notification`
--
ALTER TABLE `notification_notification`
  ADD PRIMARY KEY (`notify_id`),
  ADD KEY `notification_notification_receiver_id_373413bd_fk_auth_user_id` (`receiver_id`),
  ADD KEY `notification_notification_sender_id_1f59f8e1_fk_auth_user_id` (`sender_id`);

--
-- Indexes for table `pages_pages`
--
ALTER TABLE `pages_pages`
  ADD PRIMARY KEY (`id`),
  ADD UNIQUE KEY `slug` (`slug`);

--
-- Indexes for table `testimonials`
--
ALTER TABLE `testimonials`
  ADD PRIMARY KEY (`id`);

--
-- Indexes for table `testimonials_testimonials`
--
ALTER TABLE `testimonials_testimonials`
  ADD PRIMARY KEY (`id`);

--
-- Indexes for table `trip_carrier`
--
ALTER TABLE `trip_carrier`
  ADD PRIMARY KEY (`id`);

--
-- Indexes for table `trip_configure`
--
ALTER TABLE `trip_configure`
  ADD PRIMARY KEY (`id`);

--
-- Indexes for table `trip_diningpreferences`
--
ALTER TABLE `trip_diningpreferences`
  ADD PRIMARY KEY (`id`);

--
-- Indexes for table `trip_mealsprice`
--
ALTER TABLE `trip_mealsprice`
  ADD PRIMARY KEY (`id`);

--
-- Indexes for table `trip_months`
--
ALTER TABLE `trip_months`
  ADD PRIMARY KEY (`id`);

--
-- Indexes for table `trip_places`
--
ALTER TABLE `trip_places`
  ADD PRIMARY KEY (`id`);

--
-- Indexes for table `trip_preferences`
--
ALTER TABLE `trip_preferences`
  ADD PRIMARY KEY (`id`);

--
-- Indexes for table `trip_ratingtype`
--
ALTER TABLE `trip_ratingtype`
  ADD PRIMARY KEY (`id`);

--
-- Indexes for table `trip_searchingfor`
--
ALTER TABLE `trip_searchingfor`
  ADD PRIMARY KEY (`id`);

--
-- Indexes for table `trip_slider`
--
ALTER TABLE `trip_slider`
  ADD PRIMARY KEY (`id`);

--
-- Indexes for table `trip_stayedat`
--
ALTER TABLE `trip_stayedat`
  ADD PRIMARY KEY (`id`);

--
-- Indexes for table `trip_stayplan`
--
ALTER TABLE `trip_stayplan`
  ADD PRIMARY KEY (`id`);

--
-- Indexes for table `trip_transportation`
--
ALTER TABLE `trip_transportation`
  ADD PRIMARY KEY (`id`);

--
-- Indexes for table `trip_travelingfor`
--
ALTER TABLE `trip_travelingfor`
  ADD PRIMARY KEY (`id`);

--
-- Indexes for table `trip_travelingwith`
--
ALTER TABLE `trip_travelingwith`
  ADD PRIMARY KEY (`id`);

--
-- Indexes for table `trip_tripstatus`
--
ALTER TABLE `trip_tripstatus`
  ADD PRIMARY KEY (`id`);

--
-- AUTO_INCREMENT for dumped tables
--

--
-- AUTO_INCREMENT for table `account_feedback`
--
ALTER TABLE `account_feedback`
  MODIFY `feedback_id` int(11) NOT NULL AUTO_INCREMENT, AUTO_INCREMENT=4;

--
-- AUTO_INCREMENT for table `account_tracklogins`
--
ALTER TABLE `account_tracklogins`
  MODIFY `user_track_id` int(11) NOT NULL AUTO_INCREMENT;

--
-- AUTO_INCREMENT for table `account_userdetail`
--
ALTER TABLE `account_userdetail`
  MODIFY `user_detail_id` int(11) NOT NULL AUTO_INCREMENT, AUTO_INCREMENT=88;

--
-- AUTO_INCREMENT for table `account_userfollowunfollow`
--
ALTER TABLE `account_userfollowunfollow`
  MODIFY `id` int(11) NOT NULL AUTO_INCREMENT, AUTO_INCREMENT=62;

--
-- AUTO_INCREMENT for table `account_userupdate`
--
ALTER TABLE `account_userupdate`
  MODIFY `id` int(11) NOT NULL AUTO_INCREMENT;

--
-- AUTO_INCREMENT for table `auth_group`
--
ALTER TABLE `auth_group`
  MODIFY `id` int(11) NOT NULL AUTO_INCREMENT;

--
-- AUTO_INCREMENT for table `auth_group_permissions`
--
ALTER TABLE `auth_group_permissions`
  MODIFY `id` int(11) NOT NULL AUTO_INCREMENT;

--
-- AUTO_INCREMENT for table `auth_permission`
--
ALTER TABLE `auth_permission`
  MODIFY `id` int(11) NOT NULL AUTO_INCREMENT, AUTO_INCREMENT=295;

--
-- AUTO_INCREMENT for table `auth_user`
--
ALTER TABLE `auth_user`
  MODIFY `id` int(11) NOT NULL AUTO_INCREMENT, AUTO_INCREMENT=167;

--
-- AUTO_INCREMENT for table `auth_user_groups`
--
ALTER TABLE `auth_user_groups`
  MODIFY `id` int(11) NOT NULL AUTO_INCREMENT;

--
-- AUTO_INCREMENT for table `auth_user_user_permissions`
--
ALTER TABLE `auth_user_user_permissions`
  MODIFY `id` int(11) NOT NULL AUTO_INCREMENT;

--
-- AUTO_INCREMENT for table `configuration_menu`
--
ALTER TABLE `configuration_menu`
  MODIFY `id` int(11) NOT NULL AUTO_INCREMENT, AUTO_INCREMENT=19;

--
-- AUTO_INCREMENT for table `configuration_page`
--
ALTER TABLE `configuration_page`
  MODIFY `id` int(11) NOT NULL AUTO_INCREMENT, AUTO_INCREMENT=14;

--
-- AUTO_INCREMENT for table `continents_city`
--
ALTER TABLE `continents_city`
  MODIFY `id` int(11) NOT NULL AUTO_INCREMENT, AUTO_INCREMENT=194;

--
-- AUTO_INCREMENT for table `continents_continents`
--
ALTER TABLE `continents_continents`
  MODIFY `id` int(11) NOT NULL AUTO_INCREMENT, AUTO_INCREMENT=12;

--
-- AUTO_INCREMENT for table `continents_country`
--
ALTER TABLE `continents_country`
  MODIFY `id` int(11) NOT NULL AUTO_INCREMENT, AUTO_INCREMENT=228;

--
-- AUTO_INCREMENT for table `django_admin_log`
--
ALTER TABLE `django_admin_log`
  MODIFY `id` int(11) NOT NULL AUTO_INCREMENT, AUTO_INCREMENT=879;

--
-- AUTO_INCREMENT for table `django_content_type`
--
ALTER TABLE `django_content_type`
  MODIFY `id` int(11) NOT NULL AUTO_INCREMENT, AUTO_INCREMENT=76;

--
-- AUTO_INCREMENT for table `django_migrations`
--
ALTER TABLE `django_migrations`
  MODIFY `id` int(11) NOT NULL AUTO_INCREMENT, AUTO_INCREMENT=224;

--
-- AUTO_INCREMENT for table `fcm_django_fcmdevice`
--
ALTER TABLE `fcm_django_fcmdevice`
  MODIFY `id` int(11) NOT NULL AUTO_INCREMENT, AUTO_INCREMENT=61;

--
-- AUTO_INCREMENT for table `inspiration_inspcomment`
--
ALTER TABLE `inspiration_inspcomment`
  MODIFY `comment_id` int(11) NOT NULL AUTO_INCREMENT, AUTO_INCREMENT=204;

--
-- AUTO_INCREMENT for table `inspiration_inspiration`
--
ALTER TABLE `inspiration_inspiration`
  MODIFY `insp_id` int(11) NOT NULL AUTO_INCREMENT, AUTO_INCREMENT=38;

--
-- AUTO_INCREMENT for table `inspiration_inspirationfavorites`
--
ALTER TABLE `inspiration_inspirationfavorites`
  MODIFY `favid` int(11) NOT NULL AUTO_INCREMENT, AUTO_INCREMENT=37;

--
-- AUTO_INCREMENT for table `inspiration_inspirationlikes`
--
ALTER TABLE `inspiration_inspirationlikes`
  MODIFY `likeid` int(11) NOT NULL AUTO_INCREMENT, AUTO_INCREMENT=22;

--
-- AUTO_INCREMENT for table `inspiration_inspirationreview`
--
ALTER TABLE `inspiration_inspirationreview`
  MODIFY `review_id` int(11) NOT NULL AUTO_INCREMENT, AUTO_INCREMENT=14;

--
-- AUTO_INCREMENT for table `itinerary_activities`
--
ALTER TABLE `itinerary_activities`
  MODIFY `id` int(11) NOT NULL AUTO_INCREMENT;

--
-- AUTO_INCREMENT for table `itinerary_comment`
--
ALTER TABLE `itinerary_comment`
  MODIFY `comment_id` int(11) NOT NULL AUTO_INCREMENT, AUTO_INCREMENT=32;

--
-- AUTO_INCREMENT for table `itinerary_daybydayactivities`
--
ALTER TABLE `itinerary_daybydayactivities`
  MODIFY `id` int(11) NOT NULL AUTO_INCREMENT, AUTO_INCREMENT=233;

--
-- AUTO_INCREMENT for table `itinerary_daybydayactivitytips`
--
ALTER TABLE `itinerary_daybydayactivitytips`
  MODIFY `id` int(11) NOT NULL AUTO_INCREMENT, AUTO_INCREMENT=111;

--
-- AUTO_INCREMENT for table `itinerary_daybydayadddays`
--
ALTER TABLE `itinerary_daybydayadddays`
  MODIFY `id` int(11) NOT NULL AUTO_INCREMENT, AUTO_INCREMENT=352;

--
-- AUTO_INCREMENT for table `itinerary_daybydayaddphotos`
--
ALTER TABLE `itinerary_daybydayaddphotos`
  MODIFY `id` int(11) NOT NULL AUTO_INCREMENT, AUTO_INCREMENT=100;

--
-- AUTO_INCREMENT for table `itinerary_diningtips`
--
ALTER TABLE `itinerary_diningtips`
  MODIFY `id` int(11) NOT NULL AUTO_INCREMENT, AUTO_INCREMENT=197;

--
-- AUTO_INCREMENT for table `itinerary_favoritesitinerary`
--
ALTER TABLE `itinerary_favoritesitinerary`
  MODIFY `favid` int(11) NOT NULL AUTO_INCREMENT, AUTO_INCREMENT=83;

--
-- AUTO_INCREMENT for table `itinerary_itinerary`
--
ALTER TABLE `itinerary_itinerary`
  MODIFY `id` int(11) NOT NULL AUTO_INCREMENT, AUTO_INCREMENT=369;

--
-- AUTO_INCREMENT for table `itinerary_itinerarycity`
--
ALTER TABLE `itinerary_itinerarycity`
  MODIFY `id` int(11) NOT NULL AUTO_INCREMENT, AUTO_INCREMENT=112;

--
-- AUTO_INCREMENT for table `itinerary_itinerary_place`
--
ALTER TABLE `itinerary_itinerary_place`
  MODIFY `id` int(11) NOT NULL AUTO_INCREMENT, AUTO_INCREMENT=278;

--
-- AUTO_INCREMENT for table `itinerary_itinerary_searchfor`
--
ALTER TABLE `itinerary_itinerary_searchfor`
  MODIFY `id` int(11) NOT NULL AUTO_INCREMENT, AUTO_INCREMENT=188;

--
-- AUTO_INCREMENT for table `itinerary_ittransportation`
--
ALTER TABLE `itinerary_ittransportation`
  MODIFY `id` int(11) NOT NULL AUTO_INCREMENT, AUTO_INCREMENT=354;

--
-- AUTO_INCREMENT for table `itinerary_ittransportationtrips`
--
ALTER TABLE `itinerary_ittransportationtrips`
  MODIFY `id` int(11) NOT NULL AUTO_INCREMENT, AUTO_INCREMENT=268;

--
-- AUTO_INCREMENT for table `itinerary_leveragetrips`
--
ALTER TABLE `itinerary_leveragetrips`
  MODIFY `id` int(11) NOT NULL AUTO_INCREMENT, AUTO_INCREMENT=261;

--
-- AUTO_INCREMENT for table `itinerary_likesitinerary`
--
ALTER TABLE `itinerary_likesitinerary`
  MODIFY `likeid` int(11) NOT NULL AUTO_INCREMENT, AUTO_INCREMENT=59;

--
-- AUTO_INCREMENT for table `itinerary_lodgingphoto`
--
ALTER TABLE `itinerary_lodgingphoto`
  MODIFY `id` int(11) NOT NULL AUTO_INCREMENT, AUTO_INCREMENT=199;

--
-- AUTO_INCREMENT for table `itinerary_lodgingtips`
--
ALTER TABLE `itinerary_lodgingtips`
  MODIFY `id` int(11) NOT NULL AUTO_INCREMENT, AUTO_INCREMENT=253;

--
-- AUTO_INCREMENT for table `itinerary_othertravels`
--
ALTER TABLE `itinerary_othertravels`
  MODIFY `othertravel_id` int(11) NOT NULL AUTO_INCREMENT;

--
-- AUTO_INCREMENT for table `itinerary_review`
--
ALTER TABLE `itinerary_review`
  MODIFY `review_id` int(11) NOT NULL AUTO_INCREMENT, AUTO_INCREMENT=19;

--
-- AUTO_INCREMENT for table `itinerary_sharephoto`
--
ALTER TABLE `itinerary_sharephoto`
  MODIFY `id` int(11) NOT NULL AUTO_INCREMENT, AUTO_INCREMENT=108;

--
-- AUTO_INCREMENT for table `itinerary_transportationtips`
--
ALTER TABLE `itinerary_transportationtips`
  MODIFY `id` int(11) NOT NULL AUTO_INCREMENT;

--
-- AUTO_INCREMENT for table `notification_notification`
--
ALTER TABLE `notification_notification`
  MODIFY `notify_id` int(11) NOT NULL AUTO_INCREMENT, AUTO_INCREMENT=10;

--
-- AUTO_INCREMENT for table `pages_pages`
--
ALTER TABLE `pages_pages`
  MODIFY `id` int(11) NOT NULL AUTO_INCREMENT, AUTO_INCREMENT=10;

--
-- AUTO_INCREMENT for table `testimonials`
--
ALTER TABLE `testimonials`
  MODIFY `id` int(11) NOT NULL AUTO_INCREMENT;

--
-- AUTO_INCREMENT for table `testimonials_testimonials`
--
ALTER TABLE `testimonials_testimonials`
  MODIFY `id` int(11) NOT NULL AUTO_INCREMENT;

--
-- AUTO_INCREMENT for table `trip_carrier`
--
ALTER TABLE `trip_carrier`
  MODIFY `id` int(11) NOT NULL AUTO_INCREMENT, AUTO_INCREMENT=9;

--
-- AUTO_INCREMENT for table `trip_configure`
--
ALTER TABLE `trip_configure`
  MODIFY `id` int(11) NOT NULL AUTO_INCREMENT, AUTO_INCREMENT=2;

--
-- AUTO_INCREMENT for table `trip_diningpreferences`
--
ALTER TABLE `trip_diningpreferences`
  MODIFY `id` int(11) NOT NULL AUTO_INCREMENT, AUTO_INCREMENT=12;

--
-- AUTO_INCREMENT for table `trip_mealsprice`
--
ALTER TABLE `trip_mealsprice`
  MODIFY `id` int(11) NOT NULL AUTO_INCREMENT, AUTO_INCREMENT=8;

--
-- AUTO_INCREMENT for table `trip_months`
--
ALTER TABLE `trip_months`
  MODIFY `id` int(11) NOT NULL AUTO_INCREMENT, AUTO_INCREMENT=13;

--
-- AUTO_INCREMENT for table `trip_places`
--
ALTER TABLE `trip_places`
  MODIFY `id` int(11) NOT NULL AUTO_INCREMENT, AUTO_INCREMENT=30;

--
-- AUTO_INCREMENT for table `trip_preferences`
--
ALTER TABLE `trip_preferences`
  MODIFY `id` int(11) NOT NULL AUTO_INCREMENT, AUTO_INCREMENT=9;

--
-- AUTO_INCREMENT for table `trip_ratingtype`
--
ALTER TABLE `trip_ratingtype`
  MODIFY `id` int(11) NOT NULL AUTO_INCREMENT, AUTO_INCREMENT=6;

--
-- AUTO_INCREMENT for table `trip_searchingfor`
--
ALTER TABLE `trip_searchingfor`
  MODIFY `id` int(11) NOT NULL AUTO_INCREMENT, AUTO_INCREMENT=11;

--
-- AUTO_INCREMENT for table `trip_slider`
--
ALTER TABLE `trip_slider`
  MODIFY `id` int(11) NOT NULL AUTO_INCREMENT, AUTO_INCREMENT=5;

--
-- AUTO_INCREMENT for table `trip_stayedat`
--
ALTER TABLE `trip_stayedat`
  MODIFY `id` int(11) NOT NULL AUTO_INCREMENT, AUTO_INCREMENT=8;

--
-- AUTO_INCREMENT for table `trip_stayplan`
--
ALTER TABLE `trip_stayplan`
  MODIFY `id` int(11) NOT NULL AUTO_INCREMENT, AUTO_INCREMENT=7;

--
-- AUTO_INCREMENT for table `trip_transportation`
--
ALTER TABLE `trip_transportation`
  MODIFY `id` int(11) NOT NULL AUTO_INCREMENT, AUTO_INCREMENT=7;

--
-- AUTO_INCREMENT for table `trip_travelingfor`
--
ALTER TABLE `trip_travelingfor`
  MODIFY `id` int(11) NOT NULL AUTO_INCREMENT, AUTO_INCREMENT=4;

--
-- AUTO_INCREMENT for table `trip_travelingwith`
--
ALTER TABLE `trip_travelingwith`
  MODIFY `id` int(11) NOT NULL AUTO_INCREMENT, AUTO_INCREMENT=7;

--
-- AUTO_INCREMENT for table `trip_tripstatus`
--
ALTER TABLE `trip_tripstatus`
  MODIFY `id` int(11) NOT NULL AUTO_INCREMENT, AUTO_INCREMENT=6;

--
-- Constraints for dumped tables
--

--
-- Constraints for table `account_feedback`
--
ALTER TABLE `account_feedback`
  ADD CONSTRAINT `account_feedback_user_id_d72751ae_fk_auth_user_id` FOREIGN KEY (`user_id`) REFERENCES `auth_user` (`id`);

--
-- Constraints for table `account_tracklogins`
--
ALTER TABLE `account_tracklogins`
  ADD CONSTRAINT `account_tracklogins_user_id_435cc561_fk_auth_user_id` FOREIGN KEY (`user_id`) REFERENCES `auth_user` (`id`);

--
-- Constraints for table `account_userdetail`
--
ALTER TABLE `account_userdetail`
  ADD CONSTRAINT `account_userdetail_city_id_f10640ac_fk_continents_city_id` FOREIGN KEY (`city_id`) REFERENCES `continents_city` (`id`),
  ADD CONSTRAINT `account_userdetail_country_id_5ae0658b_fk_continents_country_id` FOREIGN KEY (`country_id`) REFERENCES `continents_country` (`id`),
  ADD CONSTRAINT `account_userdetail_user_id_d5862eca_fk_auth_user_id` FOREIGN KEY (`user_id`) REFERENCES `auth_user` (`id`);

--
-- Constraints for table `account_userfollowunfollow`
--
ALTER TABLE `account_userfollowunfollow`
  ADD CONSTRAINT `account_userfollowunfollow_followed_id_fa6fee53_fk_auth_user_id` FOREIGN KEY (`followed_id`) REFERENCES `auth_user` (`id`),
  ADD CONSTRAINT `account_userfollowunfollow_user_id_38147bf6_fk_auth_user_id` FOREIGN KEY (`user_id`) REFERENCES `auth_user` (`id`);

--
-- Constraints for table `account_userupdate`
--
ALTER TABLE `account_userupdate`
  ADD CONSTRAINT `account_userupdate_user_id_1f217a48_fk_auth_user_id` FOREIGN KEY (`user_id`) REFERENCES `auth_user` (`id`);

--
-- Constraints for table `authtoken_token`
--
ALTER TABLE `authtoken_token`
  ADD CONSTRAINT `authtoken_token_user_id_35299eff_fk_auth_user_id` FOREIGN KEY (`user_id`) REFERENCES `auth_user` (`id`);

--
-- Constraints for table `auth_group_permissions`
--
ALTER TABLE `auth_group_permissions`
  ADD CONSTRAINT `auth_group_permissio_permission_id_84c5c92e_fk_auth_perm` FOREIGN KEY (`permission_id`) REFERENCES `auth_permission` (`id`),
  ADD CONSTRAINT `auth_group_permissions_group_id_b120cbf9_fk_auth_group_id` FOREIGN KEY (`group_id`) REFERENCES `auth_group` (`id`);

--
-- Constraints for table `auth_permission`
--
ALTER TABLE `auth_permission`
  ADD CONSTRAINT `auth_permission_content_type_id_2f476e4b_fk_django_co` FOREIGN KEY (`content_type_id`) REFERENCES `django_content_type` (`id`);

--
-- Constraints for table `auth_user_groups`
--
ALTER TABLE `auth_user_groups`
  ADD CONSTRAINT `auth_user_groups_group_id_97559544_fk_auth_group_id` FOREIGN KEY (`group_id`) REFERENCES `auth_group` (`id`),
  ADD CONSTRAINT `auth_user_groups_user_id_6a12ed8b_fk_auth_user_id` FOREIGN KEY (`user_id`) REFERENCES `auth_user` (`id`);

--
-- Constraints for table `auth_user_user_permissions`
--
ALTER TABLE `auth_user_user_permissions`
  ADD CONSTRAINT `auth_user_user_permi_permission_id_1fbb5f2c_fk_auth_perm` FOREIGN KEY (`permission_id`) REFERENCES `auth_permission` (`id`),
  ADD CONSTRAINT `auth_user_user_permissions_user_id_a95ead1b_fk_auth_user_id` FOREIGN KEY (`user_id`) REFERENCES `auth_user` (`id`);

--
-- Constraints for table `continents_city`
--
ALTER TABLE `continents_city`
  ADD CONSTRAINT `continents_city_ibfk_1` FOREIGN KEY (`countries_id`) REFERENCES `continents_country` (`id`);

--
-- Constraints for table `continents_country`
--
ALTER TABLE `continents_country`
  ADD CONSTRAINT `continents_country_continent_id_8f977d04_fk_continent` FOREIGN KEY (`continent_id`) REFERENCES `continents_continents` (`id`);

--
-- Constraints for table `django_admin_log`
--
ALTER TABLE `django_admin_log`
  ADD CONSTRAINT `django_admin_log_content_type_id_c4bce8eb_fk_django_co` FOREIGN KEY (`content_type_id`) REFERENCES `django_content_type` (`id`),
  ADD CONSTRAINT `django_admin_log_user_id_c564eba6_fk_auth_user_id` FOREIGN KEY (`user_id`) REFERENCES `auth_user` (`id`);

--
-- Constraints for table `fcm_django_fcmdevice`
--
ALTER TABLE `fcm_django_fcmdevice`
  ADD CONSTRAINT `fcm_django_fcmdevice_user_id_6cdfc0a2_fk_auth_user_id` FOREIGN KEY (`user_id`) REFERENCES `auth_user` (`id`);

--
-- Constraints for table `inspiration_inspcomment`
--
ALTER TABLE `inspiration_inspcomment`
  ADD CONSTRAINT `inspiration_comment_insp_id_ad951927_fk_inspirati` FOREIGN KEY (`insp_id`) REFERENCES `inspiration_inspiration` (`insp_id`),
  ADD CONSTRAINT `inspiration_comment_user_id_f3d5bccd_fk_auth_user_id` FOREIGN KEY (`user_id`) REFERENCES `auth_user` (`id`);

--
-- Constraints for table `inspiration_inspiration`
--
ALTER TABLE `inspiration_inspiration`
  ADD CONSTRAINT `inspiration_inspiration_user_id_d2f9f460_fk_auth_user_id` FOREIGN KEY (`user_id`) REFERENCES `auth_user` (`id`);

--
-- Constraints for table `inspiration_inspirationfavorites`
--
ALTER TABLE `inspiration_inspirationfavorites`
  ADD CONSTRAINT `inspiration_inspirat_inspiration_id_4a925052_fk_inspirati` FOREIGN KEY (`inspiration_id`) REFERENCES `inspiration_inspiration` (`insp_id`),
  ADD CONSTRAINT `inspiration_inspirat_user_id_5eb04519_fk_auth_user` FOREIGN KEY (`user_id`) REFERENCES `auth_user` (`id`);

--
-- Constraints for table `inspiration_inspirationlikes`
--
ALTER TABLE `inspiration_inspirationlikes`
  ADD CONSTRAINT `inspiration_inspirat_inspiration_id_1cebae1d_fk_inspirati` FOREIGN KEY (`inspiration_id`) REFERENCES `inspiration_inspiration` (`insp_id`),
  ADD CONSTRAINT `inspiration_inspirationlikes_user_id_e9d9c1ea_fk_auth_user_id` FOREIGN KEY (`user_id`) REFERENCES `auth_user` (`id`);

--
-- Constraints for table `inspiration_inspirationreview`
--
ALTER TABLE `inspiration_inspirationreview`
  ADD CONSTRAINT `inspiration_inspirat_inspiration_id_64069944_fk_inspirati` FOREIGN KEY (`inspiration_id`) REFERENCES `inspiration_inspiration` (`insp_id`),
  ADD CONSTRAINT `inspiration_inspirationreview_user_id_4a156a4b_fk_auth_user_id` FOREIGN KEY (`user_id`) REFERENCES `auth_user` (`id`);

--
-- Constraints for table `itinerary_comment`
--
ALTER TABLE `itinerary_comment`
  ADD CONSTRAINT `itinerary_comment_it_id_5a971e3a_fk_itinerary_itinerary_id` FOREIGN KEY (`it_id`) REFERENCES `itinerary_itinerary` (`id`),
  ADD CONSTRAINT `itinerary_comment_user_id_a430071f_fk_auth_user_id` FOREIGN KEY (`user_id`) REFERENCES `auth_user` (`id`);

--
-- Constraints for table `itinerary_daybydayactivities`
--
ALTER TABLE `itinerary_daybydayactivities`
  ADD CONSTRAINT `itinerary_activities_activity_rating_id_be6ab755_fk_trip_rati` FOREIGN KEY (`activity_rating_id`) REFERENCES `trip_ratingtype` (`id`) ON DELETE CASCADE ON UPDATE CASCADE,
  ADD CONSTRAINT `itinerary_activities_itinerary_id_8dc43b22_fk_itinerary` FOREIGN KEY (`itinerary_id`) REFERENCES `itinerary_itinerary` (`id`) ON DELETE CASCADE ON UPDATE CASCADE,
  ADD CONSTRAINT `itinerary_daybydayac_city_id_c7e87c3a_fk_continent` FOREIGN KEY (`city_id`) REFERENCES `continents_city` (`id`),
  ADD CONSTRAINT `itinerary_daybydayac_country_id_33635795_fk_continent` FOREIGN KEY (`country_id`) REFERENCES `continents_country` (`id`),
  ADD CONSTRAINT `itinerary_daybydayactivities_ibfk_1` FOREIGN KEY (`day_id`) REFERENCES `itinerary_daybydayadddays` (`id`) ON UPDATE CASCADE;

--
-- Constraints for table `itinerary_daybydayactivitytips`
--
ALTER TABLE `itinerary_daybydayactivitytips`
  ADD CONSTRAINT `itinerary_daybydayac_activity_id_8672fdaa_fk_itinerary` FOREIGN KEY (`activity_id`) REFERENCES `itinerary_daybydayactivities` (`id`),
  ADD CONSTRAINT `itinerary_daybydayac_day_id_b143d883_fk_itinerary` FOREIGN KEY (`day_id`) REFERENCES `itinerary_daybydayadddays` (`id`),
  ADD CONSTRAINT `itinerary_daybydayac_itinerary_id_fb3209de_fk_itinerary` FOREIGN KEY (`itinerary_id`) REFERENCES `itinerary_itinerary` (`id`);

--
-- Constraints for table `itinerary_daybydayadddays`
--
ALTER TABLE `itinerary_daybydayadddays`
  ADD CONSTRAINT `itinerary_daybydayad_dining_rating_id_b9add3a4_fk_trip_rati` FOREIGN KEY (`dining_rating_id`) REFERENCES `trip_ratingtype` (`id`),
  ADD CONSTRAINT `itinerary_daybydayad_itinerary_id_aa4b4e36_fk_itinerary` FOREIGN KEY (`itinerary_id`) REFERENCES `itinerary_itinerary` (`id`) ON DELETE CASCADE ON UPDATE CASCADE,
  ADD CONSTRAINT `itinerary_daybydayad_mealsprice_id_ceafdc6e_fk_trip_meal` FOREIGN KEY (`mealsprice_id`) REFERENCES `trip_mealsprice` (`id`);

--
-- Constraints for table `itinerary_daybydayaddphotos`
--
ALTER TABLE `itinerary_daybydayaddphotos`
  ADD CONSTRAINT `itinerary_daybydayad_itinerary_id_4bf4446b_fk_itinerary` FOREIGN KEY (`itinerary_id`) REFERENCES `itinerary_itinerary` (`id`),
  ADD CONSTRAINT `itinerary_daybydayaddphotos_ibfk_1` FOREIGN KEY (`daybyday_id`) REFERENCES `itinerary_daybydayadddays` (`id`);

--
-- Constraints for table `itinerary_diningtips`
--
ALTER TABLE `itinerary_diningtips`
  ADD CONSTRAINT `itinerary_diningtips_ibfk_1` FOREIGN KEY (`day_id`) REFERENCES `itinerary_daybydayadddays` (`id`),
  ADD CONSTRAINT `itinerary_itineraryd_itinerary_id_8300300e_fk_itinerary` FOREIGN KEY (`itinerary_id`) REFERENCES `itinerary_itinerary` (`id`);

--
-- Constraints for table `itinerary_favoritesitinerary`
--
ALTER TABLE `itinerary_favoritesitinerary`
  ADD CONSTRAINT `itinerary_favoritesitinerary_user_id_b282d57d_fk_auth_user_id` FOREIGN KEY (`user_id`) REFERENCES `auth_user` (`id`);

--
-- Constraints for table `itinerary_itinerary`
--
ALTER TABLE `itinerary_itinerary`
  ADD CONSTRAINT `itinerary_itinerary_ibfk_1` FOREIGN KEY (`diningprefrence_id`) REFERENCES `trip_diningpreferences` (`id`),
  ADD CONSTRAINT `itinerary_itinerary_rating_id_b78666dc_fk_trip_ratingtype_id` FOREIGN KEY (`rating_id`) REFERENCES `trip_ratingtype` (`id`),
  ADD CONSTRAINT `itinerary_itinerary_stayed_id_d7effa14_fk_trip_stayedat_id` FOREIGN KEY (`stayed_id`) REFERENCES `trip_stayedat` (`id`),
  ADD CONSTRAINT `itinerary_itinerary_travel_with_id_92be5abb_fk_trip_trav` FOREIGN KEY (`travel_with_id`) REFERENCES `trip_travelingwith` (`id`),
  ADD CONSTRAINT `itinerary_itinerary_traveling_for_id_86e7861f_fk_trip_trav` FOREIGN KEY (`traveling_for_id`) REFERENCES `trip_travelingfor` (`id`),
  ADD CONSTRAINT `itinerary_itinerary_tripstatus_id_72ae897d_fk_trip_tripstatus_id` FOREIGN KEY (`tripstatus_id`) REFERENCES `trip_tripstatus` (`id`),
  ADD CONSTRAINT `itinerary_itinerary_user_id_41d32720_fk_auth_user_id` FOREIGN KEY (`user_id`) REFERENCES `auth_user` (`id`);

--
-- Constraints for table `itinerary_itinerarycity`
--
ALTER TABLE `itinerary_itinerarycity`
  ADD CONSTRAINT `itinerary_itineraryc_country_id_1a071186_fk_continent` FOREIGN KEY (`country_id`) REFERENCES `continents_country` (`id`) ON DELETE CASCADE ON UPDATE CASCADE,
  ADD CONSTRAINT `itinerary_itineraryc_itinerary_id_f2299ba6_fk_itinerary` FOREIGN KEY (`itinerary_id`) REFERENCES `itinerary_itinerary` (`id`) ON DELETE CASCADE ON UPDATE CASCADE,
  ADD CONSTRAINT `itinerary_itinerarycity_city_id_543c5a86_fk_continents_city_id` FOREIGN KEY (`city_id`) REFERENCES `continents_city` (`id`) ON DELETE CASCADE ON UPDATE CASCADE;

--
-- Constraints for table `itinerary_itinerary_place`
--
ALTER TABLE `itinerary_itinerary_place`
  ADD CONSTRAINT `itinerary_itinerary__itinerary_id_21e78fa4_fk_itinerary` FOREIGN KEY (`itinerary_id`) REFERENCES `itinerary_itinerary` (`id`),
  ADD CONSTRAINT `itinerary_itinerary_place_places_id_212afa24_fk_trip_places_id` FOREIGN KEY (`places_id`) REFERENCES `trip_places` (`id`);

--
-- Constraints for table `itinerary_itinerary_searchfor`
--
ALTER TABLE `itinerary_itinerary_searchfor`
  ADD CONSTRAINT `itinerary_itinerary__itinerary_id_cb8f6517_fk_itinerary` FOREIGN KEY (`itinerary_id`) REFERENCES `itinerary_itinerary` (`id`),
  ADD CONSTRAINT `itinerary_itinerary__searchingfor_id_b2845d07_fk_trip_sear` FOREIGN KEY (`searchingfor_id`) REFERENCES `trip_searchingfor` (`id`);

--
-- Constraints for table `itinerary_ittransportation`
--
ALTER TABLE `itinerary_ittransportation`
  ADD CONSTRAINT `itinerary_ittranspor_arrivaltrans_id_7de9e25e_fk_trip_tran` FOREIGN KEY (`rating_id`) REFERENCES `trip_transportation` (`id`),
  ADD CONSTRAINT `itinerary_ittranspor_carrier_id_257f435f_fk_trip_carr` FOREIGN KEY (`carrier_id`) REFERENCES `trip_carrier` (`id`),
  ADD CONSTRAINT `itinerary_ittranspor_itinerary_id_968729af_fk_itinerary` FOREIGN KEY (`itinerary_id`) REFERENCES `itinerary_itinerary` (`id`);

--
-- Constraints for table `itinerary_ittransportationtrips`
--
ALTER TABLE `itinerary_ittransportationtrips`
  ADD CONSTRAINT `itinerary_ittranspor_itinerary_id_74866937_fk_itinerary` FOREIGN KEY (`itinerary_id`) REFERENCES `itinerary_itinerary` (`id`) ON DELETE CASCADE ON UPDATE CASCADE,
  ADD CONSTRAINT `itinerary_ittransportationtrips_ibfk_1` FOREIGN KEY (`ittransportation_id`) REFERENCES `itinerary_ittransportation` (`id`) ON DELETE CASCADE ON UPDATE CASCADE;

--
-- Constraints for table `itinerary_leveragetrips`
--
ALTER TABLE `itinerary_leveragetrips`
  ADD CONSTRAINT `itinerary_leveragetr_itinerary_id_dcc6416a_fk_itinerary` FOREIGN KEY (`itinerary_id`) REFERENCES `itinerary_itinerary` (`id`);

--
-- Constraints for table `itinerary_lodgingphoto`
--
ALTER TABLE `itinerary_lodgingphoto`
  ADD CONSTRAINT `itinerary_lodgingpho_itinerary_id_397c22a4_fk_itinerary` FOREIGN KEY (`itinerary_id`) REFERENCES `itinerary_itinerary` (`id`);

--
-- Constraints for table `itinerary_review`
--
ALTER TABLE `itinerary_review`
  ADD CONSTRAINT `itinerary_review_ibfk_1` FOREIGN KEY (`itinerary_id`) REFERENCES `itinerary_itinerary` (`id`),
  ADD CONSTRAINT `itinerary_review_ibfk_2` FOREIGN KEY (`user_id`) REFERENCES `auth_user` (`id`);

--
-- Constraints for table `notification_notification`
--
ALTER TABLE `notification_notification`
  ADD CONSTRAINT `notification_notification_receiver_id_373413bd_fk_auth_user_id` FOREIGN KEY (`receiver_id`) REFERENCES `auth_user` (`id`),
  ADD CONSTRAINT `notification_notification_sender_id_1f59f8e1_fk_auth_user_id` FOREIGN KEY (`sender_id`) REFERENCES `auth_user` (`id`);
COMMIT;

/*!40101 SET CHARACTER_SET_CLIENT=@OLD_CHARACTER_SET_CLIENT */;
/*!40101 SET CHARACTER_SET_RESULTS=@OLD_CHARACTER_SET_RESULTS */;
/*!40101 SET COLLATION_CONNECTION=@OLD_COLLATION_CONNECTION */;
